ID,Name,Pos,Team,Value,Ownership,1_Pts,1_xMins,2_Pts,2_xMins,3_Pts,3_xMins,4_Pts,4_xMins,5_Pts,5_xMins
411,Haaland,F,MCI,15.5,71.8,5.94,85,6.11,85,7.21,85,5.60,85,6.80,85
426,B.Fernandes,M,MUN,12,48.3,7.04,90,6.76,90,5.69,90,5.48,90,5.79,90
4,Gabriel,D,ARS,8,28.2,6.82,90,4.96,90,5.26,90,5.52,90,4.87,90
154,Palmer,M,CHE,9.5,10.8,4.84,85,5.77,85,4.43,85,6.47,85,5.39,85
368,Szoboszlai,M,LIV,7,41.5,5.42,90,4.90,90,4.72,90,4.91,90,4.52,90
379,Isak,F,LIV,9,14.7,4.65,80,5.28,80,4.88,80,4.92,80,4.31,80
397,Semenyo,M,MCI,8.5,27.1,5.30,85,4.42,85,5.10,85,4.04,85,4.88,85
346,Calvert-Lewin,F,LEE,6,26.2,3.62,85,5.12,85,4.51,85,5.12,85,5.20,85
106,Thiago,F,BRE,8,17.1,4.36,85,4.61,85,5.04,85,4.62,85,4.77,85
427,Mbeumo,M,MUN,8,28.9,4.79,77,5.34,77,4.41,77,4.23,77,4.50,77
165,João Pedro,F,CHE,7.5,58.5,4.91,85,4.82,85,3.62,85,5.40,85,4.47,85
356,Virgil,D,LIV,6.5,17.5,4.17,90,5.10,90,4.66,90,5.04,90,4.19,90
208,Sarr,M,CRY,6.5,6.9,3.81,80,4.43,80,4.68,80,5.44,80,4.67,80
95,O.Dango,M,BRE,6.5,1.4,4.01,80,4.51,80,5.06,80,4.47,80,4.65,80
400,Doku,M,MCI,7.5,6.4,4.93,75,4.26,75,4.86,75,3.93,75,4.67,75
452,Bruno G.,M,ARS,7,9.5,4.09,60,4.51,77,4.79,77,4.71,77,4.52,77
236,Dewsbury-Hall,M,EVE,6.5,3.5,5.03,90,4.22,90,4.32,90,4.20,90,4.80,90
542,E.Le Fée,M,SUN,6,12.3,4.95,90,4.78,90,4.46,90,4.18,90,4.08,90
366,Wirtz,M,LIV,7.5,14.7,4.33,80,4.65,80,4.43,80,4.68,80,4.19,80
480,Gibbs-White,M,NFO,8,11.7,4.38,80,3.86,80,4.63,80,4.07,80,4.94,80
237,Ndiaye,M,EVE,6,15.6,4.63,88,4.13,88,4.23,88,4.12,88,4.69,88
481,Anderson,M,MCI,6.5,10.1,4.37,85,4.29,85,4.52,85,4.07,85,4.47,85
55,Watkins,F,AVL,8,12.5,3.61,65,3.84,80,4.71,80,4.85,80,4.33,80
387,O'Reilly,D,MCI,6.5,21.7,4.01,77,3.93,77,4.79,77,3.23,77,4.64,77
428,Cunha,M,MUN,8,11.6,4.48,70,4.56,70,3.87,70,3.73,70,3.94,70
335,Stach,M,LEE,6,1.1,4.20,80,4.16,80,3.82,80,4.14,80,4.23,80
200,Lacroix,D,CHE,6,10.8,4.04,90,4.23,90,3.23,90,5.02,90,3.94,90
445,Thiaw,D,NEW,5,1.9,2.80,80,3.86,90,4.37,90,4.10,90,5.24,90
223,Mateta,F,CRY,6.5,6.3,1.38,30,4.40,75,4.60,75,5.34,75,4.58,75
68,Tavernier,M,BOU,6,1.8,3.43,85,4.37,85,3.97,85,4.37,85,4.02,85
398,Foden,M,MCI,7,5.3,4.10,70,3.84,70,4.39,70,3.53,70,4.22,70
418,Maguire,D,MUN,5,11.2,4.92,90,4.36,90,3.80,90,3.21,90,3.71,90
15,Ødegaard,M,ARS,6.5,4.2,5.02,80,3.63,80,3.84,80,3.80,80,3.63,80
229,Tarkowski,D,EVE,6,9.6,4.28,90,3.59,90,3.78,90,3.71,90,4.56,90
124,Groß,M,BHA,5.5,11.5,4.05,85,3.71,85,4.28,85,4.10,85,3.59,85
8,Calafiori,D,ARS,5.5,23,4.77,75,3.51,75,3.75,75,3.97,75,3.44,75
327,Bijol,D,LEE,5,0.3,3.74,80,3.99,80,3.40,80,3.88,80,4.23,80
94,Schade,M,BRE,6,2.8,3.40,80,3.82,80,4.29,80,3.77,80,3.93,80
123,Hinshelwood,M,BHA,6,0.3,3.91,80,3.50,80,4.19,80,3.96,80,3.34,80
203,Canvot,D,CRY,5,0.5,3.65,80,3.27,80,3.72,80,4.27,80,3.79,80
388,Guéhi,D,MCI,6,21.2,1.99,40,3.99,80,4.73,80,3.32,80,4.64,80
469,N.Williams,D,NFO,5,11.4,4.02,90,2.76,90,4.04,90,3.27,90,4.55,90
1,Raya,G,ARS,6,32.9,4.68,90,3.35,90,3.49,90,3.84,90,3.25,90
544,Xhaka,M,SUN,5.5,4.9,3.89,80,3.88,90,3.69,90,3.52,90,3.43,90
201,Muñoz,D,CRY,5.5,11.1,3.56,80,3.14,80,3.63,80,4.38,80,3.70,80
84,Collins,D,BRE,5.5,2,3.57,90,3.65,90,4.35,90,3.30,90,3.51,90
40,Rogers,M,CHE,7.5,26.8,3.19,70,3.94,80,3.11,80,4.41,80,3.70,80
10,White,D,ARS,5.5,2.1,4.83,75,3.29,75,3.44,75,3.66,75,3.14,75
69,Scott,M,BOU,6,1.6,3.45,75,3.82,75,3.62,75,3.80,75,3.65,75
96,Damsgaard,M,BRE,5.5,0.6,3.64,70,3.60,70,3.89,70,3.56,70,3.66,70
417,Dalot,D,MUN,5,3,4.41,80,4.09,80,3.45,80,2.92,80,3.39,80
367,Gakpo,M,LIV,7,3.5,3.92,70,3.72,70,3.53,70,3.74,70,3.33,70
532,Ballard,D,SUN,5,4.6,4.14,80,4.05,80,3.55,80,3.41,80,2.89,80
13,Rice,M,ARS,7.5,20.6,0.84,15,4.19,80,4.40,80,4.36,80,4.19,80
389,Matheus N.,D,MCI,6,3.9,3.88,80,3.37,80,4.01,80,2.74,80,3.96,80
82,Kelleher,G,BRE,5,5.8,3.54,90,3.57,90,4.20,90,3.22,90,3.39,90
260,Wilson,M,LEE,6.5,7.4,3.31,70,3.70,70,3.28,70,3.69,70,3.78,70
11,Mosquera,D,ARS,5.5,12.3,4.64,80,3.18,80,3.32,80,3.58,80,3.02,80
412,Lammens,G,MUN,5,18.8,4.34,90,3.84,90,3.40,90,2.84,90,3.29,90
315,Fatawu,M,IPS,5.5,0.3,3.76,80,3.45,80,3.52,80,3.51,80,3.44,80
155,Enzo,M,CHE,7,5.4,1.51,30,4.20,80,3.20,80,4.75,80,3.91,80
45,McGinn,M,AVL,5.5,3.2,3.62,90,3.10,90,3.69,90,3.76,90,3.38,90
112,Van Hecke,D,TOT,5,8.9,3.13,80,3.50,80,3.38,80,3.85,80,3.54,80
79,Evanilson,F,BOU,6,2.1,3.20,80,3.65,80,3.40,80,3.69,80,3.44,80
338,Ampadu,M,LEE,5.5,1.6,3.41,80,3.52,80,3.32,80,3.50,80,3.57,80
261,Iwobi,M,FUL,5.5,1,3.73,75,3.38,75,3.63,75,3.10,75,3.39,75
467,Sels,G,NFO,5,1.6,3.75,90,2.65,90,3.62,90,3.08,90,4.03,90
61,Truffert,D,BOU,5.5,4.9,2.56,90,4.16,90,3.21,90,3.89,90,3.30,90
140,Sánchez,G,CHE,5,2.1,3.41,90,3.50,90,2.67,90,4.30,90,3.23,90
390,Rúben,D,MCI,5.5,1.6,3.57,75,3.27,75,3.77,75,2.72,75,3.76,75
514,Tel,M,TOT,6,0.6,3.66,70,3.42,70,3.17,70,3.44,70,3.34,70
385,Trafford,G,LEE,5,2.7,3.33,90,3.53,90,2.94,90,3.39,90,3.79,90
60,Hill,D,BOU,5.5,1.1,2.67,90,4.05,90,3.20,90,3.76,90,3.27,90
329,Rodon,D,LEE,4.5,2.3,3.32,90,3.53,90,2.87,90,3.39,90,3.80,90
447,Botman,D,NEW,5,0.4,2.95,69,3.20,69,3.42,69,3.37,69,3.96,69
28,Martinez,G,AVL,5,4.9,2.96,90,3.03,90,3.83,90,3.85,90,3.22,90
423,Shaw,D,MUN,4.5,23.3,4.53,90,3.56,90,3.15,90,2.58,90,3.04,90
295,McBurnie,F,HUL,5.5,1.4,3.29,85,3.65,85,3.58,85,3.14,85,3.17,85
491,Igor Jesus,F,NFO,6,5.4,3.38,75,3.04,75,3.48,75,3.15,75,3.65,75
498,Senesi,D,TOT,6,9.8,3.07,70,3.34,70,3.23,70,3.64,70,3.37,70
350,A.Becker,G,LIV,5.5,3.9,3.02,90,3.71,90,3.32,90,3.63,90,2.94,90
384,Donnarumma,G,MCI,5.5,10.4,3.22,90,3.21,90,3.78,90,2.59,90,3.78,90
67,Rayan,M,BOU,6.5,3.2,2.82,75,3.58,75,3.26,75,3.58,75,3.30,75
54,Gomes,M,AVL,5.5,0.2,3.22,80,3.15,80,3.41,80,3.42,80,3.27,80
371,Gravenberch,M,LIV,6,2,3.37,80,3.34,80,3.23,80,3.34,80,3.11,80
36,Maatsen,D,AVL,4.5,0.8,3.12,77,2.83,77,3.64,77,3.68,77,3.07,77
552,Brobbey,F,SUN,6,15.7,3.39,75,3.68,75,3.31,75,2.98,75,2.95,75
43,Tielemans,M,MUN,6,2,3.47,70,3.46,70,3.15,70,3.05,70,3.17,70
453,Barnes,M,NEW,6,1.2,2.77,60,3.09,60,3.47,60,3.14,60,3.79,60
87,Ajer,D,BRE,4.5,2,3.31,80,3.21,80,3.75,80,2.89,80,3.06,80
569,Gonzalo,F,FUL,6,1.8,3.25,75,3.37,75,3.54,75,2.96,75,3.09,75
488,Sangaré,M,NFO,5,0.7,3.36,80,3.02,80,3.30,80,3.12,80,3.40,80
336,Okafor,M,LEE,6,0.6,2.85,60,3.43,60,2.99,60,3.42,60,3.50,60
159,Caicedo,M,CHE,5.5,4,3.51,90,3.23,90,2.82,90,3.47,90,3.12,90
449,Hall,D,NEW,5,3.8,2.45,80,2.95,90,3.37,90,3.18,90,4.19,90
210,Wharton,M,CRY,5.5,0.6,3.25,75,3.05,75,3.18,75,3.44,75,3.18,75
86,Lewis-Potter,M,BRE,5.5,0.5,3.21,70,3.16,70,3.40,70,3.12,70,3.20,70
357,Frimpong,D,LIV,5.5,3.1,3.37,80,3.46,80,3.07,80,3.40,80,2.69,80
130,Wieffer,D,BHA,5,0.3,3.29,80,2.65,80,3.76,80,3.50,80,2.77,80
122,Minteh,M,BHA,6,0.4,2.26,45,3.21,80,3.78,80,3.59,80,3.10,80
73,Adams,M,BOU,5,0.6,2.97,90,3.34,90,3.13,90,3.30,90,3.16,90
198,Henderson,G,CRY,5,3.2,3.15,90,2.69,90,3.14,90,3.68,90,3.23,90
557,Tzolis,M,ARS,6.5,10.6,3.73,77,3.08,77,3.16,77,3.05,77,2.82,77
473,Aina,D,NFO,4.5,4.2,3.79,90,2.25,90,3.32,90,2.71,90,3.75,90
484,Hutchinson,M,NFO,5.5,0.2,3.33,70,2.76,70,3.27,70,2.90,70,3.47,70
464,Wissa,F,NEW,6,1.7,2.83,65,3.19,65,3.42,65,2.97,65,3.31,65
442,Pope,G,NEW,5,1.3,2.46,90,2.93,90,3.22,90,3.15,90,3.95,90
358,Kerkez,D,LIV,5.5,4.6,2.88,80,3.53,90,3.12,90,3.46,90,2.71,90
525,Fernandes,M,TOT,6,2.5,3.04,80,3.18,80,3.08,80,3.23,80,3.16,80
113,F.Kadıoğlu,D,BHA,4.5,3.1,3.31,80,2.57,80,3.68,80,3.42,80,2.70,80
226,Pickford,G,EVE,5.5,8.7,3.50,90,2.75,90,2.91,90,2.89,90,3.58,90
526,Solanke,F,TOT,6,1.9,1.16,25,3.70,75,3.42,75,3.66,75,3.59,75
391,Gvardiol,D,MCI,5.5,12.7,2.95,60,3.00,60,3.54,60,2.50,60,3.47,60
316,Emersonn,F,IPS,5.5,0.4,3.39,80,3.04,80,3.11,80,3.01,80,2.87,80
565,Sangaré,M,BRE,5.5,1.6,3.22,80,3.09,80,3.24,80,2.86,80,2.84,80
262,Smith Rowe,M,FUL,5.5,0.4,3.03,70,2.99,70,3.24,70,2.73,70,3.00,70
109,Verbruggen,G,BHA,4.5,18.6,2.98,90,2.48,90,3.51,90,3.29,90,2.72,90
149,Colwill,D,CHE,5,1.8,3.02,80,3.14,80,2.25,80,3.75,80,2.75,80
104,Onyeka,M,COV,5,0.2,2.67,90,3.54,90,2.75,90,3.03,90,2.87,90
472,Murillo,D,NFO,5.5,1,3.42,80,2.22,80,3.11,80,2.62,80,3.46,80
249,Barry,F,EVE,5.5,1.2,2.80,65,2.88,65,2.95,65,2.85,65,3.31,65
202,Richards,D,CRY,5,0.8,3.04,80,2.48,80,2.90,80,3.38,80,2.98,80
304,O'Shea,D,IPS,4,2.9,3.43,85,2.47,85,2.74,85,3.04,85,3.03,85
26,Havertz,F,ARS,7.5,3.9,3.24,60,2.95,60,3.06,60,2.81,60,2.61,60
254,Robinson,D,FUL,4.5,2.2,2.86,80,3.17,80,3.43,80,2.28,80,2.85,80
41,Buendía,M,AVL,6,1.2,3.08,60,2.62,60,3.01,60,3.05,60,2.82,60
162,Andrey Santos,M,MUN,5,1.2,3.08,70,3.09,70,2.81,70,2.71,70,2.82,70
160,Garnacho,M,AVL,6,0.8,2.73,60,2.55,60,3.13,60,3.21,60,2.84,60
515,Maddison,M,TOT,6.5,1.7,2.91,70,3.06,70,2.80,70,2.91,70,2.74,70
471,Milenković,D,NFO,5.5,2.2,3.35,80,2.12,80,2.99,80,2.51,80,3.34,80
529,Roefs,G,SUN,5,4.8,3.26,90,3.41,90,2.79,90,2.66,90,2.07,90
233,Mykolenko,D,EVE,4.5,1.3,3.42,80,2.45,80,2.59,80,2.57,80,3.16,80
455,Tonali,M,TOT,5.5,4.1,2.73,80,2.88,80,2.76,80,2.93,80,2.85,80
393,Khusanov,D,MCI,5.5,1.9,2.99,60,2.70,60,3.08,60,2.27,60,3.07,60
32,Cash,D,AVL,4.5,8.6,2.70,80,2.35,80,3.19,80,3.24,80,2.60,80
204,Mitchell,D,CRY,4.5,6.8,2.76,80,2.32,80,2.76,80,3.38,80,2.84,80
499,Pedro Porro,D,TOT,5.5,23.2,0.76,20,3.25,80,3.12,80,3.60,80,3.28,80
290,Slater,M,HUL,4.5,2.4,2.77,85,2.99,85,2.92,85,2.65,85,2.66,85
183,Rudoni,M,COV,5,0.2,2.51,80,3.31,80,2.59,80,2.85,80,2.70,80
186,Mason-Clark,M,COV,5.5,0.2,2.51,80,3.31,80,2.59,80,2.85,80,2.70,80
527,Richarlison,F,TOT,6,2.4,3.87,70,2.61,45,2.37,45,2.57,45,2.52,45
247,Hackney,M,EVE,5.5,0.3,3.00,75,2.75,75,2.73,75,2.62,75,2.80,75
277,Egan,D,HUL,4,1.9,2.49,85,3.21,85,3.08,85,2.38,85,2.57,85
439,Šeško,F,MUN,7,1.8,1.04,20,3.66,50,3.01,50,2.93,50,3.09,50
503,Van de Ven,D,TOT,5,7.4,2.76,80,2.67,80,2.56,80,3.02,80,2.71,80
430,Mount,M,MUN,5.5,0.1,3.05,60,2.89,60,2.62,60,2.53,60,2.64,60
88,Kayode,D,BRE,4.5,3.6,2.87,90,2.65,90,3.34,90,2.30,90,2.49,90
250,Leno,G,FUL,4.5,3.2,2.51,90,3.06,90,3.30,90,2.10,90,2.67,90
465,Osula,F,NEW,6,1.1,2.56,50,2.73,50,2.92,50,2.56,50,2.85,50
257,Bassey,D,FUL,4.5,0.6,2.64,80,3.01,90,3.28,90,2.02,90,2.63,90
230,Branthwaite,D,EVE,5.5,1.9,2.81,60,2.05,60,2.15,60,2.91,85,3.53,85
287,Millar,M,HUL,5,0.1,2.66,80,2.86,80,2.80,80,2.54,80,2.55,80
334,Muharemović,D,LEE,5,2.2,2.63,85,2.87,85,2.22,85,2.67,85,3.00,85
232,O'Brien,D,EVE,5,0.5,3.08,80,2.30,80,2.45,80,2.41,80,3.08,80
127,Gomez,M,BHA,5,2.8,4.01,75,3.49,75,2.05,40,1.98,40,1.73,40
309,Núñez,M,IPS,5,0.1,2.88,80,2.57,80,2.63,80,2.62,80,2.55,80
241,McNeil,M,CRY,5.5,0.2,2.89,60,2.44,60,2.54,60,2.81,60,2.55,60
419,Martinez,D,MUN,5,0.6,1.97,45,3.23,80,2.87,80,2.37,80,2.78,80
31,Konsa,D,AVL,4.5,15.4,0.96,30,2.58,90,3.41,90,3.44,90,2.79,90
267,Lukić,M,IPS,5,0.1,2.74,66,2.47,66,2.60,66,2.64,66,2.60,66
125,Georginio,F,BHA,5.5,1,3.04,60,2.42,60,2.69,60,2.59,60,2.32,60
142,James,D,CHE,5.5,8.7,0.82,20,3.18,70,2.21,70,3.93,70,2.88,70
502,Robertson,D,TOT,4.5,2.8,2.31,69,2.62,69,2.49,69,2.91,69,2.64,69
535,Alderete,D,SUN,5,0.5,0.56,15,3.76,80,3.19,80,2.98,80,2.46,80
519,Gallagher,M,TOT,5.5,0.3,2.49,60,2.63,60,2.53,60,2.66,60,2.61,60
131,Baleba,M,BHA,5,0.2,0.31,10,3.06,80,3.27,80,3.23,80,3.05,80
545,Sadiki,M,SUN,5,0.4,2.64,80,2.76,90,2.59,90,2.49,90,2.41,90
454,Elanga,M,NEW,6,0.7,2.77,65,2.38,65,2.55,65,2.42,65,2.74,65
463,Woltemade,F,NEW,6,1.7,2.49,55,2.43,55,2.66,55,2.45,55,2.82,55
265,Berge,M,FUL,5,0.4,2.70,70,2.56,70,2.65,70,2.39,70,2.53,70
253,Andersen,D,FUL,5,0,0.00,0,3.46,90,3.72,90,2.44,90,3.09,90
57,Petrović,G,BOU,4.5,3.6,1.70,90,3.21,90,2.37,90,2.93,90,2.44,90
240,Iroegbunam,M,EVE,5,0.1,2.87,70,2.39,70,2.42,70,2.40,70,2.54,70
458,Joelinton,M,NEW,5.5,0.1,2.54,60,2.41,60,2.53,60,2.45,60,2.67,60
264,Bobb,M,FUL,5.5,0.4,2.44,70,2.54,70,2.74,70,2.32,70,2.54,70
534,Hume,D,SUN,4.5,5.8,3.00,80,3.07,80,2.44,80,2.22,80,1.70,80
185,Sakamoto,M,COV,5,0.1,2.24,70,2.93,70,2.31,70,2.53,70,2.40,70
70,Kluivert,M,BOU,6,1.1,2.42,65,2.61,65,2.38,65,2.60,65,2.41,65
432,Mainoo,M,MUN,5.5,1.2,2.79,60,2.50,60,2.39,60,2.32,60,2.39,60
242,George,M,EVE,5.5,0.3,2.66,70,2.39,70,2.41,70,2.31,70,2.62,70
448,Burn,D,NEW,5,2.6,0.27,10,2.70,75,2.96,75,2.88,75,3.55,75
536,Reinildo,D,SUN,4.5,0.5,3.11,80,2.89,80,2.36,80,2.22,80,1.70,80
533,Mukiele,D,SUN,5.5,3.3,0.52,15,3.69,80,3.03,80,2.77,80,2.24,80
33,Mings,D,AVL,4.5,0.3,2.29,60,2.14,60,2.73,60,2.76,60,2.32,60
558,Schlager,M,NFO,5,0.1,2.65,65,2.28,65,2.52,65,2.26,65,2.47,65
116,Dunk,D,BHA,4.5,0.9,2.64,70,1.97,70,2.79,70,2.62,70,2.13,70
47,Kamara,M,AVL,5,0.2,2.38,60,2.24,60,2.51,60,2.54,60,2.37,60
14,Eze,M,ARS,6.5,2.7,0.78,15,2.72,60,2.90,60,2.86,60,2.72,60
102,Yarmoliuk,M,BRE,5,1.4,2.54,60,2.32,60,2.41,60,2.29,60,2.32,60
496,Kinsky,G,TOT,4.5,19.9,2.06,90,2.32,90,2.29,90,2.74,90,2.39,90
566,Silva,D,BOU,5,0.2,1.58,80,3.04,80,2.22,80,2.71,80,2.20,80
571,Florentino,M,IPS,5,0.1,2.39,65,2.27,65,2.32,65,2.35,65,2.35,65
279,Ajayi,D,HUL,4,0.9,2.09,80,2.76,80,2.64,80,1.98,80,2.16,80
330,Bogle,D,LEE,4.5,0.5,2.23,65,2.43,65,1.91,65,2.34,65,2.63,65
184,Grimes,M,COV,5,0.2,2.07,65,2.71,65,2.13,65,2.34,65,2.22,65
522,Gray,M,TOT,5,0.2,2.35,60,2.31,60,2.19,60,2.34,60,2.28,60
175,van Ewijk,D,COV,4,15,1.39,90,3.47,90,1.52,90,2.52,90,2.45,90
214,Kamada,M,CRY,5,0.3,2.34,60,2.15,60,2.23,60,2.39,60,2.24,60
584,Hamer,M,COV,5.5,0.1,2.02,68,2.70,68,2.09,68,2.32,68,2.19,68
152,Palestra,D,CHE,5.5,2.5,2.28,65,2.38,65,1.68,65,2.89,65,2.06,65
12,Saka,M,ARS,9.5,10.1,2.67,35,2.08,35,2.25,35,2.18,35,2.09,35
362,Jacquet,D,LIV,5,1.6,2.13,60,2.54,60,2.24,60,2.42,60,1.92,60
576,Stroud,M,HUL,5,0.1,2.19,65,2.35,65,2.30,65,2.09,65,2.10,65
286,Belloumi,M,HUL,5,0.5,2.19,65,2.35,65,2.30,65,2.09,65,2.10,65
574,Hjertø-Dahl,M,HUL,5,0.1,2.19,65,2.35,65,2.30,65,2.09,65,2.10,65
332,Justin,D,LEE,4.5,0.6,3.00,70,3.40,70,1.36,35,1.57,35,1.70,35
308,Furlong,D,IPS,4,0.6,2.67,80,1.75,80,2.01,80,2.29,80,2.27,80
129,Ayari,M,BHA,5.5,0.8,3.72,70,1.72,40,1.88,40,1.84,40,1.69,40
176,Dasilva,D,COV,4,0.8,1.35,80,3.17,80,1.46,80,2.34,80,2.28,80
282,Giles,D,HUL,4,0.8,1.84,85,2.56,85,2.44,85,1.72,85,1.91,85
372,Mac Allister,M,LIV,5.5,1.8,0.00,0,2.68,60,2.59,60,2.68,60,2.49,60
456,J.Ramsey,M,NEW,5,0.4,2.10,55,1.98,55,2.10,55,2.01,55,2.24,55
222,Strand Larsen,F,CRY,6,0.6,1.93,60,1.95,60,2.01,60,2.22,60,2.00,60
564,Scherpen,G,IPS,4.5,0.5,2.49,90,1.51,90,1.80,90,2.14,90,2.15,90
193,Wright,F,COV,5.5,1,0.00,0,1.46,30,2.74,70,3.04,70,2.80,70
562,Maeda,M,IPS,5.5,0.4,2.17,60,1.95,60,1.98,60,1.98,60,1.93,60
280,Coyle,D,HUL,4,0.6,1.75,80,2.44,80,2.33,80,1.65,80,1.82,80
399,Cherki,M,MCI,7.5,8.3,0.53,10,2.26,40,2.62,40,2.06,40,2.50,40
258,Castagne,D,FUL,4.5,0.3,1.91,60,2.16,60,2.39,60,1.50,60,1.93,60
547,Mundle,M,SUN,5,0,2.16,60,2.17,60,1.96,60,1.82,60,1.75,60
504,Vuskovic,D,BHA,5,2.6,2.02,60,1.65,60,2.33,60,2.14,60,1.70,60
211,Yeremy,M,CRY,5.5,0.2,1.89,45,1.82,45,1.91,45,2.16,45,1.91,45
305,Davis,D,IPS,4,5.1,2.45,85,1.45,85,1.73,85,2.02,85,2.01,85
110,Rushworth,G,COV,4.5,0.9,1.10,90,2.96,90,1.21,90,2.16,90,2.15,90
148,Hato,D,CHE,4.5,0.7,2.20,60,1.88,60,1.37,60,2.36,60,1.73,60
213,Lerma,M,CRY,5,0.1,1.75,45,1.77,45,1.84,45,1.99,45,1.84,45
572,Tzolakis,G,HUL,4.5,0.4,1.52,90,2.27,90,2.16,90,1.46,90,1.67,90
310,Matusiwa,M,IPS,5,0,1.01,30,1.95,60,1.98,60,1.98,60,1.93,60
174,Kitching,D,COV,4,0.7,1.15,65,2.59,65,1.24,65,1.93,65,1.88,65
173,Thomas,D,COV,4,8,1.15,65,2.59,65,1.24,65,1.93,65,1.88,65
209,Johnson,M,EVE,6,0.2,1.80,49,1.68,49,1.72,49,1.68,49,1.91,49
64,Smith,D,BOU,4.5,0.1,1.33,65,2.18,65,1.59,65,1.99,65,1.63,65
259,Diop,D,IPS,4,18.1,2.05,60,1.39,60,1.59,60,1.79,60,1.78,60
577,Tomiyasu,D,CRY,4.5,0.2,1.71,52,1.46,52,1.69,52,1.99,52,1.70,52
161,Lavia,M,CHE,5,0.1,1.69,45,1.79,45,1.46,45,1.88,45,1.60,45
415,Dorgu,M,MUN,6,1.6,1.71,30,1.82,30,1.62,30,1.57,30,1.64,30
195,Simms,F,COV,5,0.8,2.69,75,2.16,45,1.06,30,1.17,30,1.07,30
239,Garner,M,EVE,6,0.3,0.00,0,1.23,30,1.25,30,2.61,60,2.83,60
431,Amad,M,MUN,6,1.6,1.64,30,1.69,30,1.46,30,1.41,30,1.48,30
263,Kevin,M,FUL,5.5,0.1,1.80,40,1.50,40,1.58,40,1.34,40,1.42,40
25,Gyökeres,F,ARS,7.5,11.7,1.77,30,1.37,30,1.48,30,1.43,30,1.38,30
490,Wood,F,NFO,6,1.7,1.49,30,1.32,30,1.55,30,1.38,30,1.63,30
16,Madueke,M,ARS,6.5,0.3,1.84,30,1.33,30,1.42,30,1.39,30,1.33,30
521,Kulusevski,M,TOT,6.5,0,0.00,0,1.24,30,1.14,30,2.51,60,2.37,60
369,Ngumoha,M,LIV,6,1.3,1.62,30,1.47,30,1.38,30,1.42,30,1.27,30
512,Kudus,M,TOT,6.5,0.2,0.00,0,0.00,0,1.27,30,2.89,60,2.81,60
17,Merino,M,ARS,6,1,0.46,10,1.55,30,1.67,30,1.63,30,1.56,30
404,Reijnders,M,MCI,6,0.3,2.98,60,0.91,20,1.06,20,0.84,20,1.01,20
105,Anthony,M,BRE,6,0.2,1.29,30,1.27,30,1.39,30,1.26,30,1.30,30
121,Mitoma,M,BHA,6,0.1,0.00,0,0.00,0,1.16,25,2.86,60,2.44,60
231,Keane,D,EVE,5,1.7,1.37,30,1.17,30,1.22,30,1.20,30,1.42,30
18,Martinelli,M,ARS,6.5,0.3,1.39,25,1.20,25,1.31,25,1.27,25,1.21,25
429,Rashford,M,MUN,7,1.5,1.43,30,1.44,30,1.21,30,1.14,30,1.15,30
337,Aaronson,M,LEE,5.5,0.9,1.20,30,1.31,30,1.17,30,1.31,30,1.34,30
421,Heaven,D,MUN,4.5,0.3,3.39,70,0.84,25,0.73,25,0.62,25,0.71,25
138,Kostoulas,F,BHA,5.5,0.2,1.31,30,1.23,30,1.40,30,1.26,30,1.02,30
248,Beto,F,EVE,5.5,3,1.14,25,1.21,25,1.25,25,1.19,25,1.42,25
156,Neto,M,CHE,6.5,1.4,1.32,30,1.27,30,0.99,30,1.43,30,1.19,30
516,Bentancur,M,TOT,5.5,0.2,1.33,30,1.21,30,1.20,30,1.23,30,1.22,30
21,Nørgaard,M,EVE,5,0.5,1.34,35,1.23,35,1.22,35,1.17,35,1.24,35
331,Gudmundsson,D,LEE,4.5,0.2,0.00,0,0.00,0,1.72,65,2.09,65,2.38,65
98,Janelt,M,BRE,5,0.1,1.20,30,1.16,30,1.24,30,1.15,30,1.18,30
549,Talbi,M,SUN,5.5,0.2,1.25,30,1.25,30,1.14,30,1.05,30,1.02,30
462,Steur,M,NEW,5,0.1,1.09,30,1.10,30,1.15,30,1.04,30,1.13,30
461,Touré,M,NEW,6,0.3,1.09,30,1.10,30,1.15,30,1.04,30,1.13,30
101,Henderson,M,CHE,5,0,0.82,26,1.18,35,1.04,35,1.27,35,1.14,35
328,Struijk,D,BHA,5,0.4,1.07,30,0.93,30,1.23,30,1.17,30,0.97,30
543,Diarra,M,SUN,5.5,0.1,1.10,30,1.20,30,1.08,30,0.98,30,0.95,30
256,Tete,D,FUL,4.5,0.3,1.10,30,1.12,30,1.19,30,0.86,30,1.03,30
53,Manzambi,M,AVL,6,1.2,1.08,30,1.01,30,1.12,30,1.09,30,0.98,30
97,Jensen,M,BRE,5.5,0.2,1.09,25,1.03,25,1.09,25,1.02,25,1.04,25
487,Dominguez,M,NFO,5,0.1,1.11,30,0.93,30,1.05,30,0.97,30,1.11,30
546,Adingra,M,SUN,5,0.3,1.24,30,1.09,30,0.99,30,0.91,30,0.88,30
74,Brooks,M,BOU,5,0.1,0.70,20,1.16,20,1.03,20,1.17,20,1.05,20
271,Muniz,F,FUL,5.5,0.6,1.09,25,0.98,25,1.08,25,0.91,25,1.00,25
22,Nwaneri,M,ARS,5.5,0,3.97,65,0.27,10,0.28,10,0.26,10,0.24,10
19,Zubimendi,M,ARS,5.5,1.4,2.15,45,0.70,20,0.73,20,0.72,20,0.70,20
63,Milosavljević,D,BOU,5,0,0.77,30,1.19,30,0.96,30,1.10,30,0.96,30
548,Rigg,M,SUN,5,0.1,1.04,30,1.06,30,0.98,30,0.92,30,0.90,30
575,Yirenkyi,M,COV,5,0.2,0.88,30,1.16,30,0.91,30,1.00,30,0.94,30
470,Morato,D,NFO,5,0.1,1.02,25,0.81,25,1.03,25,0.91,25,1.11,25
206,Chadi Riad,D,CRY,4.5,0.1,0.96,32,0.83,32,0.96,32,1.11,32,0.96,32
136,Welbeck,F,CHE,6,2.3,0.87,20,1.02,20,0.78,20,1.14,20,0.95,20
563,Morita,M,HUL,5,0.1,0.93,30,1.00,30,0.98,30,0.89,30,0.89,30
289,Crooks,M,HUL,4.5,0.6,0.93,30,1.00,30,0.98,30,0.89,30,0.89,30
77,Adli,M,BOU,5,0.1,0.74,20,1.02,20,0.93,20,1.02,20,0.94,20
333,Bornauw,D,LEE,4.5,0,0.96,30,0.97,30,0.80,30,0.91,30,1.00,30
324,Mehmeti,M,IPS,5,0.1,1.01,30,0.90,30,0.92,30,0.91,30,0.89,30
312,Taylor,M,IPS,4.5,0.1,1.00,30,0.90,30,0.91,30,0.91,30,0.88,30
373,C.Jones,M,LIV,5.5,0.2,0.90,20,0.92,20,0.90,20,0.92,20,0.87,20
313,Clarke,M,IPS,5.5,0.3,0.97,30,0.87,30,0.89,30,0.88,30,0.86,30
318,Philogene,M,IPS,5.5,0.2,0.97,30,0.86,30,0.89,30,0.88,30,0.85,30
34,Pau,D,AVL,4.5,0.3,0.84,30,0.74,30,0.98,30,0.99,30,0.81,30
7,Lewis-Skelly,M,ARS,5.5,0.4,1.93,50,0.61,20,0.62,20,0.60,20,0.56,20
553,Isidor,F,SUN,5.5,1.1,0.82,20,1.00,20,0.90,20,0.81,20,0.80,20
212,Hughes,M,CRY,4.5,11,0.88,30,0.79,30,0.82,30,0.89,30,0.82,30
506,Udogie,D,TOT,4.5,0.5,0.87,30,0.79,30,0.76,30,0.89,30,0.80,30
81,Rodríguez,F,BOU,6,0.3,0.74,20,0.93,20,0.82,20,0.85,20,0.75,20
392,Aït-Nouri,D,MCI,5.5,1.1,0.81,20,0.77,20,0.90,20,0.66,20,0.88,20
115,De Cuyper,D,BHA,4.5,1.5,0.86,20,0.69,20,0.92,20,0.85,20,0.68,20
482,Hudson-Odoi,M,NFO,6,0.2,0.85,20,0.71,20,0.82,20,0.74,20,0.87,20
446,Schär,D,NEW,5,0.2,0.69,20,0.76,20,0.82,20,0.79,20,0.93,20
151,Acheampong,D,CHE,4.5,0.3,1.66,45,0.61,20,0.44,20,0.72,20,0.54,20
457,J.Murphy,M,NEW,6,0.2,0.76,20,0.74,20,0.82,20,0.75,20,0.88,20
440,Zirkzee,F,MUN,5.5,0.7,0.74,20,0.99,20,0.76,20,0.71,20,0.70,20
166,N.Jackson,F,CHE,6.5,0.4,0.79,20,0.89,20,0.63,20,0.89,20,0.70,20
269,Sessegnon,D,FUL,4.5,0.4,0.80,20,0.80,20,0.87,20,0.64,20,0.76,20
294,Zambrano,M,HUL,4.5,0.3,0.00,0,0.00,0,0.00,0,1.92,60,1.93,60
255,J.Cuenca,D,FUL,4.5,0,2.92,80,0.22,10,0.22,10,0.22,10,0.22,10
182,Amenda,D,COV,4,0.8,0.53,30,1.07,30,0.56,30,0.82,30,0.80,30
420,Yoro,D,MUN,5,0.8,0.87,20,0.78,20,0.71,20,0.64,20,0.70,20
114,Boscagli,D,BHA,4.5,0.2,0.80,20,0.65,20,0.80,20,0.76,20,0.65,20
383,Elliott,M,LIV,5.5,0.1,0.76,20,0.77,20,0.72,20,0.72,20,0.63,20
268,King,M,FUL,5.5,0.2,0.65,20,0.70,20,0.78,20,0.63,20,0.71,20
483,Ndoye,M,NFO,5.5,0.5,0.73,20,0.62,20,0.72,20,0.65,20,0.75,20
559,Bamba,M,NEW,5,0.1,0.68,20,0.68,20,0.71,20,0.64,20,0.69,20
5,J.Timber,D,ARS,6.5,0.3,0.00,0,0.82,20,0.87,20,0.90,20,0.81,20
501,Danso,D,TOT,5,0.2,0.71,20,0.65,20,0.65,20,0.70,20,0.66,20
520,Bergvall,M,TOT,5.5,0.2,0.70,20,0.67,20,0.63,20,0.68,20,0.66,20
108,Wilson,F,BRE,5.5,0.4,0.63,15,0.63,15,0.70,15,0.63,15,0.65,15
370,Chiesa,M,LIV,5.5,0.2,0.77,20,0.66,20,0.61,20,0.63,20,0.55,20
311,Burns,M,IPS,5,0.1,0.67,20,0.61,20,0.62,20,0.61,20,0.60,20
190,Tchaouna,M,COV,5.5,0.1,0.52,20,0.71,20,0.56,20,0.65,20,0.62,20
339,Longstaff,M,LEE,5,0.2,0.57,20,0.64,20,0.57,20,0.63,20,0.65,20
422,Mazraoui,D,MUN,4.5,0.8,0.81,20,0.63,20,0.56,20,0.49,20,0.55,20
188,Torp,M,COV,5.5,0.2,0.54,20,0.72,20,0.56,20,0.62,20,0.58,20
550,Jocelin.T,M,SUN,5,0,0.66,20,0.65,20,0.59,20,0.55,20,0.52,20
489,Yates,M,NFO,4.5,6.5,0.64,20,0.55,20,0.62,20,0.55,20,0.62,20
405,N.Gonzalez,M,MCI,5.5,0.1,0.59,20,0.59,20,0.61,20,0.56,20,0.61,20
147,Tosin,D,CHE,4.5,0.2,0.58,20,0.61,20,0.45,20,0.72,20,0.55,20
146,B.Badiashile,D,CHE,4.5,0,0.58,20,0.61,20,0.47,20,0.70,20,0.55,20
539,O'Nien,D,SUN,4,2.9,2.18,60,0.20,10,0.18,10,0.17,10,0.17,10
9,Hincapie,D,ARS,5.5,3.2,0.72,15,0.53,15,0.55,15,0.56,15,0.52,15
306,Greaves,D,IPS,4,0.7,0.64,20,0.50,20,0.54,20,0.58,20,0.57,20
551,Angulo,M,SUN,5,0.1,0.60,20,0.60,20,0.54,20,0.51,20,0.49,20
71,Cook,M,BOU,5,0.1,0.50,15,0.58,15,0.55,15,0.56,15,0.53,15
323,McAteer,M,IPS,4.5,1.4,0.58,20,0.52,20,0.53,20,0.52,20,0.51,20
145,Fofana,D,CHE,5,0,0.00,0,0.00,0,0.67,30,1.09,30,0.83,30
37,Lindelöf,D,AVL,4.5,0.2,2.50,75,0.00,0,0.00,0,0.00,0,0.00,0
541,Meunier,D,SUN,4.5,0.4,0.57,20,0.58,20,0.49,20,0.46,20,0.38,20
321,Walle Egeli,F,IPS,4.5,2,0.55,15,0.48,15,0.49,15,0.48,15,0.45,15
20,Dowman,M,ARS,5.5,0.2,0.57,15,0.47,15,0.49,15,0.46,15,0.42,15
62,Diakité,D,BOU,5,0.2,0.44,20,0.56,20,0.45,20,0.52,20,0.46,20
347,Nmecha,F,LEE,5.5,0.6,0.37,10,0.53,10,0.45,10,0.53,10,0.54,10
578,Mudryk,M,CHE,5.5,0,0.48,16,0.51,16,0.39,16,0.52,16,0.42,16
75,Christie,M,BOU,5,0,0.00,0,0.63,20,0.56,20,0.59,20,0.54,20
401,Marmoush,F,MCI,7,0.8,0.39,10,0.42,10,0.48,10,0.34,10,0.39,10
126,O'Riley,M,BHA,5.5,0.1,0.42,10,0.39,10,0.43,10,0.40,10,0.34,10
517,Odobert,M,TOT,5.5,0,0.39,10,0.41,10,0.37,10,0.40,10,0.39,10
80,Enes Ünal,F,BOU,5.5,0.2,0.33,10,0.43,10,0.37,10,0.39,10,0.34,10
518,P.M.Sarr,M,TOT,5,0.4,0.41,10,0.36,10,0.35,10,0.36,10,0.36,10
56,Abraham,F,AVL,5.5,0.2,0.38,10,0.34,10,0.40,10,0.39,10,0.33,10
349,Mateo Joseph,F,LEE,4.5,0.1,0.33,10,0.38,10,0.32,10,0.34,10,0.32,10
493,Kalimuendo,F,NFO,5.5,0.1,0.37,10,0.31,10,0.35,10,0.29,10,0.33,10
345,Tanaka,M,LEE,5,0.3,0.31,10,0.34,10,0.31,10,0.34,10,0.34,10
27,G.Jesus,F,ARS,6,0.4,0.42,10,0.31,10,0.33,10,0.29,10,0.25,10
215,Devenny,M,CRY,5,0,0.27,10,0.32,10,0.33,10,0.35,10,0.32,10
492,Awoniyi,F,NFO,5.5,0.5,0.33,10,0.29,10,0.35,10,0.28,10,0.34,10
194,Thomas-Asante,F,COV,5,0.8,0.26,10,0.40,10,0.28,10,0.33,10,0.29,10
348,Piroe,F,LEE,5,0.5,0.27,10,0.36,10,0.30,10,0.32,10,0.31,10
410,Monga,M,MCI,5,0,0.31,10,0.28,10,0.31,10,0.24,10,0.26,10
224,Nketiah,F,CRY,5.5,0.5,0.28,10,0.28,10,0.28,10,0.32,10,0.24,10
377,Munoz,M,LIV,6.5,0.7,0.30,10,0.30,10,0.27,10,0.27,10,0.24,10
485,Bakwa,M,NFO,5.5,0,0.30,10,0.23,10,0.27,10,0.23,10,0.27,10
343,James,M,LEE,5,0.1,0.27,10,0.27,10,0.24,10,0.25,10,0.25,10
270,Reed,M,FUL,4.5,1.1,0.26,10,0.26,10,0.27,10,0.23,10,0.24,10
244,Armstrong,M,EVE,5,0.1,0.27,10,0.25,10,0.25,10,0.24,10,0.25,10
245,Dibling,M,EVE,5.5,0,0.30,10,0.24,10,0.24,10,0.23,10,0.24,10
344,Gruev,M,LEE,5,0,0.24,10,0.24,10,0.23,10,0.24,10,0.25,10
341,Gnonto,M,LEE,5,0.1,0.23,10,0.26,10,0.22,10,0.25,10,0.24,10
42,Guessand,M,CRY,5.5,0,0.24,10,0.24,10,0.24,10,0.26,10,0.23,10
460,Willock,M,NEW,5,0.1,0.22,10,0.22,10,0.25,10,0.23,10,0.27,10
340,Gelhardt,M,LEE,5,0,0.23,10,0.25,10,0.21,10,0.23,10,0.22,10
288,Dowell,M,HUL,4.5,0.4,0.22,10,0.24,10,0.23,10,0.21,10,0.21,10
144,Gusto,D,CHE,5,1.1,0.23,10,0.23,10,0.18,10,0.25,10,0.21,10
292,Ömür,M,HUL,5,0,0.22,10,0.23,10,0.23,10,0.20,10,0.20,10
35,Bogarde,M,AVL,5,0.1,0.24,10,0.19,10,0.20,10,0.20,10,0.19,10
66,Soler,D,BOU,4,0.5,0.21,10,0.21,10,0.19,10,0.20,10,0.19,10
266,Cairney,M,FUL,5,0,0.20,10,0.20,10,0.22,10,0.18,10,0.19,10
364,Tsimikas,D,LIV,5,0.1,0.21,10,0.21,10,0.20,10,0.19,10,0.18,10
120,Svoboda,D,BHA,5,0.1,0.21,10,0.19,10,0.20,10,0.19,10,0.18,10
207,Mingueza,D,CRY,4.5,0.1,0.19,10,0.19,10,0.19,10,0.20,10,0.18,10
90,Hickey,D,BRE,4.5,0.1,0.21,10,0.19,10,0.19,10,0.18,10,0.18,10
556,Targett,D,HUL,4,2.9,0.19,10,0.19,10,0.19,10,0.18,10,0.18,10
243,Alcaraz,M,EVE,5,0.1,0.20,10,0.18,10,0.18,10,0.17,10,0.19,10
170,Emegha,F,CHE,5,0.1,0.18,5,0.21,5,0.15,5,0.21,5,0.16,5
486,McAtee,M,NFO,5.5,0,0.20,10,0.17,10,0.19,10,0.16,10,0.17,10
76,Tóth.A,M,BOU,5,0,0.16,10,0.20,10,0.17,10,0.18,10,0.15,10
359,Gomez,D,LIV,5,0,0.19,10,0.17,10,0.16,10,0.16,10,0.15,10
580,Charles,M,FUL,5,0.1,0.17,7,0.17,7,0.18,7,0.15,7,0.15,7
89,Henry,D,BRE,4.5,0.2,0.16,10,0.15,10,0.16,10,0.15,10,0.15,10
46,Barkley,M,AVL,5,0.2,0.18,5,0.13,5,0.15,5,0.15,5,0.14,5
44,Bailey,M,AVL,5.5,0.1,0.16,5,0.13,5,0.16,5,0.16,5,0.14,5
167,Delap,F,CHE,5.5,0.5,0.13,5,0.16,5,0.11,5,0.18,5,0.14,5
216,Esse,M,CRY,5,0,0.16,5,0.14,5,0.14,5,0.15,5,0.13,5
281,Drameh,D,HUL,4,0,0.13,10,0.14,10,0.14,10,0.13,10,0.13,10
164,Quenda,M,CHE,5.5,0.1,0.13,5,0.14,5,0.11,5,0.14,5,0.12,5
168,Marc Guiu,F,CHE,5,0.4,0.13,5,0.15,5,0.09,5,0.15,5,0.11,5
246,Röhl,M,EVE,5,0.1,0.14,5,0.12,5,0.12,5,0.12,5,0.13,5
219,J.Rak-Sakyi,M,CRY,5,0,0.12,5,0.12,5,0.12,5,0.12,5,0.11,5
272,Kusi-Asare,F,FUL,4.5,7.1,0.11,10,0.13,10,0.15,10,0.08,10,0.09,10
217,M.França,M,CRY,5,0,0.11,5,0.11,5,0.11,5,0.12,5,0.10,5
234,Patterson,D,EVE,4.5,0,0.11,5,0.11,5,0.11,5,0.10,5,0.11,5
218,Doucouré,M,CRY,5,0.1,0.11,5,0.11,5,0.11,5,0.11,5,0.10,5
451,A.Murphy,D,NEW,4,0.8,0.11,5,0.10,5,0.10,5,0.10,5,0.10,5
50,Burrowes,M,AVL,4.5,0.7,0.10,4,0.09,4,0.10,4,0.10,4,0.09,4
303,Kipré,D,IPS,4,0.6,0.09,5,0.09,5,0.09,5,0.09,5,0.09,5
307,Johnson,D,IPS,4,0.1,0.08,5,0.07,5,0.07,5,0.07,5,0.07,5
409,Mukasa,M,MCI,4.5,0.1,0.08,2,0.06,2,0.06,2,0.05,2,0.05,2
205,Sosa,D,CRY,4.5,0,0.04,5,0.04,5,0.04,5,0.05,5,0.04,5
180,Woolfenden,D,COV,4,0.2,0.00,0,0.00,0,0.00,0,0.00,0,0.00,0
51,George Hemmings,M,AVL,4.5,0.4,0.00,0,0.00,0,0.00,0,0.00,0,0.00,0
39,Nedeljkovic,D,AVL,4,0.8,0.00,0,0.00,0,0.00,0,0.00,0,0.00,0
273,Phillips,G,HUL,4,1.9,0.00,0,0.00,0,0.00,0,0.00,0,0.00,0
479,Bindon,D,NFO,4,0.2,0.00,0,0.00,0,0.00,0,0.00,0,0.00,0
402,Rodrigo,M,MCI,6.5,0.1,0.00,0,0.00,0,0.00,0,0.00,0,0.00,0
199,Benitez,G,CRY,4.5,0.1,0.00,0,0.00,0,0.00,0,0.00,0,0.00,0
301,Palmer,G,IPS,4,5.5,0.00,0,0.00,0,0.00,0,0.00,0,0.00,0
93,Schuster,D,BRE,4.5,0.2,0.00,0,0.00,0,0.00,0,0.00,0,0.00,0
540,Masuaku,D,SUN,4,1.5,0.00,0,0.00,0,0.00,0,0.00,0,0.00,0
583,Chavarria,D,CHE,5,0.1,0.00,0,0.00,0,0.00,0,0.00,0,0.00,0
133,Watson,M,BHA,5,0,0.00,0,0.00,0,0.00,0,0.00,0,0.00,0
450,Livramento,D,NEW,5,0.1,0.00,0,0.00,0,0.00,0,0.00,0,0.00,0
220,Cardines,D,CRY,4.5,0,0.00,0,0.00,0,0.00,0,0.00,0,0.00,0
424,Amass,D,MUN,4,0.2,0.00,0,0.00,0,0.00,0,0.00,0,0.00,0
378,McConnell,M,LIV,4.5,0.2,0.00,0,0.00,0,0.00,0,0.00,0,0.00,0
92,Ji-soo,D,BRE,4.5,0,0.00,0,0.00,0,0.00,0,0.00,0,0.00,0
505,Spence,D,TOT,4.5,5.8,0.00,0,0.00,0,0.00,0,0.00,0,0.00,0
531,Ellborg,G,SUN,4.5,0.1,0.00,0,0.00,0,0.00,0,0.00,0,0.00,0
433,Ugarte,M,MUN,5,0,0.00,0,0.00,0,0.00,0,0.00,0,0.00,0
283,Jacob,D,HUL,4,0,0.00,0,0.00,0,0.00,0,0.00,0,0.00,0
494,Vicario,G,TOT,4.5,1.3,0.00,0,0.00,0,0.00,0,0.00,0,0.00,0
537,Seelt,D,SUN,4.5,0,0.00,0,0.00,0,0.00,0,0.00,0,0.00,0
158,Gittens,M,CHE,6,0.1,0.00,0,0.00,0,0.00,0,0.00,0,0.00,0
299,Burstow,F,HUL,4.5,1.1,0.00,0,0.00,0,0.00,0,0.00,0,0.00,0
586,Mendy,D,HUL,4,0.4,0.00,0,0.00,0,0.00,0,0.00,0,0.00,0
386,Bettinelli,G,MCI,4.5,0,0.00,0,0.00,0,0.00,0,0.00,0,0.00,0
24,Nelson,M,ARS,5.5,0,0.00,0,0.00,0,0.00,0,0.00,0,0.00,0
413,Bayindir,G,MUN,4.5,0.2,0.00,0,0.00,0,0.00,0,0.00,0,0.00,0
320,Akpom,F,IPS,5,0.5,0.00,0,0.00,0,0.00,0,0.00,0,0.00,0
360,Bradley,D,LIV,5,0,0.00,0,0.00,0,0.00,0,0.00,0,0.00,0
530,Patterson,G,SUN,4,1,0.00,0,0.00,0,0.00,0,0.00,0,0.00,0
436,Collyer,M,MUN,5,0,0.00,0,0.00,0,0.00,0,0.00,0,0.00,0
511,Souza,D,TOT,4,0.3,0.00,0,0.00,0,0.00,0,0.00,0,0.00,0
319,Szmodics,M,IPS,5,0.1,0.00,0,0.00,0,0.00,0,0.00,0,0.00,0
579,Araujo,D,LIV,5.5,1.1,0.00,0,0.00,0,0.00,0,0.00,0,0.00,0
285,McNair,D,HUL,4,0.1,0.00,0,0.00,0,0.00,0,0.00,0,0.00,0
375,Nyoni,M,LIV,5,0.1,0.00,0,0.00,0,0.00,0,0.00,0,0.00,0
107,Furo,F,BRE,4.5,0.8,0.00,0,0.00,0,0.00,0,0.00,0,0.00,0
157,Estêvão,M,CHE,6.5,1.5,0.00,0,0.00,0,0.00,0,0.00,0,0.00,0
196,Markelo,F,COV,5,0.1,0.00,0,0.00,0,0.00,0,0.00,0,0.00,0
177,Kesler-Hayden,D,COV,4,0.1,0.00,0,0.00,0,0.00,0,0.00,0,0.00,0
48,Onana,M,AVL,5,0,0.00,0,0.00,0,0.00,0,0.00,0,0.00,0
508,Davies,D,TOT,4,0.9,0.00,0,0.00,0,0.00,0,0.00,0,0.00,0
568,Barco,M,CHE,5.5,0.1,0.00,0,0.00,0,0.00,0,0.00,0,0.00,0
314,Ogbene,M,IPS,5,0,0.00,0,0.00,0,0.00,0,0.00,0,0.00,0
235,Aznou,D,EVE,4,0.2,0.00,0,0.00,0,0.00,0,0.00,0,0.00,0
83,Valdimarsson,G,BRE,4.5,0.1,0.00,0,0.00,0,0.00,0,0.00,0,0.00,0
297,Gyabi,M,HUL,4.5,0.1,0.00,0,0.00,0,0.00,0,0.00,0,0.00,0
561,Anselmino,D,CHE,4.5,0,0.00,0,0.00,0,0.00,0,0.00,0,0.00,0
407,Echeverri,M,MCI,5,0,0.00,0,0.00,0,0.00,0,0.00,0,0.00,0
3,Meslier,G,ARS,5,0.1,0.00,0,0.00,0,0.00,0,0.00,0,0.00,0
59,Dennis,G,BOU,4,0.2,0.00,0,0.00,0,0.00,0,0.00,0,0.00,0
403,Savinho,M,MCI,6.5,0.1,0.00,0,0.00,0,0.00,0,0.00,0,0.00,0
274,Butland,G,HUL,4.5,0.4,0.00,0,0.00,0,0.00,0,0.00,0,0.00,0
476,O.Richards,D,NFO,4,0.2,0.00,0,0.00,0,0.00,0,0.00,0,0.00,0
585,Herrington,D,HUL,4,0.3,0.00,0,0.00,0,0.00,0,0.00,0,0.00,0
179,Latibeaudiere,D,COV,4,0.1,0.00,0,0.00,0,0.00,0,0.00,0,0.00,0
495,Austin,G,TOT,4,0.7,0.00,0,0.00,0,0.00,0,0.00,0,0.00,0
228,King,G,EVE,4.5,0.1,0.00,0,0.00,0,0.00,0,0.00,0,0.00,0
573,Sanchez,D,BOU,4.5,0.1,0.00,0,0.00,0,0.00,0,0.00,0,0.00,0
103,Dasilva,M,BRE,5,0,0.00,0,0.00,0,0.00,0,0.00,0,0.00,0
276,Lo-Tutala,G,HUL,4,0.2,0.00,0,0.00,0,0.00,0,0.00,0,0.00,0
381,Koumas,M,LIV,5,0,0.00,0,0.00,0,0.00,0,0.00,0,0.00,0
555,Matthews,G,CRY,4,1.7,0.00,0,0.00,0,0.00,0,0.00,0,0.00,0
91,Pinnock,D,BRE,4.5,0.1,0.00,0,0.00,0,0.00,0,0.00,0,0.00,0
141,Jörgensen,G,CHE,5,0.1,0.00,0,0.00,0,0.00,0,0.00,0,0.00,0
85,Van den Berg,D,BRE,5,0.5,0.00,0,0.00,0,0.00,0,0.00,0,0.00,0
570,Palacios,M,FUL,5.5,0.1,0.00,0,0.00,0,0.00,0,0.00,0,0.00,0
438,Fletcher,M,MUN,4.5,0.3,0.00,0,0.00,0,0.00,0,0.00,0,0.00,0
78,Kroupi.Jr,M,BOU,7.5,1.9,0.00,0,0.00,0,0.00,0,0.00,0,0.00,0
300,Walton,G,IPS,4.5,0.6,0.00,0,0.00,0,0.00,0,0.00,0,0.00,0
192,Andrews,M,COV,4.5,0.7,0.00,0,0.00,0,0.00,0,0.00,0,0.00,0
275,Cartwright,G,HUL,4,0.3,0.00,0,0.00,0,0.00,0,0.00,0,0.00,0
416,De Ligt,D,MUN,5,0,0.00,0,0.00,0,0.00,0,0.00,0,0.00,0
414,Heaton,G,MUN,4,0.2,0.00,0,0.00,0,0.00,0,0.00,0,0.00,0
221,Drakes-Thomas,M,CRY,4.5,0.1,0.00,0,0.00,0,0.00,0,0.00,0,0.00,0
2,Arrizabalaga,G,ARS,5,0.1,0.00,0,0.00,0,0.00,0,0.00,0,0.00,0
435,Lacey,M,MUN,5,0.1,0.00,0,0.00,0,0.00,0,0.00,0,0.00,0
528,Scarlett,F,TOT,4.5,1.6,0.00,0,0.00,0,0.00,0,0.00,0,0.00,0
99,Milambo,M,BRE,5,0,0.00,0,0.00,0,0.00,0,0.00,0,0.00,0
72,Gannon-Doak,M,BOU,5,0.1,0.00,0,0.00,0,0.00,0,0.00,0,0.00,0
238,Grealish,M,MCI,6.5,0.1,0.00,0,0.00,0,0.00,0,0.00,0,0.00,0
459,L.Miley,M,NEW,5.5,0,0.00,0,0.00,0,0.00,0,0.00,0,0.00,0
58,Forster,G,BOU,4,3.2,0.00,0,0.00,0,0.00,0,0.00,0,0.00,0
374,Endo,M,LIV,5,0,0.00,0,0.00,0,0.00,0,0.00,0,0.00,0
468,John,G,NFO,4.5,0.1,0.00,0,0.00,0,0.00,0,0.00,0,0.00,0
474,Jair Cunha,D,NFO,4.5,0.3,0.00,0,0.00,0,0.00,0,0.00,0,0.00,0
587,Rulli,G,MCI,5,0,0.00,0,0.00,0,0.00,0,0.00,0,0.00,0
172,Wilson,G,COV,4.5,0.6,0.00,0,0.00,0,0.00,0,0.00,0,0.00,0
293,Kamara,M,HUL,5,0,0.00,0,0.00,0,0.00,0,0.00,0,0.00,0
181,Brau,D,COV,4,0,0.00,0,0.00,0,0.00,0,0.00,0,0.00,0
376,Bajcetic,M,LIV,5,0,0.00,0,0.00,0,0.00,0,0.00,0,0.00,0
227,Travers,G,EVE,5,0,0.00,0,0.00,0,0.00,0,0.00,0,0.00,0
425,Fredricson,D,MUN,4,0.1,0.00,0,0.00,0,0.00,0,0.00,0,0.00,0
395,Lewis,D,MCI,4.5,0.2,0.00,0,0.00,0,0.00,0,0.00,0,0.00,0
326,Perri,G,LEE,4.5,0.6,0.00,0,0.00,0,0.00,0,0.00,0,0.00,0
23,Fábio Vieira,M,ARS,5.5,0,0.00,0,0.00,0,0.00,0,0.00,0,0.00,0
394,Alleyne,D,MCI,5,0,0.00,0,0.00,0,0.00,0,0.00,0,0.00,0
500,Romero,D,TOT,5,1,0.00,0,0.00,0,0.00,0,0.00,0,0.00,0
354,Jaros,G,LIV,4,0,0.00,0,0.00,0,0.00,0,0.00,0,0.00,0
100,Carvalho,M,BRE,5,0,0.00,0,0.00,0,0.00,0,0.00,0,0.00,0
513,Xavi,M,TOT,6,0,0.00,0,0.00,0,0.00,0,0.00,0,0.00,0
444,Jaouen,G,NEW,4.5,0,0.00,0,0.00,0,0.00,0,0.00,0,0.00,0
325,Darlow,G,MUN,4.5,0,0.00,0,0.00,0,0.00,0,0.00,0,0.00,0
143,Chalobah,D,CHE,5.5,1.9,0.00,0,0.00,0,0.00,0,0.00,0,0.00,0
291,Matazo,M,HUL,4.5,0,0.00,0,0.00,0,0.00,0,0.00,0,0.00,0
567,Horníček,G,NEW,5,0.5,0.00,0,0.00,0,0.00,0,0.00,0,0.00,0
365,Ramsay,D,LIV,4,0.2,0.00,0,0.00,0,0.00,0,0.00,0,0.00,0
296,Akintola,M,HUL,5,0,0.00,0,0.00,0,0.00,0,0.00,0,0.00,0
507,Phillips,D,TOT,4.5,0.1,0.00,0,0.00,0,0.00,0,0.00,0,0.00,0
128,Buonanotte,M,BHA,5,0.1,0.00,0,0.00,0,0.00,0,0.00,0,0.00,0
135,Yohanna,M,BHA,5,0.1,0.00,0,0.00,0,0.00,0,0.00,0,0.00,0
560,Penders,G,CHE,4.5,0.1,0.00,0,0.00,0,0.00,0,0.00,0,0.00,0
497,Dubravka,G,TOT,4,22.1,0.00,0,0.00,0,0.00,0,0.00,0,0.00,0
363,Leoni,D,LIV,4,0.1,0.00,0,0.00,0,0.00,0,0.00,0,0.00,0
6,Saliba,D,ARS,6,0.4,0.00,0,0.00,0,0.00,0,0.00,0,0.00,0
380,Ekitiké,F,LIV,7.5,0.2,0.00,0,0.00,0,0.00,0,0.00,0,0.00,0
322,Al-Hamadi,F,IPS,5,0.2,0.00,0,0.00,0,0.00,0,0.00,0,0.00,0
475,Savona,D,NFO,4.5,0,0.00,0,0.00,0,0.00,0,0.00,0,0.00,0
355,Davies,G,LIV,4,0.1,0.00,0,0.00,0,0.00,0,0.00,0,0.00,0
137,Tzimas,F,BHA,5.5,0,0.00,0,0.00,0,0.00,0,0.00,0,0.00,0
153,Disasi,D,CHE,4.5,0.1,0.00,0,0.00,0,0.00,0,0.00,0,0.00,0
30,Digne,D,AVL,4.5,1.4,0.00,0,0.00,0,0.00,0,0.00,0,0.00,0
477,Abbott,D,NFO,4,0.2,0.00,0,0.00,0,0.00,0,0.00,0,0.00,0
351,Mamardashvili,G,LIV,5,0.2,0.00,0,0.00,0,0.00,0,0.00,0,0.00,0
581,Diomande,D,NFO,5.5,0.4,0.00,0,0.00,0,0.00,0,0.00,0,0.00,0
582,Madjo,F,AVL,5.5,1.2,0.00,0,0.00,0,0.00,0,0.00,0,0.00,0
396,Vitor Reis,D,MCI,4.5,0,0.00,0,0.00,0,0.00,0,0.00,0,0.00,0
139,Ferguson,F,BHA,5,0,0.00,0,0.00,0,0.00,0,0.00,0,0.00,0
302,Button,G,IPS,4,0.5,0.00,0,0.00,0,0.00,0,0.00,0,0.00,0
150,M.Sarr,D,CHE,4.5,0.1,0.00,0,0.00,0,0.00,0,0.00,0,0.00,0
118,Igor,D,BHA,4.5,0.1,0.00,0,0.00,0,0.00,0,0.00,0,0.00,0
554,Van Oevelen,G,IPS,4.5,0.1,0.00,0,0.00,0,0.00,0,0.00,0,0.00,0
434,J.Fletcher,M,MUN,5,0,0.00,0,0.00,0,0.00,0,0.00,0,0.00,0
119,Costinha,D,BHA,4.5,0,0.00,0,0.00,0,0.00,0,0.00,0,0.00,0
178,Bidwell,D,COV,4,0.1,0.00,0,0.00,0,0.00,0,0.00,0,0.00,0
408,Phillips,M,MCI,5,0,0.00,0,0.00,0,0.00,0,0.00,0,0.00,0
251,Lecomte,G,FUL,4,1.4,0.00,0,0.00,0,0.00,0,0.00,0,0.00,0
29,M.Bizot,G,AVL,4.5,0.1,0.00,0,0.00,0,0.00,0,0.00,0,0.00,0
49,Iling Jr,M,AVL,5,0,0.00,0,0.00,0,0.00,0,0.00,0,0.00,0
406,Kovačić,M,MCI,5.5,0.1,0.00,0,0.00,0,0.00,0,0.00,0,0.00,0
191,Borges Rodrigues,M,COV,4.5,0.2,0.00,0,0.00,0,0.00,0,0.00,0,0.00,0
317,Hirst,F,IPS,5,0.4,0.00,0,0.00,0,0.00,0,0.00,0,0.00,0
478,Netz,D,NFO,4.5,0,0.00,0,0.00,0,0.00,0,0.00,0,0.00,0
187,Eccles,M,COV,5,0,0.00,0,0.00,0,0.00,0,0.00,0,0.00,0
298,Destan,F,HUL,4.5,2.3,0.00,0,0.00,0,0.00,0,0.00,0,0.00,0
111,Steele,G,BHA,4,4.4,0.00,0,0.00,0,0.00,0,0.00,0,0.00,0
523,Moore,M,TOT,5,0.2,0.00,0,0.00,0,0.00,0,0.00,0,0.00,0
443,Gillespie,G,NEW,4.5,0,0.00,0,0.00,0,0.00,0,0.00,0,0.00,0
466,Neave,F,NEW,4.5,0.7,0.00,0,0.00,0,0.00,0,0.00,0,0.00,0
352,Woodman,G,LIV,4,1.2,0.00,0,0.00,0,0.00,0,0.00,0,0.00,0
65,J.Araujo,D,BOU,4.5,0.1,0.00,0,0.00,0,0.00,0,0.00,0,0.00,0
538,Hjelde,D,SUN,4,0.3,0.00,0,0.00,0,0.00,0,0.00,0,0.00,0
52,Alysson,M,AVL,5,0,0.00,0,0.00,0,0.00,0,0.00,0,0.00,0
278,Hughes,D,HUL,4,0.4,0.00,0,0.00,0,0.00,0,0.00,0,0.00,0
171,Dovin,G,COV,4,2.2,0.00,0,0.00,0,0.00,0,0.00,0,0.00,0
163,D.Essugo,M,CHE,4.5,0.2,-0.25,5,-0.24,5,-0.28,5,-0.25,5,-0.27,5
