ID,Name,Pos,Team,Value,Ownership,1_Pts,1_xMins,2_Pts,2_xMins,3_Pts,3_xMins,4_Pts,4_xMins,5_Pts,5_xMins,6_Pts,6_xMins,7_Pts,7_xMins,8_Pts,8_xMins,9_Pts,9_xMins,10_Pts,10_xMins
426,B.Fernandes,M,MUN,12,49.6,7.40,90,7.55,90,6.15,90,5.89,90,6.31,90,6.97,90,6.27,90,7.04,90,5.75,90,6.73,90
411,Haaland,F,MCI,15.5,69.8,6.31,85,6.05,90,7.15,90,5.51,90,6.73,90,5.40,90,7.22,90,5.72,90,6.46,90,5.96,90
4,Gabriel,D,ARS,8,29.2,6.48,90,4.87,90,5.15,90,5.43,90,4.77,90,5.83,90,5.24,90,5.81,90,4.35,90,6.34,90
368,Szoboszlai,M,LIV,7,41.4,5.18,90,5.43,90,5.20,90,5.47,90,4.93,90,4.73,90,4.92,90,5.24,90,4.45,90,5.03,90
397,Semenyo,M,MCI,8.5,26.5,5.26,85,4.88,85,5.71,85,4.42,85,5.44,85,4.32,85,5.73,85,4.61,85,5.15,85,4.82,85
165,João Pedro,F,CHE,7.5,61.3,4.79,85,5.23,85,3.82,85,6.00,85,4.83,85,5.46,85,4.76,85,5.39,85,5.01,85,4.85,85
154,Palmer,M,CHE,9.5,10.5,4.74,85,5.16,85,3.81,85,5.96,85,4.77,85,5.38,85,4.76,85,5.33,85,4.94,85,4.86,85
106,Thiago,F,BRE,8,17.9,5.02,90,4.76,90,5.26,90,4.77,90,4.94,90,4.58,90,4.80,90,5.14,90,5.25,90,4.60,90
427,Mbeumo,M,MUN,8,32.6,5.32,77,5.50,77,4.51,77,4.32,77,4.62,77,5.08,77,4.59,77,5.13,77,4.22,77,4.91,77
236,Dewsbury-Hall,M,EVE,6.5,3.4,4.91,90,4.55,90,4.66,90,4.53,90,5.26,90,4.95,90,4.69,90,3.80,90,4.52,90,5.26,90
542,E.Le Fée,M,SUN,6,11.6,4.85,90,4.96,90,4.54,90,4.19,90,4.09,90,4.77,90,4.55,90,4.95,90,4.76,90,4.67,90
452,Bruno G.,M,ARS,7,8.6,4.04,60,4.43,77,4.68,77,4.62,77,4.43,77,4.97,77,4.59,77,4.91,77,4.23,77,5.29,77
480,Gibbs-White,M,NFO,8,11.9,4.91,90,4.12,90,5.01,90,4.37,90,5.37,90,4.62,90,4.03,90,4.81,90,4.52,90,4.32,90
261,Iwobi,M,FUL,5.5,1,4.11,85,4.48,85,4.96,85,4.04,85,4.53,85,4.66,85,5.35,85,4.67,85,4.26,85,4.84,85
208,Sarr,M,CRY,6.5,5.9,4.22,88,4.24,88,4.52,88,5.29,88,4.50,88,4.99,88,4.29,88,4.93,88,4.42,88,4.48,88
237,Ndiaye,M,EVE,6,15.7,4.70,88,4.38,88,4.50,88,4.37,88,5.07,88,4.77,88,4.52,88,3.68,88,4.36,88,5.07,88
12,Saka,M,ARS,9.5,9.4,2.75,35,4.42,75,4.73,75,4.64,75,4.42,75,5.10,75,4.60,75,5.02,75,4.17,75,5.53,75
155,Enzo,M,CHE,7,5.2,3.82,75,4.74,90,3.51,90,5.47,90,4.39,90,4.93,90,4.38,90,4.89,90,4.54,90,4.48,90
481,Anderson,M,MCI,6.5,9.1,4.58,90,4.50,90,4.75,90,4.26,90,4.70,90,4.21,90,4.72,90,4.36,90,4.56,90,4.48,90
15,Ødegaard,M,ARS,6.5,6.2,5.13,80,4.15,80,4.43,80,4.36,80,4.15,80,4.77,80,4.32,80,4.70,80,3.93,80,5.16,80
69,Scott,M,BOU,6,1.5,4.01,90,4.72,90,4.44,90,4.69,90,4.47,90,4.28,90,4.77,90,4.27,90,4.74,90,4.61,90
379,Isak,F,LIV,9,15.8,4.61,80,4.77,80,4.56,80,4.82,80,4.33,80,4.14,80,4.30,80,4.61,80,3.82,80,4.36,80
335,Stach,M,LEE,6,1,4.31,85,4.68,85,4.24,85,4.67,85,4.77,85,3.74,85,4.45,85,4.43,85,4.36,85,4.68,85
55,Watkins,F,AVL,8,11.9,3.90,75,3.78,80,4.73,80,4.83,80,4.29,80,4.82,80,4.32,80,4.14,80,4.90,80,4.02,80
346,Calvert-Lewin,F,LEE,6,28.3,4.09,90,4.73,90,4.15,90,4.73,90,4.80,90,3.49,90,4.41,90,4.29,90,4.30,90,4.70,90
68,Tavernier,M,BOU,6,1.7,3.49,85,4.65,85,4.19,85,4.66,85,4.24,85,3.95,85,4.74,85,3.92,85,4.72,85,4.47,85
514,Tel,M,TOT,6,0.6,3.96,70,4.58,70,4.13,70,4.56,70,4.42,70,3.79,70,4.91,70,3.82,70,4.69,70,4.14,70
79,Evanilson,F,BOU,6,2.2,3.50,80,4.56,80,4.19,80,4.63,80,4.24,80,3.96,80,4.64,80,3.93,80,4.65,80,4.44,80
41,Buendía,M,AVL,6,1.4,3.95,80,3.74,80,4.43,80,4.48,80,4.08,80,4.44,80,4.07,80,3.94,80,4.51,80,3.85,80
356,Virgil,D,LIV,6.5,18.3,3.97,90,4.71,90,4.30,90,4.66,90,3.87,90,3.62,90,3.95,90,4.28,90,3.68,90,4.24,90
200,Lacroix,D,CHE,6,10.2,4.05,90,4.14,90,3.17,90,4.95,90,3.87,90,4.22,90,4.14,90,4.35,90,3.95,90,4.32,90
241,McNeil,M,CRY,5.5,0.2,3.86,80,3.83,80,4.04,80,4.59,80,4.03,80,4.38,80,3.87,80,4.32,80,3.97,80,4.01,80
544,Xhaka,M,SUN,5.5,4.6,4.23,90,4.29,90,4.02,90,3.78,90,3.69,90,4.17,90,4.02,90,4.29,90,4.18,90,4.10,90
367,Gakpo,M,LIV,7,3.7,4.18,75,4.42,75,4.18,75,4.46,75,3.93,75,3.74,75,3.92,75,4.23,75,3.48,75,4.01,75
418,Maguire,D,MUN,5,14.1,5.02,90,4.56,90,3.95,90,3.36,90,3.89,90,4.27,90,3.95,90,4.15,90,3.25,90,4.13,90
1,Raya,G,ARS,6,35.4,4.94,90,3.60,90,3.74,90,4.09,90,3.49,90,4.32,90,3.90,90,4.34,90,3.16,90,4.70,90
11,Mosquera,D,ARS,5.5,10.2,4.90,88,3.57,88,3.75,88,4.07,88,3.47,88,4.33,88,3.88,88,4.34,88,3.12,88,4.72,88
26,Havertz,F,ARS,7.5,4.6,4.47,70,3.65,70,3.96,70,3.80,70,3.67,70,4.25,70,3.79,70,4.16,70,3.47,70,4.65,70
532,Ballard,D,SUN,5,4.7,4.29,90,4.51,90,3.80,90,3.50,90,2.91,90,4.13,90,3.72,90,4.58,90,4.34,90,3.92,90
123,Hinshelwood,M,BHA,6,0.4,4.09,80,3.68,80,4.43,80,4.18,80,3.51,80,4.00,80,4.46,80,3.58,80,3.41,80,4.36,80
127,Gomez,M,BHA,5,2.9,4.03,75,3.72,75,4.33,75,4.14,75,3.57,75,4.00,75,4.36,75,3.63,75,3.48,75,4.28,75
124,Groß,M,BHA,5.5,12.9,4.02,90,3.66,90,4.24,90,4.06,90,3.56,90,3.94,90,4.26,90,3.59,90,3.46,90,4.18,90
125,Georginio,F,BHA,5.5,1,4.02,70,3.68,70,4.26,70,4.05,70,3.48,70,3.89,70,4.29,70,3.60,70,3.45,70,4.23,70
95,O.Dango,M,BRE,6.5,1.4,3.97,80,3.79,80,4.20,80,3.75,80,3.87,80,3.63,80,3.77,80,4.10,80,4.16,80,3.63,80
8,Calafiori,D,ARS,5.5,30.1,4.73,75,3.45,75,3.65,75,3.89,75,3.36,75,4.20,75,3.73,75,4.18,75,3.04,75,4.61,75
60,Hill,D,BOU,5.5,1,2.72,90,4.51,90,3.60,90,4.23,90,3.68,90,3.29,90,4.68,90,3.27,90,4.49,90,4.07,90
398,Foden,M,MCI,7,4.6,4.01,70,3.75,70,4.29,70,3.44,70,4.11,70,3.37,70,4.29,70,3.56,70,3.92,70,3.71,70
45,McGinn,M,AVL,5.5,3.2,3.64,90,3.40,90,4.14,90,4.21,90,3.76,90,4.16,90,3.75,90,3.61,90,4.24,90,3.52,90
13,Rice,M,ARS,7.5,19.4,0.81,15,4.00,85,4.17,85,4.16,85,3.99,85,4.36,85,4.12,85,4.34,85,3.85,85,4.56,85
387,O'Reilly,D,MCI,6.5,21.5,3.96,77,3.76,77,4.56,77,3.07,77,4.43,77,2.93,77,4.44,77,3.39,77,3.86,77,3.71,77
327,Bijol,D,LEE,5,0.3,3.84,85,4.06,85,3.45,85,3.94,85,4.31,85,2.96,85,3.72,85,4.07,85,3.56,85,4.11,85
67,Rayan,M,BOU,6.5,3,3.18,85,4.05,85,3.68,85,4.04,85,3.72,85,3.50,85,4.13,85,3.48,85,4.10,85,3.90,85
70,Kluivert,M,BOU,6,1.1,3.01,80,4.10,80,3.67,80,4.11,80,3.72,80,3.44,80,4.19,80,3.42,80,4.16,80,3.93,80
43,Tielemans,M,MUN,6,2.3,4.08,80,4.03,80,3.66,80,3.54,80,3.69,80,3.87,80,3.69,80,3.87,80,3.49,80,3.81,80
464,Wissa,F,NEW,6,1.6,3.44,75,3.57,75,3.99,75,3.61,75,4.32,75,3.77,75,3.83,75,3.64,75,3.91,75,3.64,75
112,Van Hecke,D,TOT,5,9.1,3.47,90,3.84,90,3.71,90,4.24,90,3.89,90,3.01,90,4.48,90,3.03,90,4.24,90,3.73,90
366,Wirtz,M,LIV,7.5,14.3,3.85,75,4.04,75,3.86,75,4.07,75,3.66,75,3.52,75,3.65,75,3.89,75,3.33,75,3.73,75
463,Woltemade,F,NEW,6,1.7,3.47,75,3.58,75,3.93,75,3.61,75,4.22,75,3.75,75,3.80,75,3.64,75,3.87,75,3.64,75
447,Botman,D,NEW,5,0.4,3.09,75,3.50,75,3.75,75,3.68,75,4.36,75,3.88,75,3.78,75,3.69,75,4.05,75,3.62,75
423,Shaw,D,MUN,4.5,21.8,4.70,90,4.23,90,3.64,90,3.06,90,3.57,90,3.94,90,3.64,90,3.82,90,2.95,90,3.81,90
229,Tarkowski,D,EVE,6,9.4,4.12,90,3.39,90,3.56,90,3.51,90,4.29,90,4.21,90,3.58,90,2.72,90,3.34,90,4.48,90
210,Wharton,M,CRY,5.5,0.7,3.60,85,3.51,85,3.67,85,4.00,85,3.67,85,3.89,85,3.54,85,3.83,85,3.62,85,3.63,85
203,Canvot,D,CRY,5,0.5,3.64,90,3.19,90,3.69,90,4.23,90,3.76,90,4.19,90,3.30,90,3.82,90,3.54,90,3.44,90
40,Rogers,M,CHE,7.5,26.2,3.59,80,3.78,80,3.00,80,4.26,80,3.55,80,3.90,80,3.56,80,3.88,80,3.65,80,3.63,80
82,Kelleher,G,BRE,5,5.9,3.66,90,3.67,90,4.30,90,3.33,90,3.48,90,3.35,90,3.34,90,4.10,90,4.10,90,3.24,90
338,Ampadu,M,LEE,5.5,1.5,3.62,90,3.75,90,3.54,90,3.72,90,3.80,90,3.29,90,3.65,90,3.68,90,3.60,90,3.75,90
399,Cherki,M,MCI,7.5,7.9,3.82,60,3.49,60,4.06,60,3.18,60,3.87,60,3.12,60,4.07,60,3.31,60,3.68,60,3.45,60
140,Sánchez,G,CHE,5,2.2,3.58,90,3.60,90,2.76,90,4.44,90,3.34,90,3.69,90,3.61,90,3.82,90,3.39,90,3.79,90
214,Kamada,M,CRY,5,0.3,3.48,85,3.41,85,3.57,85,3.91,85,3.57,85,3.80,85,3.44,85,3.74,85,3.52,85,3.54,85
260,Wilson,M,LEE,6.5,7.1,3.46,75,3.82,75,3.39,75,3.81,75,3.90,75,2.93,75,3.59,75,3.56,75,3.50,75,3.81,75
445,Thiaw,D,NEW,5,1.8,2.72,90,3.23,90,3.61,90,3.45,90,4.41,90,3.71,90,3.60,90,3.47,90,3.96,90,3.38,90
159,Caicedo,M,CHE,5.5,3.9,3.49,90,3.60,90,3.05,90,3.93,90,3.45,90,3.67,90,3.48,90,3.68,90,3.52,90,3.53,90
384,Donnarumma,G,MCI,5.5,9.2,3.60,90,3.54,90,4.17,90,2.88,90,4.13,90,2.75,90,3.99,90,3.20,90,3.53,90,3.51,90
94,Schade,M,BRE,6,3.4,3.59,80,3.43,80,3.83,80,3.39,80,3.51,80,3.28,80,3.41,80,3.73,80,3.79,80,3.28,80
454,Elanga,M,NEW,6,0.7,3.20,75,3.34,75,3.67,75,3.40,75,4.02,75,3.54,75,3.56,75,3.42,75,3.67,75,3.41,75
61,Truffert,D,BOU,5.5,4.9,2.35,90,4.20,90,3.25,90,3.94,90,3.32,90,2.93,90,4.39,90,2.91,90,4.20,90,3.74,90
417,Dalot,D,MUN,5,2.9,4.44,80,4.02,80,3.40,80,2.88,80,3.35,80,3.72,80,3.41,80,3.62,80,2.77,80,3.58,80
552,Brobbey,F,SUN,6,15,3.71,80,3.82,80,3.43,80,3.08,80,3.05,80,3.66,80,3.45,80,3.79,80,3.60,80,3.56,80
357,Frimpong,D,LIV,5.5,3.3,3.44,80,4.11,80,3.68,80,4.08,80,3.25,80,3.00,80,3.32,80,3.68,80,2.99,80,3.58,80
491,Igor Jesus,F,NFO,6,4.9,3.69,80,3.23,80,3.75,80,3.36,80,3.95,80,3.50,80,3.13,80,3.63,80,3.46,80,3.35,80
385,Trafford,G,LEE,5,2.9,3.54,90,3.74,90,3.12,90,3.60,90,4.00,90,2.73,90,3.35,90,3.75,90,3.21,90,3.78,90
84,Collins,D,BRE,5.5,2,3.47,90,3.47,90,4.14,90,3.13,90,3.31,90,3.12,90,3.15,90,3.93,90,3.94,90,3.01,90
87,Ajer,D,BRE,4.5,2.4,3.46,85,3.48,85,4.08,85,3.16,85,3.32,85,3.15,85,3.17,85,3.89,85,3.89,85,3.05,85
467,Sels,G,NFO,5,1.6,3.91,90,2.79,90,3.78,90,3.23,90,4.21,90,3.57,90,3.16,90,3.58,90,3.29,90,3.02,90
36,Maatsen,D,AVL,4.5,0.9,3.08,77,3.05,77,3.97,77,3.98,77,3.34,77,3.78,77,3.20,77,3.02,77,3.94,77,2.91,77
371,Gravenberch,M,LIV,6,1.9,3.45,85,3.61,85,3.49,85,3.62,85,3.35,85,3.25,85,3.35,85,3.50,85,3.15,85,3.42,85
97,Jensen,M,BRE,5.5,0.2,3.46,70,3.37,70,3.60,70,3.33,70,3.41,70,3.27,70,3.35,70,3.54,70,3.57,70,3.27,70
223,Mateta,F,CRY,6.5,6,1.50,30,3.37,75,3.51,75,3.97,75,3.49,75,3.78,75,3.40,75,3.77,75,3.46,75,3.51,75
315,Fatawu,M,IPS,5.5,0.3,3.71,80,3.41,80,3.48,80,3.47,80,3.40,80,3.43,80,3.12,80,3.32,80,3.26,80,3.15,80
412,Lammens,G,MUN,5,18,4.30,90,3.75,90,3.33,90,2.77,90,3.23,90,3.52,90,3.31,90,3.39,90,2.69,90,3.41,90
130,Wieffer,D,BHA,5,0.3,3.44,85,2.82,85,4.02,85,3.76,85,2.96,85,3.67,85,4.05,85,2.65,85,2.40,85,3.78,85
469,N.Williams,D,NFO,5,10.8,3.87,90,2.57,90,3.78,90,3.07,90,4.28,90,3.47,90,2.89,90,3.54,90,3.18,90,2.85,90
488,Sangaré,M,NFO,5,1,3.47,80,3.17,80,3.47,80,3.27,80,3.59,80,3.38,80,3.17,80,3.42,80,3.32,80,3.24,80
113,F.Kadıoğlu,D,BHA,4.5,3.1,3.42,85,2.80,85,4.04,85,3.76,85,2.93,85,3.66,85,4.06,85,2.63,85,2.38,85,3.79,85
202,Richards,D,CRY,5,0.8,3.29,90,2.84,90,3.34,90,3.91,90,3.41,90,3.85,90,2.95,90,3.48,90,3.19,90,3.08,90
239,Garner,M,EVE,6,0.2,0.00,0,1.27,30,3.98,90,3.90,90,4.26,90,4.14,90,3.99,90,3.47,90,3.89,90,4.28,90
142,James,D,CHE,5.5,9.1,3.25,70,3.36,70,2.32,70,4.20,70,3.05,70,3.50,70,3.24,70,3.57,70,3.15,70,3.39,70
295,McBurnie,F,HUL,5.5,1.5,3.44,90,3.86,90,3.79,90,3.32,90,3.36,90,3.43,90,3.12,90,3.14,90,3.08,90,2.43,90
527,Richarlison,F,TOT,6,2.7,5.01,80,3.28,45,2.93,45,3.23,45,3.15,45,2.71,45,3.49,45,2.74,45,3.34,45,2.94,45
369,Ngumoha,M,LIV,6,1.2,3.38,60,3.55,60,3.37,60,3.58,60,3.18,60,3.05,60,3.18,60,3.40,60,2.85,60,3.24,60
198,Henderson,G,CRY,5,3.2,3.28,90,2.81,90,3.27,90,3.81,90,3.35,90,3.77,90,2.92,90,3.40,90,3.14,90,3.02,90
453,Barnes,M,NEW,6,1.1,2.94,65,3.09,65,3.43,65,3.14,65,3.78,65,3.29,65,3.31,65,3.16,65,3.42,65,3.15,65
267,Lukić,M,IPS,5,0.1,3.38,80,3.03,80,3.21,80,3.25,80,3.20,80,3.46,80,2.89,80,3.45,80,3.42,80,3.41,80
149,Colwill,D,CHE,5,1.7,3.43,90,3.46,90,2.46,90,4.20,90,3.03,90,3.34,90,3.21,90,3.36,90,2.90,90,3.25,90
233,Mykolenko,D,EVE,4.5,1.5,3.67,90,2.93,90,3.09,90,3.05,90,3.82,90,3.74,90,3.11,90,2.30,90,2.88,90,4.01,90
265,Berge,M,FUL,5,0.4,3.06,80,3.24,80,3.42,80,2.99,80,3.22,80,3.28,80,3.58,80,3.30,80,3.11,80,3.34,80
257,Bassey,D,FUL,4.5,0.7,2.49,80,3.43,90,3.81,90,2.37,90,3.07,90,3.33,90,4.30,90,3.51,90,2.87,90,3.39,90
388,Guéhi,D,MCI,6,19.4,3.34,65,3.22,65,3.81,65,2.69,65,3.73,65,2.58,65,3.70,65,2.94,65,3.28,65,3.19,65
86,Lewis-Potter,M,BRE,5.5,0.5,3.29,70,3.20,70,3.44,70,3.16,70,3.23,70,3.09,70,3.17,70,3.38,70,3.41,70,3.09,70
390,Rúben,D,MCI,5.5,1.6,3.29,70,3.24,70,3.75,70,2.70,70,3.71,70,2.60,70,3.62,70,2.96,70,3.26,70,3.21,70
449,Hall,D,NEW,5,3.6,2.42,85,2.90,85,3.31,85,3.11,85,4.11,85,3.37,85,3.28,85,3.13,85,3.62,85,3.05,85
230,Branthwaite,D,EVE,5.5,1.8,2.79,60,2.32,60,2.43,60,3.32,85,4.09,85,3.99,85,3.39,85,2.55,85,3.15,85,4.26,85
109,Verbruggen,G,BHA,4.5,19.5,3.27,90,2.73,90,3.81,90,3.59,90,2.96,90,3.56,90,3.82,90,2.59,90,2.38,90,3.55,90
557,Tzolis,M,ARS,6.5,17.7,4.11,80,3.38,80,3.46,80,3.35,80,3.10,80,3.30,80,3.00,80,3.03,80,2.63,80,2.89,80
350,A.Becker,G,LIV,5.5,3.8,3.03,90,3.73,90,3.35,90,3.67,90,2.98,90,2.78,90,3.06,90,3.32,90,2.93,90,3.33,90
525,Fernandes,M,TOT,6,2.2,3.15,80,3.28,80,3.17,80,3.33,80,3.26,80,3.01,80,3.42,80,3.02,80,3.35,80,3.18,80
471,Milenković,D,NFO,5.5,2.2,3.67,90,2.50,90,3.57,90,2.97,90,4.01,90,3.33,90,2.85,90,3.37,90,3.05,90,2.75,90
254,Robinson,D,FUL,4.5,2,2.69,80,3.34,80,3.68,80,2.39,80,3.03,80,3.25,80,4.12,80,3.42,80,2.83,80,3.31,80
249,Barry,F,EVE,5.5,1.2,3.25,70,3.10,70,3.17,70,3.07,70,3.54,70,3.31,70,3.19,70,2.62,70,3.09,70,3.52,70
472,Murillo,D,NFO,5.5,1.3,3.64,90,2.48,90,3.54,90,2.95,90,3.97,90,3.32,90,2.83,90,3.34,90,3.04,90,2.73,90
10,White,D,ARS,5.5,3.5,4.67,75,3.41,75,2.83,60,3.02,60,2.62,60,3.24,60,2.90,60,3.23,60,2.37,60,3.54,60
428,Cunha,M,MUN,8,11,1.26,20,3.74,70,3.27,70,3.14,70,3.31,70,3.54,70,3.30,70,3.55,70,3.09,70,3.46,70
156,Neto,M,CHE,6.5,1.3,3.08,65,3.25,65,2.49,65,3.71,65,3.03,65,3.37,65,3.03,65,3.35,65,3.12,65,3.09,65
498,Senesi,D,TOT,6,9.2,2.96,70,3.20,70,3.11,70,3.50,70,3.23,70,2.58,70,3.67,70,2.60,70,3.50,70,3.12,70
47,Kamara,M,AVL,5,0.3,3.06,80,2.94,80,3.31,80,3.33,80,3.11,80,3.29,80,3.09,80,3.02,80,3.33,80,2.97,80
304,O'Shea,D,IPS,4,3.2,3.65,90,2.63,90,2.93,90,3.25,90,3.23,90,3.47,90,2.20,90,3.49,90,3.48,90,3.09,90
569,Gonzalo,F,FUL,6,2,3.37,75,3.51,75,3.68,75,3.09,75,3.22,75,3.14,75,3.20,75,2.81,75,2.58,75,2.53,75
529,Roefs,G,SUN,5,4.7,3.41,90,3.56,90,2.93,90,2.78,90,2.20,90,3.20,90,2.84,90,3.63,90,3.42,90,3.00,90
316,Emersonn,F,IPS,5.5,0.4,3.67,85,3.28,85,3.36,85,3.26,85,3.11,85,3.19,85,2.75,85,2.91,85,2.76,85,2.65,85
329,Rodon,D,LEE,4.5,2.7,3.10,85,3.34,85,2.73,85,3.21,85,3.59,85,2.29,85,2.98,85,3.34,85,2.83,85,3.38,85
473,Aina,D,NFO,4.5,3.9,3.57,90,2.34,90,3.46,90,2.82,90,3.93,90,3.20,90,2.69,90,3.25,90,2.92,90,2.60,90
32,Cash,D,AVL,4.5,8.5,2.68,85,2.65,85,3.69,85,3.71,85,2.97,85,3.48,85,2.81,85,2.62,85,3.67,85,2.49,85
98,Janelt,M,BRE,5,0.1,3.09,70,3.02,70,3.21,70,2.98,70,3.04,70,2.92,70,2.99,70,3.16,70,3.18,70,2.92,70
226,Pickford,G,EVE,5.5,8.4,3.44,90,2.71,90,2.85,90,2.84,90,3.51,90,3.48,90,2.86,90,2.23,90,2.66,90,3.70,90
571,Florentino,M,IPS,5,0.1,3.09,80,2.92,80,3.00,80,3.04,80,3.03,80,3.08,80,2.85,80,3.09,80,3.10,80,3.05,80
204,Mitchell,D,CRY,4.5,6.6,2.94,90,2.48,90,2.99,90,3.67,90,3.06,90,3.57,90,2.59,90,3.19,90,2.84,90,2.74,90
162,Andrey Santos,M,MUN,5,1.1,3.20,70,3.18,70,2.89,70,2.78,70,2.91,70,3.05,70,2.91,70,3.05,70,2.75,70,3.00,70
389,Matheus N.,D,MCI,6,2.4,3.07,65,2.94,65,3.52,65,2.42,65,3.44,65,2.31,65,3.41,65,2.66,65,3.00,65,2.91,65
250,Leno,G,FUL,4.5,3.2,2.54,90,3.15,90,3.40,90,2.19,90,2.75,90,2.99,90,3.81,90,3.18,90,2.63,90,3.00,90
455,Tonali,M,TOT,5.5,4.1,2.86,80,3.00,80,2.87,80,3.04,80,2.97,80,2.71,80,3.16,80,2.72,80,3.08,80,2.88,80
499,Pedro Porro,D,TOT,5.5,22.8,0.74,20,3.21,80,3.08,80,3.56,80,3.25,80,2.47,80,3.78,80,2.49,80,3.57,80,3.10,80
160,Garnacho,M,AVL,6,0.7,2.76,60,2.55,60,3.16,60,3.22,60,2.85,60,3.18,60,2.85,60,2.73,60,3.24,60,2.66,60
253,Andersen,D,FUL,5,0,0.00,0,3.39,90,3.64,90,2.38,90,3.01,90,3.23,90,4.04,90,3.43,90,2.85,90,3.24,90
393,Khusanov,D,MCI,5.5,1.8,2.96,60,2.90,60,3.34,60,2.45,60,3.30,60,2.36,60,3.24,60,2.67,60,2.93,60,2.88,60
358,Kerkez,D,LIV,5.5,4.2,2.76,80,3.40,80,3.03,80,3.36,80,2.67,80,2.47,80,2.74,80,3.02,80,2.54,80,2.98,80
332,Justin,D,LEE,4.5,0.6,2.89,70,3.12,70,2.58,70,3.02,70,3.32,70,2.17,70,2.81,70,3.08,70,2.68,70,3.15,70
131,Baleba,M,BHA,5,0.2,0.32,10,3.08,80,3.28,80,3.25,80,3.07,80,3.23,80,3.28,80,3.04,80,2.99,80,3.24,80
268,King,M,FUL,5.5,0.2,2.52,60,2.80,60,3.13,60,2.50,60,2.83,60,2.92,60,3.39,60,2.92,60,2.65,60,3.04,60
46,Barkley,M,AVL,5,0.2,2.74,60,2.57,60,3.06,60,3.10,60,2.81,60,3.07,60,2.81,60,2.71,60,3.12,60,2.66,60
456,J.Ramsey,M,NEW,5,0.4,2.64,65,2.74,65,2.96,65,2.78,65,3.19,65,2.88,65,2.89,65,2.80,65,2.97,65,2.79,65
242,George,M,EVE,5.5,0.3,3.25,80,2.90,80,2.93,80,2.81,80,3.19,80,2.97,80,2.76,80,2.29,80,2.58,80,2.92,80
545,Sadiki,M,SUN,5,0.4,2.95,90,3.00,90,2.79,90,2.66,90,2.58,90,2.90,90,2.79,90,3.01,90,2.92,90,2.84,90
534,Hume,D,SUN,4.5,6.1,3.13,80,3.32,80,2.63,80,2.37,80,1.85,80,2.95,80,2.57,80,3.38,80,3.12,80,2.75,80
536,Reinildo,D,SUN,4.5,0.5,3.10,85,3.27,85,2.64,85,2.44,85,1.89,85,2.92,85,2.56,85,3.34,85,3.12,85,2.73,85
535,Alderete,D,SUN,5,0.3,0.55,15,3.43,80,2.92,80,2.77,80,2.26,80,3.14,80,2.85,80,3.50,80,3.35,80,2.99,80
277,Egan,D,HUL,4,1.8,2.43,85,3.20,85,3.05,85,2.34,85,2.55,85,3.27,85,2.79,85,2.93,85,3.11,85,2.04,85
391,Gvardiol,D,MCI,5.5,11.5,2.84,60,2.76,60,3.24,60,2.30,60,3.19,60,2.20,60,3.14,60,2.52,60,2.79,60,2.73,60
575,Yirenkyi,M,COV,5,0.2,2.58,80,3.44,80,2.68,80,2.96,80,2.80,80,2.82,80,2.62,80,2.70,80,2.64,80,2.43,80
104,Onyeka,M,COV,5,0.1,2.58,80,3.44,80,2.68,80,2.96,80,2.80,80,2.82,80,2.62,80,2.70,80,2.64,80,2.43,80
184,Grimes,M,COV,5,0.2,2.58,80,3.44,80,2.68,80,2.96,80,2.80,80,2.82,80,2.62,80,2.70,80,2.64,80,2.43,80
190,Tchaouna,M,COV,5.5,0.1,2.27,70,3.12,70,2.46,70,2.83,70,2.73,70,2.88,70,2.70,70,2.94,70,2.96,70,2.71,70
88,Kayode,D,BRE,4.5,3.4,2.78,90,2.75,90,3.46,90,2.41,90,2.59,90,2.39,90,2.43,90,3.24,90,3.25,90,2.29,90
290,Slater,M,HUL,4.5,2.5,2.83,85,3.08,85,3.01,85,2.72,85,2.74,85,2.86,85,2.67,85,2.68,85,2.67,85,2.33,85
264,Bobb,M,FUL,5.5,0.3,2.59,70,2.71,70,2.92,70,2.47,70,2.70,70,2.77,70,3.10,70,2.78,70,2.59,70,2.84,70
362,Jacquet,D,LIV,5,2.3,2.80,77,3.36,77,2.97,77,3.21,77,2.55,77,2.33,77,2.53,77,2.71,77,2.34,77,2.63,77
57,Petrović,G,BOU,4.5,3.5,1.83,90,3.32,90,2.48,90,3.04,90,2.54,90,2.25,90,3.49,90,2.24,90,3.30,90,2.90,90
330,Bogle,D,LEE,4.5,0.5,2.71,75,3.00,75,2.37,75,2.89,75,3.23,75,1.89,75,2.62,75,2.91,75,2.48,75,3.03,75
336,Okafor,M,LEE,6,0.6,2.56,55,2.91,55,2.55,55,2.90,55,2.97,55,2.17,55,2.70,55,2.67,55,2.63,55,2.90,55
232,O'Brien,D,EVE,5,0.5,3.05,80,2.40,80,2.54,80,2.51,80,3.19,80,3.12,80,2.56,80,1.85,80,2.36,80,3.35,80
152,Palestra,D,CHE,5.5,2.7,2.82,75,2.85,75,2.02,75,3.49,75,2.48,75,2.76,75,2.63,75,2.77,75,2.38,75,2.66,75
334,Muharemović,D,LEE,5,2.8,2.84,90,3.07,90,2.36,90,2.85,90,3.21,90,1.84,90,2.46,90,2.82,90,2.25,90,2.76,90
309,Núñez,M,IPS,5,0.1,2.98,80,2.67,80,2.73,80,2.72,80,2.65,80,2.73,80,2.38,80,2.61,80,2.54,80,2.44,80
306,Greaves,D,IPS,4,1.1,3.09,80,2.19,80,2.46,80,2.73,80,2.72,80,2.94,80,1.81,80,2.95,80,2.95,80,2.61,80
206,Chadi Riad,D,CRY,4.5,0.1,2.69,80,2.26,80,2.67,80,3.15,80,2.70,80,3.05,80,2.26,80,2.67,80,2.42,80,2.30,80
419,Martinez,D,MUN,5,0.9,0.46,15,3.27,80,2.91,80,2.42,80,2.83,80,3.08,80,2.90,80,2.96,80,2.34,80,2.99,80
526,Solanke,F,TOT,6,1.6,0.46,10,2.92,75,2.77,75,2.90,75,2.87,75,2.68,75,3.01,75,2.69,75,2.95,75,2.78,75
34,Pau,D,AVL,4.5,0.4,2.25,80,2.26,80,3.13,80,3.15,80,2.51,80,2.94,80,2.35,80,2.19,80,3.10,80,2.08,80
73,Adams,M,BOU,5,0.4,2.31,65,2.70,65,2.53,65,2.68,65,2.55,65,2.45,65,2.73,65,2.44,65,2.71,65,2.63,65
566,Silva,D,BOU,5,0.3,1.75,88,3.34,88,2.42,88,2.98,88,2.40,88,2.06,88,3.26,88,1.97,88,2.98,88,2.54,88
519,Gallagher,M,TOT,5.5,0.3,2.50,60,2.63,60,2.53,60,2.66,60,2.60,60,2.40,60,2.74,60,2.41,60,2.68,60,2.54,60
116,Dunk,D,BHA,4.5,0.9,2.60,70,2.17,70,3.05,70,2.87,70,2.30,70,2.82,70,3.06,70,2.04,70,1.86,70,2.86,70
502,Robertson,D,TOT,4.5,3.2,2.33,69,2.62,69,2.48,69,2.90,69,2.63,69,1.97,69,3.11,69,1.98,69,2.92,69,2.50,69
533,Mukiele,D,SUN,5.5,2.3,0.49,15,3.22,80,2.64,80,2.46,80,1.95,80,2.90,80,2.57,80,3.29,80,3.09,80,2.72,80
567,Horníček,G,NEW,5,0.6,1.78,90,2.25,90,2.54,90,2.46,90,3.28,90,2.68,90,2.56,90,2.47,90,2.90,90,2.38,90
496,Kinsky,G,TOT,4.5,21.6,2.29,90,2.54,90,2.49,90,2.95,90,2.61,90,1.87,90,3.14,90,1.88,90,2.93,90,2.50,90
462,Steur,M,NEW,5,0.1,2.60,65,2.64,65,2.75,65,2.52,65,2.75,65,2.43,65,2.34,65,2.21,65,2.21,65,2.04,65
175,van Ewijk,D,COV,4,14.4,1.43,90,3.55,90,1.57,90,2.56,90,2.50,90,2.53,90,2.23,90,2.76,90,2.98,90,2.36,90
279,Ajayi,D,HUL,4,0.9,2.09,80,2.81,80,2.68,80,2.01,80,2.20,80,2.89,80,2.43,80,2.57,80,2.76,80,1.73,80
565,Sangaré,M,BRE,5.5,2.5,2.41,80,2.41,80,2.51,80,2.36,80,2.39,80,2.36,80,2.36,80,2.48,80,2.48,80,2.34,80
406,Kovačić,M,MCI,5.5,0.1,2.60,65,2.46,65,2.75,65,2.26,65,2.59,65,2.16,65,2.56,65,2.20,65,2.31,65,2.20,65
5,J.Timber,D,ARS,6.5,0.2,0.00,0,0.00,0,0.00,0,0.90,20,1.83,40,3.55,60,4.23,80,4.75,80,3.45,80,5.25,80
259,Diop,D,IPS,4,18.1,2.81,85,1.84,85,2.13,85,2.44,85,2.43,85,2.73,85,1.46,85,2.76,85,2.75,85,2.41,85
287,Millar,M,HUL,5,0.1,2.43,70,2.64,70,2.58,70,2.34,70,2.36,70,2.46,70,2.30,70,2.31,70,2.30,70,2.02,70
581,Diomande,D,NFO,5.5,0.6,2.89,75,1.88,75,2.72,75,2.20,75,3.01,75,2.43,75,2.05,75,2.38,75,2.11,75,1.86,75
483,Ndoye,M,NFO,5.5,0.5,2.48,60,2.15,60,2.49,60,2.25,60,2.63,60,2.35,60,2.14,60,2.42,60,2.31,60,2.23,60
193,Wright,F,COV,5.5,0.5,0.00,0,1.52,30,2.82,70,3.14,70,2.89,70,2.95,70,2.64,70,2.65,70,2.48,70,2.25,70
558,Schlager,M,NFO,5,0.1,2.75,65,2.36,65,2.61,65,2.34,65,2.56,65,2.29,65,2.11,65,2.19,65,2.06,65,1.96,65
176,Dasilva,D,COV,4,0.8,1.38,80,3.24,80,1.50,80,2.37,80,2.31,80,2.34,80,2.08,80,2.54,80,2.74,80,2.19,80
182,Amenda,D,COV,4,0.8,1.38,80,3.24,80,1.50,80,2.37,80,2.31,80,2.34,80,2.08,80,2.54,80,2.74,80,2.19,80
173,Thomas,D,COV,4,7.8,1.38,80,3.24,80,1.50,80,2.37,80,2.31,80,2.34,80,2.08,80,2.54,80,2.74,80,2.19,80
258,Castagne,D,FUL,4.5,0.3,1.87,60,2.35,60,2.62,60,1.66,60,2.13,60,2.30,60,2.95,60,2.41,60,1.98,60,2.35,60
186,Mason-Clark,M,COV,5.5,0.1,0.00,0,3.07,70,2.40,70,2.64,70,2.51,70,2.53,70,2.35,70,2.42,70,2.37,70,2.19,70
282,Giles,D,HUL,4,0.8,1.87,85,2.65,85,2.52,85,1.78,85,1.99,85,2.75,85,2.23,85,2.42,85,2.65,85,1.48,85
31,Konsa,D,AVL,4.5,15.8,0.00,0,0.61,23,1.73,45,2.70,68,2.83,90,3.23,90,2.65,90,2.49,90,3.41,90,2.38,90
576,Stroud,M,HUL,5,0.1,2.25,65,2.44,65,2.38,65,2.17,65,2.18,65,2.27,65,2.12,65,2.13,65,2.12,65,1.86,65
286,Belloumi,M,HUL,5,0.4,2.25,65,2.44,65,2.38,65,2.17,65,2.18,65,2.27,65,2.12,65,2.13,65,2.12,65,1.86,65
574,Hjertø-Dahl,M,HUL,5,0.1,2.25,65,2.44,65,2.38,65,2.17,65,2.18,65,2.27,65,2.12,65,2.13,65,2.12,65,1.86,65
562,Maeda,M,IPS,5.5,0.4,2.46,65,2.21,65,2.26,65,2.25,65,2.20,65,2.26,65,1.98,65,2.16,65,2.11,65,2.03,65
110,Rushworth,G,COV,4.5,1,1.16,90,3.07,90,1.28,90,2.22,90,2.22,90,2.27,90,2.02,90,2.58,90,2.85,90,2.26,90
564,Scherpen,G,IPS,4.5,0.5,2.55,90,1.57,90,1.87,90,2.21,90,2.22,90,2.55,90,1.25,90,2.61,90,2.62,90,2.28,90
503,Van de Ven,D,TOT,5,7.3,0.23,10,2.39,80,2.33,80,2.75,80,2.45,80,1.76,80,2.93,80,1.77,80,2.75,80,2.34,80
570,Palacios,M,FUL,5.5,0.2,2.28,60,2.35,60,2.43,60,2.07,60,2.16,60,2.14,60,2.24,60,2.03,60,1.88,60,1.89,60
64,Smith,D,BOU,4.5,0.1,1.33,65,2.57,65,1.92,65,2.39,65,1.97,65,1.72,65,2.70,65,1.70,65,2.58,65,2.26,65
280,Coyle,D,HUL,4,0.7,1.73,80,2.46,80,2.34,80,1.65,80,1.84,80,2.56,80,2.06,80,2.25,80,2.47,80,1.36,80
201,Muñoz,D,CRY,5.5,10.6,1.98,45,1.79,45,2.05,45,2.44,45,2.08,45,2.36,45,1.85,45,2.19,45,1.97,45,1.94,45
512,Kudus,M,TOT,6.5,0.1,0.00,0,0.00,0,1.23,30,2.81,60,2.73,60,2.45,60,2.95,60,2.46,60,2.86,60,2.62,60
515,Maddison,M,TOT,6.5,1.5,0.28,10,2.56,60,2.34,60,2.43,60,2.29,60,2.03,60,2.27,60,1.92,60,2.05,60,1.88,60
551,Angulo,M,SUN,5,0.1,2.24,60,2.24,60,2.04,60,1.91,60,1.83,60,2.03,60,1.92,60,2.03,60,1.94,60,1.86,60
572,Tzolakis,G,HUL,4.5,0.5,1.53,90,2.33,90,2.21,90,1.49,90,1.72,90,2.55,90,2.03,90,2.27,90,2.55,90,1.31,90
121,Mitoma,M,BHA,6,0.1,0.00,0,0.00,0,1.15,25,2.85,60,2.43,60,2.74,60,3.02,60,2.47,60,2.36,60,2.96,60
305,Davis,D,IPS,4,5.2,2.49,90,1.44,90,1.74,90,2.06,90,2.05,90,2.36,90,1.01,90,2.37,90,2.34,90,1.98,90
21,Nørgaard,M,EVE,5,0.3,0.14,5,2.31,60,2.30,60,2.21,60,2.36,60,2.23,60,2.08,60,1.86,60,1.94,60,2.03,60
415,Dorgu,M,MUN,6,1.5,4.36,70,1.79,30,1.60,30,1.54,30,1.62,30,1.71,30,1.61,30,1.72,30,1.52,30,1.68,30
504,Vuskovic,D,BHA,5,2.6,2.08,60,1.69,60,2.38,60,2.20,60,1.75,60,2.11,60,2.25,60,1.45,60,1.30,60,1.98,60
521,Kulusevski,M,TOT,6.5,0,0.00,0,1.22,30,1.11,30,2.46,60,2.32,60,2.07,60,2.29,60,1.96,60,2.07,60,1.92,60
209,Johnson,M,EVE,6,0.2,1.77,49,1.64,49,1.68,49,1.64,49,1.86,49,1.78,49,1.69,49,1.43,49,1.63,49,1.87,49
337,Aaronson,M,LEE,5.5,0.9,1.50,35,1.57,35,1.41,35,1.57,35,1.60,35,1.23,35,1.48,35,1.47,35,1.45,35,1.57,35
431,Amad,M,MUN,6,1.6,1.75,30,1.59,30,1.38,30,1.33,30,1.40,30,1.50,30,1.40,30,1.51,30,1.31,30,1.47,30
195,Simms,F,COV,5,0.8,2.83,75,2.32,45,1.13,30,1.26,30,1.15,30,1.18,30,1.05,30,1.05,30,0.97,30,0.88,30
294,Zambrano,M,HUL,4.5,0.2,0.00,0,0.00,0,0.00,0,1.97,60,1.99,60,2.07,60,1.93,60,1.94,60,1.93,60,1.70,60
207,Mingueza,D,CRY,4.5,0.1,1.39,45,1.18,45,1.37,45,1.62,45,1.37,45,1.54,45,1.14,45,1.33,45,1.20,45,1.13,45
115,De Cuyper,D,BHA,4.5,1.6,3.61,75,2.94,75,0.96,20,0.89,20,0.70,20,0.86,20,0.97,20,0.68,20,0.62,20,0.93,20
262,Smith Rowe,M,FUL,5.5,0.4,1.27,30,1.23,30,1.35,30,1.13,30,1.24,30,1.28,30,1.44,30,1.28,30,1.18,30,1.32,30
484,Hutchinson,M,NFO,5.5,0.2,1.34,30,1.06,30,1.25,30,1.11,30,1.32,30,1.17,30,1.05,30,1.21,30,1.14,30,1.10,30
429,Rashford,M,MUN,7,1.5,1.44,30,1.42,30,1.21,30,1.13,30,1.15,30,1.17,30,1.07,30,1.08,30,0.94,30,0.97,30
465,Osula,F,NEW,6,1,1.18,25,1.04,25,1.14,25,1.05,25,1.21,25,1.09,25,1.10,25,1.06,25,1.12,25,1.05,25
549,Talbi,M,SUN,5.5,0.2,1.23,30,1.15,30,1.05,30,0.97,30,0.95,30,1.10,30,1.05,30,1.14,30,1.10,30,1.07,30
16,Madueke,M,ARS,6.5,0.3,4.27,65,0.67,15,0.72,15,0.70,15,0.67,15,0.78,15,0.70,15,0.77,15,0.63,15,0.86,15
421,Heaven,D,MUN,4.5,0.4,3.40,70,0.93,25,0.79,25,0.68,25,0.78,25,0.87,25,0.79,25,0.85,25,0.66,25,0.84,25
63,Milosavljević,D,BOU,5,0,0.82,30,1.25,30,1.01,30,1.16,30,1.01,30,0.92,30,1.24,30,0.90,30,1.17,30,1.06,30
487,Dominguez,M,NFO,5,0.1,1.13,30,0.94,30,1.06,30,0.98,30,1.11,30,1.01,30,0.93,30,1.03,30,0.99,30,0.97,30
543,Diarra,M,SUN,5.5,0.1,1.12,30,1.05,30,0.94,30,0.86,30,0.84,30,1.00,30,0.94,30,1.04,30,0.99,30,0.97,30
313,Clarke,M,IPS,5.5,0.3,1.06,30,0.95,30,0.98,30,0.97,30,0.94,30,0.97,30,0.85,30,0.92,30,0.90,30,0.86,30
53,Manzambi,M,AVL,6,0.7,0.14,5,1.05,30,1.18,30,1.15,30,1.03,30,1.06,30,0.96,30,0.91,30,0.95,30,0.84,30
289,Crooks,M,HUL,4.5,0.6,0.96,30,1.03,30,1.01,30,0.92,30,0.92,30,0.96,30,0.89,30,0.89,30,0.89,30,0.78,30
324,Mehmeti,M,IPS,5,0.1,1.05,30,0.94,30,0.96,30,0.95,30,0.93,30,0.95,30,0.83,30,0.90,30,0.88,30,0.85,30
25,Gyökeres,F,ARS,7.5,10.4,1.34,20,0.76,20,0.82,20,0.79,20,0.76,20,0.87,20,0.79,20,0.85,20,0.73,20,0.94,20
96,Damsgaard,M,BRE,5.5,0.6,0.95,20,0.82,20,0.88,20,0.82,20,0.84,20,0.80,20,0.82,20,0.87,20,0.87,20,0.80,20
318,Philogene,M,IPS,5.5,0.2,0.96,30,0.86,30,0.88,30,0.87,30,0.84,30,0.86,30,0.75,30,0.81,30,0.79,30,0.76,30
263,Kevin,M,FUL,5.5,0.1,0.90,20,0.78,20,0.86,20,0.72,20,0.79,20,0.81,20,0.92,20,0.81,20,0.75,20,0.84,20
129,Ayari,M,BHA,5.5,0.7,4.31,80,0.38,10,0.43,10,0.42,10,0.37,10,0.40,10,0.43,10,0.38,10,0.36,10,0.43,10
247,Hackney,M,EVE,5.5,0.3,3.14,75,2.86,75,0.25,10,0.23,10,0.25,10,0.23,10,0.21,10,0.18,10,0.19,10,0.19,10
403,Savinho,M,MCI,6.5,0.1,0.91,21,0.73,21,0.82,21,0.68,21,0.79,21,0.67,21,0.82,21,0.70,21,0.76,21,0.72,21
541,Meunier,D,SUN,4.5,0.3,2.79,80,0.60,20,0.50,20,0.47,20,0.39,20,0.52,20,0.47,20,0.56,20,0.52,20,0.46,20
102,Yarmoliuk,M,BRE,5,1.4,0.78,20,0.72,20,0.74,20,0.71,20,0.72,20,0.70,20,0.71,20,0.73,20,0.74,20,0.70,20
392,Aït-Nouri,D,MCI,5.5,1,0.81,20,0.70,20,0.82,20,0.60,20,0.80,20,0.58,20,0.80,20,0.65,20,0.72,20,0.70,20
482,Hudson-Odoi,M,NFO,6,0.2,0.84,20,0.64,20,0.74,20,0.67,20,0.77,20,0.70,20,0.64,20,0.72,20,0.69,20,0.66,20
372,Mac Allister,M,LIV,5.5,1.8,0.79,20,0.72,20,0.70,20,0.72,20,0.68,20,0.66,20,0.68,20,0.71,20,0.64,20,0.69,20
248,Beto,F,EVE,5.5,2.9,0.90,20,0.66,20,0.68,20,0.66,20,0.74,20,0.70,20,0.68,20,0.57,20,0.66,20,0.74,20
457,J.Murphy,M,NEW,6,0.2,0.74,20,0.66,20,0.71,20,0.67,20,0.77,20,0.69,20,0.69,20,0.67,20,0.71,20,0.67,20
114,Boscagli,D,BHA,4.5,0.2,0.75,20,0.61,20,0.76,20,0.73,20,0.63,20,0.72,20,0.77,20,0.59,20,0.56,20,0.73,20
573,Sanchez,D,BOU,4.5,0.2,0.52,25,0.84,25,0.66,25,0.77,25,0.65,25,0.57,25,0.81,25,0.55,25,0.74,25,0.66,25
405,N.Gonzalez,M,MCI,5.5,0.1,0.75,20,0.67,20,0.70,20,0.63,20,0.69,20,0.63,20,0.70,20,0.65,20,0.68,20,0.66,20
520,Bergvall,M,TOT,5.5,0.2,0.76,20,0.69,20,0.64,20,0.69,20,0.67,20,0.60,20,0.73,20,0.61,20,0.70,20,0.64,20
492,Awoniyi,F,COV,5.5,0.7,0.84,20,0.59,20,0.69,20,0.62,20,0.73,20,0.64,20,0.57,20,0.67,20,0.64,20,0.62,20
461,Touré,M,NEW,6,0.3,0.71,20,0.72,20,0.75,20,0.68,20,0.74,20,0.65,20,0.62,20,0.58,20,0.58,20,0.53,20
222,Strand Larsen,F,CRY,6,0.6,2.09,60,0.43,15,0.45,15,0.51,15,0.45,15,0.48,15,0.43,15,0.48,15,0.44,15,0.45,15
185,Sakamoto,M,COV,5,0.1,0.56,20,0.75,20,0.58,20,0.64,20,0.60,20,0.61,20,0.56,20,0.57,20,0.55,20,0.51,20
105,Anthony,M,BRE,6,0.2,0.60,15,0.57,15,0.63,15,0.57,15,0.59,15,0.55,15,0.57,15,0.61,15,0.62,15,0.55,15
547,Mundle,M,SUN,5,0,0.66,20,0.66,20,0.59,20,0.54,20,0.52,20,0.59,20,0.55,20,0.58,20,0.56,20,0.53,20
439,Šeško,F,MUN,7,1.5,0.24,5,0.64,20,0.58,20,0.57,20,0.59,20,0.62,20,0.59,20,0.62,20,0.57,20,0.61,20
255,J.Cuenca,D,FUL,4.5,0,2.87,80,0.30,10,0.31,10,0.28,10,0.30,10,0.30,10,0.31,10,0.30,10,0.29,10,0.30,10
14,Eze,M,ARS,6.5,2.3,0.85,15,0.49,15,0.52,15,0.51,15,0.49,15,0.55,15,0.50,15,0.54,15,0.46,15,0.59,15
9,Hincapie,D,ARS,5.5,2.5,0.67,15,0.51,15,0.53,15,0.55,15,0.51,15,0.57,15,0.53,15,0.57,15,0.48,15,0.60,15
35,Bogarde,M,AVL,5,0.1,0.57,20,0.52,20,0.57,20,0.57,20,0.54,20,0.56,20,0.54,20,0.53,20,0.57,20,0.52,20
506,Udogie,D,TOT,4.5,0.5,0.55,20,0.54,20,0.51,20,0.58,20,0.54,20,0.42,20,0.62,20,0.42,20,0.59,20,0.51,20
194,Thomas-Asante,F,COV,5,0.8,2.63,70,0.42,10,0.29,10,0.34,10,0.30,10,0.31,10,0.27,10,0.27,10,0.24,10,0.21,10
75,Christie,M,BOU,5,0,0.00,0,0.66,20,0.59,20,0.63,20,0.57,20,0.53,20,0.59,20,0.50,20,0.55,20,0.52,20
244,Armstrong,M,EVE,5,0.1,2.55,60,0.28,10,0.28,10,0.28,10,0.30,10,0.29,10,0.28,10,0.24,10,0.28,10,0.30,10
271,Muniz,F,FUL,5.5,0.6,0.64,15,0.47,15,0.51,15,0.43,15,0.48,15,0.49,15,0.55,15,0.49,15,0.45,15,0.51,15
446,Schär,D,NEW,5,0.2,0.49,15,0.47,15,0.49,15,0.49,15,0.54,15,0.50,15,0.50,15,0.49,15,0.52,15,0.48,15
522,Gray,M,TOT,5,0.2,2.34,60,0.29,10,0.27,10,0.29,10,0.28,10,0.25,10,0.31,10,0.25,10,0.30,10,0.27,10
138,Kostoulas,F,BHA,5.5,0.2,0.63,15,0.41,15,0.48,15,0.46,15,0.39,15,0.44,15,0.48,15,0.40,15,0.39,15,0.48,15
321,Walle Egeli,F,IPS,4.5,2.2,0.55,15,0.49,15,0.50,15,0.48,15,0.46,15,0.47,15,0.39,15,0.42,15,0.39,15,0.37,15
231,Keane,D,EVE,5,1.7,1.30,30,1.07,30,1.11,30,0.14,5,0.14,5,0.14,5,0.14,5,0.13,5,0.14,5,0.14,5
559,Bamba,M,NEW,5,0.1,0.49,15,0.49,15,0.52,15,0.46,15,0.50,15,0.44,15,0.42,15,0.39,15,0.38,15,0.35,15
136,Welbeck,F,CHE,6,2.2,0.39,10,0.43,10,0.31,10,0.49,10,0.40,10,0.45,10,0.39,10,0.45,10,0.41,10,0.40,10
183,Rudoni,M,COV,5,0.1,0.39,15,0.52,15,0.40,15,0.44,15,0.42,15,0.42,15,0.38,15,0.39,15,0.37,15,0.35,15
539,O'Nien,D,SUN,4,3.3,2.18,60,0.22,10,0.21,10,0.19,10,0.19,10,0.21,10,0.21,10,0.22,10,0.21,10,0.21,10
108,Wilson,F,BRE,5.5,0.3,0.41,10,0.39,10,0.44,10,0.39,10,0.40,10,0.37,10,0.39,10,0.42,10,0.43,10,0.37,10
126,O'Riley,M,BHA,5.5,0.1,0.43,10,0.39,10,0.43,10,0.40,10,0.34,10,0.36,10,0.38,10,0.32,10,0.30,10,0.34,10
518,P.M.Sarr,M,TOT,5,0.4,0.43,10,0.35,10,0.34,10,0.35,10,0.35,10,0.33,10,0.36,10,0.33,10,0.35,10,0.34,10
459,L.Miley,M,NEW,5.5,0,0.35,10,0.32,10,0.33,10,0.32,10,0.34,10,0.33,10,0.33,10,0.32,10,0.33,10,0.32,10
56,Abraham,F,AVL,5.5,0.2,0.38,10,0.34,10,0.40,10,0.38,10,0.33,10,0.34,10,0.29,10,0.26,10,0.26,10,0.22,10
7,Lewis-Skelly,M,ARS,5.5,0.5,2.11,50,0.11,5,0.12,5,0.12,5,0.11,5,0.13,5,0.12,5,0.12,5,0.11,5,0.13,5
81,Rodríguez,F,BOU,6,0.2,0.33,10,0.42,10,0.37,10,0.38,10,0.33,10,0.30,10,0.32,10,0.26,10,0.26,10,0.23,10
579,Araujo,D,LIV,5.5,1.8,0.35,13,0.37,13,0.34,13,0.35,13,0.31,13,0.29,13,0.30,13,0.30,13,0.27,13,0.28,13
516,Bentancur,M,TOT,5.5,0.2,0.36,10,0.31,10,0.30,10,0.31,10,0.31,10,0.30,10,0.31,10,0.30,10,0.31,10,0.30,10
347,Nmecha,F,LEE,5.5,0.6,0.39,10,0.30,10,0.27,10,0.30,10,0.30,10,0.24,10,0.28,10,0.28,10,0.28,10,0.30,10
430,Mount,M,MUN,5.5,0.1,0.40,10,0.29,10,0.27,10,0.27,10,0.27,10,0.28,10,0.27,10,0.28,10,0.26,10,0.28,10
145,Fofana,D,CHE,5,0,0.00,0,0.00,0,0.29,15,0.42,15,0.34,15,0.37,15,0.36,15,0.38,15,0.35,15,0.37,15
432,Mainoo,M,MUN,5.5,1.1,0.34,10,0.29,10,0.28,10,0.27,10,0.28,10,0.29,10,0.28,10,0.29,10,0.27,10,0.28,10
269,Sessegnon,D,FUL,4.5,0.4,0.35,10,0.27,10,0.28,10,0.26,10,0.27,10,0.28,10,0.29,10,0.27,10,0.26,10,0.28,10
18,Martinelli,M,ARS,6.5,0.2,0.49,10,0.24,10,0.26,10,0.25,10,0.24,10,0.27,10,0.25,10,0.27,10,0.23,10,0.29,10
211,Yeremy,M,CRY,5.5,0.2,0.32,10,0.25,10,0.26,10,0.29,10,0.26,10,0.27,10,0.25,10,0.27,10,0.25,10,0.26,10
553,Isidor,F,SUN,5.5,1.1,0.37,10,0.27,10,0.25,10,0.23,10,0.23,10,0.26,10,0.25,10,0.27,10,0.26,10,0.26,10
256,Tete,D,FUL,4.5,0.3,0.29,10,0.26,10,0.26,10,0.25,10,0.26,10,0.26,10,0.26,10,0.26,10,0.25,10,0.26,10
470,Morato,D,NFO,5,0.1,0.29,10,0.26,10,0.26,10,0.26,10,0.26,10,0.26,10,0.25,10,0.26,10,0.26,10,0.26,10
490,Wood,F,NFO,6,1.7,0.39,10,0.23,10,0.26,10,0.24,10,0.27,10,0.25,10,0.22,10,0.25,10,0.24,10,0.24,10
377,Munoz,M,LIV,6.5,0.6,0.32,10,0.32,10,0.30,10,0.29,10,0.26,10,0.24,10,0.23,10,0.22,10,0.19,10,0.19,10
410,Monga,M,MCI,5,0,0.33,10,0.30,10,0.32,10,0.26,10,0.28,10,0.23,10,0.25,10,0.21,10,0.20,10,0.19,10
501,Danso,D,TOT,5,0.2,0.29,10,0.25,10,0.25,10,0.25,10,0.25,10,0.25,10,0.25,10,0.25,10,0.25,10,0.25,10
420,Yoro,D,MUN,5,0.8,0.30,10,0.25,10,0.24,10,0.24,10,0.25,10,0.25,10,0.25,10,0.25,10,0.24,10,0.25,10
37,Lindelöf,D,AVL,4.5,0.2,2.42,75,0.00,0,0.00,0,0.00,0,0.00,0,0.00,0,0.00,0,0.00,0,0.00,0,0.00,0
370,Chiesa,M,LIV,5.5,0.1,0.35,10,0.24,10,0.23,10,0.24,10,0.22,10,0.21,10,0.22,10,0.23,10,0.19,10,0.22,10
448,Burn,D,NEW,5,2.5,0.25,10,0.23,10,0.23,10,0.23,10,0.23,10,0.23,10,0.23,10,0.23,10,0.23,10,0.23,10
328,Struijk,D,BHA,5,0.2,0.00,0,0.25,10,0.27,10,0.26,10,0.24,10,0.26,10,0.27,10,0.25,10,0.24,10,0.27,10
245,Dibling,M,EVE,5.5,0,0.32,10,0.22,10,0.22,10,0.22,10,0.24,10,0.23,10,0.22,10,0.20,10,0.22,10,0.24,10
33,Mings,D,AVL,4.5,0.3,0.25,10,0.22,10,0.23,10,0.23,10,0.22,10,0.23,10,0.22,10,0.22,10,0.23,10,0.22,10
288,Dowell,M,HUL,4.5,0.4,0.23,10,0.25,10,0.24,10,0.22,10,0.22,10,0.22,10,0.21,10,0.20,10,0.20,10,0.18,10
266,Cairney,M,FUL,5,0,0.26,10,0.20,10,0.22,10,0.19,10,0.21,10,0.21,10,0.23,10,0.21,10,0.20,10,0.22,10
292,Ömür,M,HUL,5,0,0.23,10,0.25,10,0.24,10,0.22,10,0.22,10,0.22,10,0.20,10,0.20,10,0.19,10,0.17,10
563,Morita,M,HUL,5,0,0.23,10,0.25,10,0.24,10,0.22,10,0.22,10,0.22,10,0.20,10,0.20,10,0.19,10,0.17,10
270,Reed,M,FUL,4.5,1.2,0.26,10,0.22,10,0.23,10,0.20,10,0.21,10,0.21,10,0.21,10,0.20,10,0.19,10,0.19,10
474,Jair Cunha,D,NFO,4.5,0.3,0.23,10,0.20,10,0.20,10,0.20,10,0.21,10,0.20,10,0.19,10,0.20,10,0.20,10,0.20,10
422,Mazraoui,D,MUN,4.5,0.7,0.25,10,0.20,10,0.19,10,0.19,10,0.19,10,0.20,10,0.19,10,0.20,10,0.19,10,0.20,10
584,Hamer,M,COV,5.5,0.1,0.19,10,0.27,10,0.20,10,0.22,10,0.20,10,0.21,10,0.18,10,0.18,10,0.17,10,0.16,10
577,Tomiyasu,D,CRY,4.5,0.3,0.21,10,0.21,10,0.21,10,0.21,10,0.20,10,0.20,10,0.19,10,0.19,10,0.18,10,0.18,10
308,Furlong,D,IPS,4,0.6,0.20,10,0.19,10,0.19,10,0.19,10,0.19,10,0.19,10,0.18,10,0.18,10,0.18,10,0.17,10
66,Soler,D,BOU,4,0.3,0.21,10,0.19,10,0.19,10,0.19,10,0.18,10,0.18,10,0.18,10,0.18,10,0.18,10,0.18,10
148,Hato,D,CHE,4.5,0.6,0.22,10,0.18,10,0.17,10,0.19,10,0.18,10,0.18,10,0.18,10,0.18,10,0.18,10,0.18,10
29,M.Bizot,G,AVL,4.5,0.1,1.85,60,0.00,0,0.00,0,0.00,0,0.00,0,0.00,0,0.00,0,0.00,0,0.00,0,0.00,0
144,Gusto,D,CHE,5,1.1,0.21,10,0.18,10,0.16,10,0.20,10,0.18,10,0.19,10,0.17,10,0.19,10,0.18,10,0.18,10
174,Kitching,D,COV,4,0.7,0.18,10,0.21,10,0.18,10,0.19,10,0.18,10,0.19,10,0.18,10,0.18,10,0.17,10,0.17,10
556,Targett,D,HUL,4,2.7,0.18,10,0.19,10,0.19,10,0.18,10,0.18,10,0.18,10,0.17,10,0.17,10,0.17,10,0.16,10
212,Hughes,M,CRY,4.5,11.3,0.20,10,0.17,10,0.17,10,0.19,10,0.17,10,0.18,10,0.17,10,0.18,10,0.17,10,0.17,10
486,McAtee,M,NFO,5.5,0,0.28,10,0.17,10,0.19,10,0.17,10,0.19,10,0.17,10,0.15,10,0.16,10,0.15,10,0.15,10
243,Alcaraz,M,EVE,5,0.1,0.25,10,0.16,10,0.17,10,0.16,10,0.19,10,0.17,10,0.17,10,0.14,10,0.16,10,0.19,10
364,Tsimikas,D,LIV,5,0.1,0.20,10,0.20,10,0.19,10,0.19,10,0.17,10,0.16,10,0.16,10,0.16,10,0.14,10,0.15,10
373,C.Jones,M,LIV,5.5,0.1,0.19,5,0.16,5,0.16,5,0.16,5,0.16,5,0.16,5,0.16,5,0.16,5,0.15,5,0.16,5
76,Tóth.A,M,BOU,5,0,0.17,10,0.22,10,0.19,10,0.19,10,0.17,10,0.15,10,0.15,10,0.13,10,0.13,10,0.11,10
17,Merino,M,ARS,6,0.8,0.26,5,0.13,5,0.14,5,0.14,5,0.13,5,0.14,5,0.13,5,0.14,5,0.13,5,0.15,5
401,Marmoush,F,MCI,7,0.8,0.40,10,0.12,5,0.13,5,0.11,5,0.13,5,0.11,5,0.13,5,0.11,5,0.12,5,0.11,5
71,Cook,M,BOU,5,0.1,0.15,5,0.14,5,0.14,5,0.14,5,0.14,5,0.14,5,0.14,5,0.14,5,0.14,5,0.15,5
578,Mudryk,M,CHE,5.5,0,0.51,16,0.13,5,0.10,5,0.13,5,0.11,5,0.11,5,0.09,5,0.09,5,0.08,5,0.08,5
345,Tanaka,M,LEE,5,0.3,0.16,5,0.15,5,0.14,5,0.15,5,0.15,5,0.13,5,0.14,5,0.14,5,0.14,5,0.14,5
281,Drameh,D,HUL,4,0,0.14,10,0.15,10,0.14,10,0.13,10,0.13,10,0.13,10,0.13,10,0.13,10,0.12,10,0.11,10
19,Zubimendi,M,ARS,5.5,1.3,0.18,5,0.12,5,0.12,5,0.12,5,0.12,5,0.13,5,0.12,5,0.13,5,0.12,5,0.13,5
44,Bailey,M,AVL,5.5,0.1,0.16,5,0.11,5,0.13,5,0.13,5,0.12,5,0.13,5,0.12,5,0.12,5,0.14,5,0.12,5
20,Dowman,M,ARS,5.5,0.1,0.25,5,0.12,5,0.12,5,0.12,5,0.11,5,0.12,5,0.11,5,0.11,5,0.10,5,0.11,5
42,Guessand,M,CRY,5.5,0,0.13,5,0.13,5,0.13,5,0.14,5,0.12,5,0.13,5,0.12,5,0.12,5,0.11,5,0.11,5
215,Devenny,M,CRY,5,0,0.15,5,0.12,5,0.12,5,0.13,5,0.12,5,0.12,5,0.12,5,0.12,5,0.12,5,0.12,5
213,Lerma,M,CRY,5,0.1,0.13,5,0.12,5,0.12,5,0.13,5,0.12,5,0.12,5,0.12,5,0.12,5,0.12,5,0.12,5
164,Quenda,M,CHE,5.5,0,0.15,5,0.15,5,0.12,5,0.15,5,0.12,5,0.13,5,0.11,5,0.11,5,0.10,5,0.09,5
74,Brooks,M,BOU,5,0.1,0.15,5,0.12,5,0.11,5,0.13,5,0.12,5,0.11,5,0.13,5,0.11,5,0.13,5,0.12,5
343,James,M,LEE,5,0.1,0.15,5,0.12,5,0.11,5,0.12,5,0.12,5,0.10,5,0.11,5,0.11,5,0.11,5,0.12,5
341,Gnonto,M,LEE,5,0.1,0.13,5,0.14,5,0.12,5,0.13,5,0.13,5,0.09,5,0.11,5,0.11,5,0.10,5,0.11,5
383,Elliott,M,LIV,5.5,0.1,0.15,5,0.15,5,0.14,5,0.13,5,0.12,5,0.11,5,0.10,5,0.10,5,0.08,5,0.08,5
161,Lavia,M,CHE,5,0,0.13,5,0.12,5,0.10,5,0.12,5,0.11,5,0.12,5,0.11,5,0.12,5,0.11,5,0.11,5
188,Torp,M,COV,5.5,0.2,0.11,5,0.15,5,0.11,5,0.12,5,0.11,5,0.12,5,0.10,5,0.11,5,0.10,5,0.09,5
548,Rigg,M,SUN,5,0.1,0.15,5,0.11,5,0.11,5,0.10,5,0.10,5,0.11,5,0.11,5,0.11,5,0.11,5,0.11,5
91,Pinnock,D,BRE,4.5,0.1,0.13,5,0.11,5,0.11,5,0.11,5,0.11,5,0.11,5,0.11,5,0.11,5,0.11,5,0.11,5
550,Jocelin.T,M,SUN,5,0,0.13,5,0.13,5,0.12,5,0.11,5,0.10,5,0.11,5,0.10,5,0.10,5,0.09,5,0.09,5
246,Röhl,M,EVE,5,0.1,0.14,5,0.10,5,0.10,5,0.10,5,0.11,5,0.11,5,0.10,5,0.09,5,0.10,5,0.11,5
218,Doucouré,M,CRY,5,0.1,0.12,5,0.12,5,0.12,5,0.13,5,0.11,5,0.11,5,0.10,5,0.10,5,0.09,5,0.08,5
546,Adingra,M,SUN,5,0.3,0.16,5,0.11,5,0.10,5,0.09,5,0.09,5,0.10,5,0.10,5,0.11,5,0.10,5,0.10,5
216,Esse,M,CRY,5,0,0.15,5,0.11,5,0.11,5,0.11,5,0.10,5,0.10,5,0.10,5,0.10,5,0.09,5,0.09,5
167,Delap,F,CHE,5.5,0.5,0.16,5,0.10,5,0.08,5,0.11,5,0.10,5,0.10,5,0.09,5,0.10,5,0.10,5,0.10,5
323,McAteer,M,IPS,4.5,1.4,0.12,5,0.11,5,0.11,5,0.11,5,0.10,5,0.10,5,0.09,5,0.09,5,0.09,5,0.09,5
460,Willock,M,NEW,5,0.1,0.11,5,0.09,5,0.10,5,0.09,5,0.11,5,0.10,5,0.10,5,0.09,5,0.10,5,0.09,5
339,Longstaff,M,LEE,5,0.2,0.11,5,0.10,5,0.09,5,0.10,5,0.10,5,0.08,5,0.10,5,0.09,5,0.09,5,0.10,5
440,Zirkzee,F,MUN,5.5,0.7,0.17,5,0.10,5,0.08,5,0.08,5,0.09,5,0.09,5,0.08,5,0.09,5,0.08,5,0.09,5
90,Hickey,D,BRE,4.5,0.1,0.11,5,0.09,5,0.09,5,0.09,5,0.09,5,0.09,5,0.09,5,0.09,5,0.09,5,0.09,5
50,Burrowes,M,AVL,4.5,0.7,0.11,4,0.10,4,0.11,4,0.11,4,0.09,4,0.10,4,0.09,4,0.08,4,0.08,4,0.07,4
62,Diakité,D,BOU,5,0.2,0.10,5,0.09,5,0.09,5,0.09,5,0.09,5,0.09,5,0.09,5,0.09,5,0.09,5,0.09,5
147,Tosin,D,CHE,4.5,0.2,0.11,5,0.09,5,0.08,5,0.09,5,0.09,5,0.09,5,0.09,5,0.09,5,0.09,5,0.09,5
303,Kipré,D,IPS,4,0.6,0.10,5,0.09,5,0.09,5,0.09,5,0.09,5,0.09,5,0.08,5,0.09,5,0.08,5,0.08,5
89,Henry,D,BRE,4.5,0.2,0.10,5,0.09,5,0.09,5,0.09,5,0.09,5,0.08,5,0.09,5,0.09,5,0.09,5,0.08,5
151,Acheampong,D,CHE,4.5,0.3,0.10,5,0.08,5,0.07,5,0.08,5,0.07,5,0.08,5,0.07,5,0.08,5,0.08,5,0.07,5
307,Johnson,D,IPS,4,0.1,0.08,5,0.07,5,0.07,5,0.07,5,0.07,5,0.07,5,0.07,5,0.07,5,0.07,5,0.06,5
409,Mukasa,M,MCI,4.5,0.1,0.08,2,0.04,2,0.05,2,0.04,2,0.04,2,0.04,2,0.04,2,0.04,2,0.04,2,0.04,2
205,Sosa,D,CRY,4.5,0,0.06,5,0.04,5,0.04,5,0.04,5,0.04,5,0.04,5,0.04,5,0.04,5,0.03,5,0.03,5
168,Marc Guiu,F,CHE,5,0.4,0.16,5,0.00,0,0.00,0,0.00,0,0.00,0,0.00,0,0.00,0,0.00,0,0.00,0,0.00,0
217,M.França,M,CRY,5,0,0.00,0,0.00,0,0.00,0,0.00,0,0.00,0,0.00,0,0.00,0,0.00,0,0.00,0,0.00,0
590,Benda,G,NFO,4.5,0,0.00,0,0.00,0,0.00,0,0.00,0,0.00,0,0.00,0,0.00,0,0.00,0,0.00,0,0.00,0
180,Woolfenden,D,COV,4,0.2,0.00,0,0.00,0,0.00,0,0.00,0,0.00,0,0.00,0,0.00,0,0.00,0,0.00,0,0.00,0
591,Enciso,M,IPS,5.5,0.1,0.00,0,0.00,0,0.00,0,0.00,0,0.00,0,0.00,0,0.00,0,0.00,0,0.00,0,0.00,0
51,George Hemmings,M,AVL,4.5,0.5,0.00,0,0.00,0,0.00,0,0.00,0,0.00,0,0.00,0,0.00,0,0.00,0,0.00,0,0.00,0
273,Phillips,G,HUL,4,1.8,0.00,0,0.00,0,0.00,0,0.00,0,0.00,0,0.00,0,0.00,0,0.00,0,0.00,0,0.00,0
479,Bindon,D,NFO,4,0.2,0.00,0,0.00,0,0.00,0,0.00,0,0.00,0,0.00,0,0.00,0,0.00,0,0.00,0,0.00,0
402,Rodrigo,M,MCI,6.5,0.1,0.00,0,0.00,0,0.00,0,0.00,0,0.00,0,0.00,0,0.00,0,0.00,0,0.00,0,0.00,0
199,Benitez,G,CRY,4.5,0.1,0.00,0,0.00,0,0.00,0,0.00,0,0.00,0,0.00,0,0.00,0,0.00,0,0.00,0,0.00,0
54,Gomes,M,AVL,5.5,0.1,0.00,0,0.00,0,0.00,0,0.00,0,0.00,0,0.00,0,0.00,0,0.00,0,0.00,0,0.00,0
301,Palmer,G,IPS,4,5.1,0.00,0,0.00,0,0.00,0,0.00,0,0.00,0,0.00,0,0.00,0,0.00,0,0.00,0,0.00,0
458,Joelinton,M,NEW,5.5,0.1,0.00,0,0.00,0,0.00,0,0.00,0,0.00,0,0.00,0,0.00,0,0.00,0,0.00,0,0.00,0
93,Schuster,D,BRE,4.5,0.2,0.00,0,0.00,0,0.00,0,0.00,0,0.00,0,0.00,0,0.00,0,0.00,0,0.00,0,0.00,0
540,Masuaku,D,SUN,4,1.5,0.00,0,0.00,0,0.00,0,0.00,0,0.00,0,0.00,0,0.00,0,0.00,0,0.00,0,0.00,0
583,Chavarria,D,CHE,5,0.2,0.00,0,0.00,0,0.00,0,0.00,0,0.00,0,0.00,0,0.00,0,0.00,0,0.00,0,0.00,0
133,Watson,M,BHA,5,0,0.00,0,0.00,0,0.00,0,0.00,0,0.00,0,0.00,0,0.00,0,0.00,0,0.00,0,0.00,0
450,Livramento,D,NEW,5,0.1,0.00,0,0.00,0,0.00,0,0.00,0,0.00,0,0.00,0,0.00,0,0.00,0,0.00,0,0.00,0
220,Cardines,D,CRY,4.5,0,0.00,0,0.00,0,0.00,0,0.00,0,0.00,0,0.00,0,0.00,0,0.00,0,0.00,0,0.00,0
424,Amass,D,MUN,4,0.2,0.00,0,0.00,0,0.00,0,0.00,0,0.00,0,0.00,0,0.00,0,0.00,0,0.00,0,0.00,0
378,McConnell,M,LIV,4.5,0.2,0.00,0,0.00,0,0.00,0,0.00,0,0.00,0,0.00,0,0.00,0,0.00,0,0.00,0,0.00,0
92,Ji-soo,D,BRE,4.5,0,0.00,0,0.00,0,0.00,0,0.00,0,0.00,0,0.00,0,0.00,0,0.00,0,0.00,0,0.00,0
505,Spence,D,TOT,4.5,5.8,0.00,0,0.00,0,0.00,0,0.00,0,0.00,0,0.00,0,0.00,0,0.00,0,0.00,0,0.00,0
101,Henderson,M,CHE,5,0,0.00,0,0.00,0,0.00,0,0.00,0,0.00,0,0.00,0,0.00,0,0.00,0,0.00,0,0.00,0
531,Ellborg,G,SUN,4.5,0.1,0.00,0,0.00,0,0.00,0,0.00,0,0.00,0,0.00,0,0.00,0,0.00,0,0.00,0,0.00,0
433,Ugarte,M,MUN,5,0,0.00,0,0.00,0,0.00,0,0.00,0,0.00,0,0.00,0,0.00,0,0.00,0,0.00,0,0.00,0
283,Jacob,D,HUL,4,0,0.00,0,0.00,0,0.00,0,0.00,0,0.00,0,0.00,0,0.00,0,0.00,0,0.00,0,0.00,0
494,Vicario,G,TOT,4.5,1.2,0.00,0,0.00,0,0.00,0,0.00,0,0.00,0,0.00,0,0.00,0,0.00,0,0.00,0,0.00,0
537,Seelt,D,SUN,4.5,0,0.00,0,0.00,0,0.00,0,0.00,0,0.00,0,0.00,0,0.00,0,0.00,0,0.00,0,0.00,0
158,Gittens,M,CHE,6,0,0.00,0,0.00,0,0.00,0,0.00,0,0.00,0,0.00,0,0.00,0,0.00,0,0.00,0,0.00,0
299,Burstow,F,HUL,4.5,1.1,0.00,0,0.00,0,0.00,0,0.00,0,0.00,0,0.00,0,0.00,0,0.00,0,0.00,0,0.00,0
586,Mendy,D,HUL,4,0.7,0.00,0,0.00,0,0.00,0,0.00,0,0.00,0,0.00,0,0.00,0,0.00,0,0.00,0,0.00,0
386,Bettinelli,G,MCI,4.5,0,0.00,0,0.00,0,0.00,0,0.00,0,0.00,0,0.00,0,0.00,0,0.00,0,0.00,0,0.00,0
24,Nelson,M,ARS,5.5,0,0.00,0,0.00,0,0.00,0,0.00,0,0.00,0,0.00,0,0.00,0,0.00,0,0.00,0,0.00,0
413,Bayindir,G,MUN,4.5,0.2,0.00,0,0.00,0,0.00,0,0.00,0,0.00,0,0.00,0,0.00,0,0.00,0,0.00,0,0.00,0
320,Akpom,F,IPS,5,0.5,0.00,0,0.00,0,0.00,0,0.00,0,0.00,0,0.00,0,0.00,0,0.00,0,0.00,0,0.00,0
310,Matusiwa,M,IPS,5,0,0.00,0,0.00,0,0.00,0,0.00,0,0.00,0,0.00,0,0.00,0,0.00,0,0.00,0,0.00,0
360,Bradley,D,LIV,5,0,0.00,0,0.00,0,0.00,0,0.00,0,0.00,0,0.00,0,0.00,0,0.00,0,0.00,0,0.00,0
530,Patterson,G,SUN,4,1,0.00,0,0.00,0,0.00,0,0.00,0,0.00,0,0.00,0,0.00,0,0.00,0,0.00,0,0.00,0
436,Collyer,M,MUN,5,0,0.00,0,0.00,0,0.00,0,0.00,0,0.00,0,0.00,0,0.00,0,0.00,0,0.00,0,0.00,0
511,Souza,D,TOT,4,0.3,0.00,0,0.00,0,0.00,0,0.00,0,0.00,0,0.00,0,0.00,0,0.00,0,0.00,0,0.00,0
319,Szmodics,M,IPS,5,0.1,0.00,0,0.00,0,0.00,0,0.00,0,0.00,0,0.00,0,0.00,0,0.00,0,0.00,0,0.00,0
28,Martinez,G,AVL,5,4.7,0.00,0,0.00,0,0.00,0,0.00,0,0.00,0,0.00,0,0.00,0,0.00,0,0.00,0,0.00,0
219,J.Rak-Sakyi,M,CRY,5,0,0.00,0,0.00,0,0.00,0,0.00,0,0.00,0,0.00,0,0.00,0,0.00,0,0.00,0,0.00,0
285,McNair,D,HUL,4,0.1,0.00,0,0.00,0,0.00,0,0.00,0,0.00,0,0.00,0,0.00,0,0.00,0,0.00,0,0.00,0
375,Nyoni,M,LIV,5,0,0.00,0,0.00,0,0.00,0,0.00,0,0.00,0,0.00,0,0.00,0,0.00,0,0.00,0,0.00,0
107,Furo,F,BRE,4.5,0.8,0.00,0,0.00,0,0.00,0,0.00,0,0.00,0,0.00,0,0.00,0,0.00,0,0.00,0,0.00,0
157,Estêvão,M,CHE,6.5,1.4,0.00,0,0.00,0,0.00,0,0.00,0,0.00,0,0.00,0,0.00,0,0.00,0,0.00,0,0.00,0
196,Markelo,F,COV,5,0.1,0.00,0,0.00,0,0.00,0,0.00,0,0.00,0,0.00,0,0.00,0,0.00,0,0.00,0,0.00,0
177,Kesler-Hayden,D,COV,4,0.1,0.00,0,0.00,0,0.00,0,0.00,0,0.00,0,0.00,0,0.00,0,0.00,0,0.00,0,0.00,0
48,Onana,M,AVL,5,0,0.00,0,0.00,0,0.00,0,0.00,0,0.00,0,0.00,0,0.00,0,0.00,0,0.00,0,0.00,0
400,Doku,M,MCI,7.5,5,0.00,0,0.00,0,0.00,0,0.00,0,0.00,0,0.00,0,0.00,0,0.00,0,0.00,0,0.00,0
508,Davies,D,TOT,4,1,0.00,0,0.00,0,0.00,0,0.00,0,0.00,0,0.00,0,0.00,0,0.00,0,0.00,0,0.00,0
224,Nketiah,F,CRY,5.5,0.5,0.00,0,0.00,0,0.00,0,0.00,0,0.00,0,0.00,0,0.00,0,0.00,0,0.00,0,0.00,0
568,Barco,M,CHE,5.5,0.1,0.00,0,0.00,0,0.00,0,0.00,0,0.00,0,0.00,0,0.00,0,0.00,0,0.00,0,0.00,0
314,Ogbene,M,IPS,5,0,0.00,0,0.00,0,0.00,0,0.00,0,0.00,0,0.00,0,0.00,0,0.00,0,0.00,0,0.00,0
235,Aznou,D,EVE,4,0.2,0.00,0,0.00,0,0.00,0,0.00,0,0.00,0,0.00,0,0.00,0,0.00,0,0.00,0,0.00,0
83,Valdimarsson,G,BRE,4.5,0.1,0.00,0,0.00,0,0.00,0,0.00,0,0.00,0,0.00,0,0.00,0,0.00,0,0.00,0,0.00,0
297,Gyabi,M,HUL,4.5,0.1,0.00,0,0.00,0,0.00,0,0.00,0,0.00,0,0.00,0,0.00,0,0.00,0,0.00,0,0.00,0
561,Anselmino,D,CHE,4.5,0,0.00,0,0.00,0,0.00,0,0.00,0,0.00,0,0.00,0,0.00,0,0.00,0,0.00,0,0.00,0
407,Echeverri,M,MCI,5,0,0.00,0,0.00,0,0.00,0,0.00,0,0.00,0,0.00,0,0.00,0,0.00,0,0.00,0,0.00,0
3,Meslier,G,ARS,5,0,0.00,0,0.00,0,0.00,0,0.00,0,0.00,0,0.00,0,0.00,0,0.00,0,0.00,0,0.00,0
312,Taylor,M,IPS,4.5,0.1,0.00,0,0.00,0,0.00,0,0.00,0,0.00,0,0.00,0,0.00,0,0.00,0,0.00,0,0.00,0
59,Dennis,G,BOU,4,0.2,0.00,0,0.00,0,0.00,0,0.00,0,0.00,0,0.00,0,0.00,0,0.00,0,0.00,0,0.00,0
274,Butland,G,HUL,4.5,0.3,0.00,0,0.00,0,0.00,0,0.00,0,0.00,0,0.00,0,0.00,0,0.00,0,0.00,0,0.00,0
476,O.Richards,D,NFO,4,0.2,0.00,0,0.00,0,0.00,0,0.00,0,0.00,0,0.00,0,0.00,0,0.00,0,0.00,0,0.00,0
585,Herrington,D,HUL,4,0.5,0.00,0,0.00,0,0.00,0,0.00,0,0.00,0,0.00,0,0.00,0,0.00,0,0.00,0,0.00,0
589,Gourna-Douath,M,HUL,5,0,0.00,0,0.00,0,0.00,0,0.00,0,0.00,0,0.00,0,0.00,0,0.00,0,0.00,0,0.00,0
179,Latibeaudiere,D,COV,4,0.1,0.00,0,0.00,0,0.00,0,0.00,0,0.00,0,0.00,0,0.00,0,0.00,0,0.00,0,0.00,0
495,Austin,G,TOT,4,0.7,0.00,0,0.00,0,0.00,0,0.00,0,0.00,0,0.00,0,0.00,0,0.00,0,0.00,0,0.00,0
331,Gudmundsson,D,LEE,4.5,0.1,0.00,0,0.00,0,0.00,0,0.00,0,0.00,0,0.00,0,0.00,0,0.00,0,0.00,0,0.00,0
228,King,G,EVE,4.5,0,0.00,0,0.00,0,0.00,0,0.00,0,0.00,0,0.00,0,0.00,0,0.00,0,0.00,0,0.00,0
594,David,F,BHA,6,0,0.00,0,0.00,0,0.00,0,0.00,0,0.00,0,0.00,0,0.00,0,0.00,0,0.00,0,0.00,0
103,Dasilva,M,BRE,5,0,0.00,0,0.00,0,0.00,0,0.00,0,0.00,0,0.00,0,0.00,0,0.00,0,0.00,0,0.00,0
593,Dedić,D,NEW,4.5,0,0.00,0,0.00,0,0.00,0,0.00,0,0.00,0,0.00,0,0.00,0,0.00,0,0.00,0,0.00,0
276,Lo-Tutala,G,HUL,4,0.2,0.00,0,0.00,0,0.00,0,0.00,0,0.00,0,0.00,0,0.00,0,0.00,0,0.00,0,0.00,0
381,Koumas,M,LIV,5,0,0.00,0,0.00,0,0.00,0,0.00,0,0.00,0,0.00,0,0.00,0,0.00,0,0.00,0,0.00,0
555,Matthews,G,CRY,4,1.7,0.00,0,0.00,0,0.00,0,0.00,0,0.00,0,0.00,0,0.00,0,0.00,0,0.00,0,0.00,0
359,Gomez,D,LIV,5,0,0.00,0,0.00,0,0.00,0,0.00,0,0.00,0,0.00,0,0.00,0,0.00,0,0.00,0,0.00,0
141,Jörgensen,G,CHE,5,0.1,0.00,0,0.00,0,0.00,0,0.00,0,0.00,0,0.00,0,0.00,0,0.00,0,0.00,0,0.00,0
85,Van den Berg,D,BRE,5,0.3,0.00,0,0.00,0,0.00,0,0.00,0,0.00,0,0.00,0,0.00,0,0.00,0,0.00,0,0.00,0
438,Fletcher,M,MUN,4.5,0.3,0.00,0,0.00,0,0.00,0,0.00,0,0.00,0,0.00,0,0.00,0,0.00,0,0.00,0,0.00,0
78,Kroupi.Jr,M,BOU,7.5,1.2,0.00,0,0.00,0,0.00,0,0.00,0,0.00,0,0.00,0,0.00,0,0.00,0,0.00,0,0.00,0
300,Walton,G,IPS,4.5,0.6,0.00,0,0.00,0,0.00,0,0.00,0,0.00,0,0.00,0,0.00,0,0.00,0,0.00,0,0.00,0
192,Andrews,M,COV,4.5,0.7,0.00,0,0.00,0,0.00,0,0.00,0,0.00,0,0.00,0,0.00,0,0.00,0,0.00,0,0.00,0
275,Cartwright,G,HUL,4,0.3,0.00,0,0.00,0,0.00,0,0.00,0,0.00,0,0.00,0,0.00,0,0.00,0,0.00,0,0.00,0
485,Bakwa,M,NFO,5.5,0,0.00,0,0.00,0,0.00,0,0.00,0,0.00,0,0.00,0,0.00,0,0.00,0,0.00,0,0.00,0
416,De Ligt,D,MUN,5,0,0.00,0,0.00,0,0.00,0,0.00,0,0.00,0,0.00,0,0.00,0,0.00,0,0.00,0,0.00,0
414,Heaton,G,MUN,4,0.2,0.00,0,0.00,0,0.00,0,0.00,0,0.00,0,0.00,0,0.00,0,0.00,0,0.00,0,0.00,0
27,G.Jesus,F,ARS,6,0.4,0.00,0,0.00,0,0.00,0,0.00,0,0.00,0,0.00,0,0.00,0,0.00,0,0.00,0,0.00,0
588,Khalaili,D,CRY,5,0.1,0.00,0,0.00,0,0.00,0,0.00,0,0.00,0,0.00,0,0.00,0,0.00,0,0.00,0,0.00,0
221,Drakes-Thomas,M,CRY,4.5,0.1,0.00,0,0.00,0,0.00,0,0.00,0,0.00,0,0.00,0,0.00,0,0.00,0,0.00,0,0.00,0
122,Minteh,M,BHA,6,0.2,0.00,0,0.00,0,0.00,0,0.00,0,0.00,0,0.00,0,0.00,0,0.00,0,0.00,0,0.00,0
2,Arrizabalaga,G,ARS,5,0.1,0.00,0,0.00,0,0.00,0,0.00,0,0.00,0,0.00,0,0.00,0,0.00,0,0.00,0,0.00,0
435,Lacey,M,MUN,5,0.1,0.00,0,0.00,0,0.00,0,0.00,0,0.00,0,0.00,0,0.00,0,0.00,0,0.00,0,0.00,0
528,Scarlett,F,TOT,4.5,1.6,0.00,0,0.00,0,0.00,0,0.00,0,0.00,0,0.00,0,0.00,0,0.00,0,0.00,0,0.00,0
120,Svoboda,D,BHA,5,0,0.00,0,0.00,0,0.00,0,0.00,0,0.00,0,0.00,0,0.00,0,0.00,0,0.00,0,0.00,0
99,Milambo,M,BRE,5,0,0.00,0,0.00,0,0.00,0,0.00,0,0.00,0,0.00,0,0.00,0,0.00,0,0.00,0,0.00,0
72,Gannon-Doak,M,BOU,5,0.1,0.00,0,0.00,0,0.00,0,0.00,0,0.00,0,0.00,0,0.00,0,0.00,0,0.00,0,0.00,0
238,Grealish,M,MCI,6.5,0.1,0.00,0,0.00,0,0.00,0,0.00,0,0.00,0,0.00,0,0.00,0,0.00,0,0.00,0,0.00,0
58,Forster,G,BOU,4,3.2,0.00,0,0.00,0,0.00,0,0.00,0,0.00,0,0.00,0,0.00,0,0.00,0,0.00,0,0.00,0
374,Endo,M,LIV,5,0,0.00,0,0.00,0,0.00,0,0.00,0,0.00,0,0.00,0,0.00,0,0.00,0,0.00,0,0.00,0
468,John,G,NFO,4.5,0.1,0.00,0,0.00,0,0.00,0,0.00,0,0.00,0,0.00,0,0.00,0,0.00,0,0.00,0,0.00,0
272,Kusi-Asare,F,FUL,4.5,7.3,0.00,0,0.00,0,0.00,0,0.00,0,0.00,0,0.00,0,0.00,0,0.00,0,0.00,0,0.00,0
587,Rulli,G,MCI,5,0,0.00,0,0.00,0,0.00,0,0.00,0,0.00,0,0.00,0,0.00,0,0.00,0,0.00,0,0.00,0
172,Wilson,G,COV,4.5,0.5,0.00,0,0.00,0,0.00,0,0.00,0,0.00,0,0.00,0,0.00,0,0.00,0,0.00,0,0.00,0
293,Kamara,M,HUL,5,0,0.00,0,0.00,0,0.00,0,0.00,0,0.00,0,0.00,0,0.00,0,0.00,0,0.00,0,0.00,0
181,Brau,D,COV,4,0,0.00,0,0.00,0,0.00,0,0.00,0,0.00,0,0.00,0,0.00,0,0.00,0,0.00,0,0.00,0
451,A.Murphy,D,NEW,4,0.8,0.00,0,0.00,0,0.00,0,0.00,0,0.00,0,0.00,0,0.00,0,0.00,0,0.00,0,0.00,0
376,Bajcetic,M,LIV,5,0,0.00,0,0.00,0,0.00,0,0.00,0,0.00,0,0.00,0,0.00,0,0.00,0,0.00,0,0.00,0
170,Emegha,F,CHE,5,0.1,0.00,0,0.00,0,0.00,0,0.00,0,0.00,0,0.00,0,0.00,0,0.00,0,0.00,0,0.00,0
227,Travers,G,EVE,5,0,0.00,0,0.00,0,0.00,0,0.00,0,0.00,0,0.00,0,0.00,0,0.00,0,0.00,0,0.00,0
80,Enes Ünal,F,BOU,5.5,0.2,0.00,0,0.00,0,0.00,0,0.00,0,0.00,0,0.00,0,0.00,0,0.00,0,0.00,0,0.00,0
425,Fredricson,D,MUN,4,0.1,0.00,0,0.00,0,0.00,0,0.00,0,0.00,0,0.00,0,0.00,0,0.00,0,0.00,0,0.00,0
395,Lewis,D,MCI,4.5,0.2,0.00,0,0.00,0,0.00,0,0.00,0,0.00,0,0.00,0,0.00,0,0.00,0,0.00,0,0.00,0
326,Perri,G,LEE,4.5,0.6,0.00,0,0.00,0,0.00,0,0.00,0,0.00,0,0.00,0,0.00,0,0.00,0,0.00,0,0.00,0
23,Fábio Vieira,M,ARS,5.5,0,0.00,0,0.00,0,0.00,0,0.00,0,0.00,0,0.00,0,0.00,0,0.00,0,0.00,0,0.00,0
394,Alleyne,D,MCI,5,0,0.00,0,0.00,0,0.00,0,0.00,0,0.00,0,0.00,0,0.00,0,0.00,0,0.00,0,0.00,0
500,Romero,D,TOT,5,1,0.00,0,0.00,0,0.00,0,0.00,0,0.00,0,0.00,0,0.00,0,0.00,0,0.00,0,0.00,0
354,Jaros,G,LIV,4,0,0.00,0,0.00,0,0.00,0,0.00,0,0.00,0,0.00,0,0.00,0,0.00,0,0.00,0,0.00,0
100,Carvalho,M,BRE,5,0,0.00,0,0.00,0,0.00,0,0.00,0,0.00,0,0.00,0,0.00,0,0.00,0,0.00,0,0.00,0
513,Xavi,M,TOT,6,0,0.00,0,0.00,0,0.00,0,0.00,0,0.00,0,0.00,0,0.00,0,0.00,0,0.00,0,0.00,0
493,Kalimuendo,F,NFO,5.5,0,0.00,0,0.00,0,0.00,0,0.00,0,0.00,0,0.00,0,0.00,0,0.00,0,0.00,0,0.00,0
444,Jaouen,G,NEW,4.5,0,0.00,0,0.00,0,0.00,0,0.00,0,0.00,0,0.00,0,0.00,0,0.00,0,0.00,0,0.00,0
234,Patterson,D,EVE,4.5,0,0.00,0,0.00,0,0.00,0,0.00,0,0.00,0,0.00,0,0.00,0,0.00,0,0.00,0,0.00,0
325,Darlow,G,MUN,4.5,0,0.00,0,0.00,0,0.00,0,0.00,0,0.00,0,0.00,0,0.00,0,0.00,0,0.00,0,0.00,0
143,Chalobah,D,CHE,5.5,1.9,0.00,0,0.00,0,0.00,0,0.00,0,0.00,0,0.00,0,0.00,0,0.00,0,0.00,0,0.00,0
291,Matazo,M,HUL,4.5,0,0.00,0,0.00,0,0.00,0,0.00,0,0.00,0,0.00,0,0.00,0,0.00,0,0.00,0,0.00,0
365,Ramsay,D,LIV,4,0.2,0.00,0,0.00,0,0.00,0,0.00,0,0.00,0,0.00,0,0.00,0,0.00,0,0.00,0,0.00,0
296,Akintola,M,HUL,5,0,0.00,0,0.00,0,0.00,0,0.00,0,0.00,0,0.00,0,0.00,0,0.00,0,0.00,0,0.00,0
507,Phillips,D,TOT,4.5,0.1,0.00,0,0.00,0,0.00,0,0.00,0,0.00,0,0.00,0,0.00,0,0.00,0,0.00,0,0.00,0
77,Adli,M,BOU,5,0.1,0.00,0,0.00,0,0.00,0,0.00,0,0.00,0,0.00,0,0.00,0,0.00,0,0.00,0,0.00,0
128,Buonanotte,M,BHA,5,0.1,0.00,0,0.00,0,0.00,0,0.00,0,0.00,0,0.00,0,0.00,0,0.00,0,0.00,0,0.00,0
135,Yohanna,M,BHA,5,0.1,0.00,0,0.00,0,0.00,0,0.00,0,0.00,0,0.00,0,0.00,0,0.00,0,0.00,0,0.00,0
560,Penders,G,CHE,4.5,0.1,0.00,0,0.00,0,0.00,0,0.00,0,0.00,0,0.00,0,0.00,0,0.00,0,0.00,0,0.00,0
497,Dubravka,G,TOT,4,21.3,0.00,0,0.00,0,0.00,0,0.00,0,0.00,0,0.00,0,0.00,0,0.00,0,0.00,0,0.00,0
363,Leoni,D,LIV,4,0.1,0.00,0,0.00,0,0.00,0,0.00,0,0.00,0,0.00,0,0.00,0,0.00,0,0.00,0,0.00,0
6,Saliba,D,ARS,6,0.4,0.00,0,0.00,0,0.00,0,0.00,0,0.00,0,0.00,0,0.00,0,0.00,0,0.00,0,0.00,0
380,Ekitiké,F,LIV,7.5,0.2,0.00,0,0.00,0,0.00,0,0.00,0,0.00,0,0.00,0,0.00,0,0.00,0,0.00,0,0.00,0
442,Pope,G,NEW,5,1.3,0.00,0,0.00,0,0.00,0,0.00,0,0.00,0,0.00,0,0.00,0,0.00,0,0.00,0,0.00,0
322,Al-Hamadi,F,IPS,5,0.1,0.00,0,0.00,0,0.00,0,0.00,0,0.00,0,0.00,0,0.00,0,0.00,0,0.00,0,0.00,0
340,Gelhardt,M,HUL,5,0,0.00,0,0.00,0,0.00,0,0.00,0,0.00,0,0.00,0,0.00,0,0.00,0,0.00,0,0.00,0
475,Savona,D,NFO,4.5,0,0.00,0,0.00,0,0.00,0,0.00,0,0.00,0,0.00,0,0.00,0,0.00,0,0.00,0,0.00,0
355,Davies,G,LIV,4,0.1,0.00,0,0.00,0,0.00,0,0.00,0,0.00,0,0.00,0,0.00,0,0.00,0,0.00,0,0.00,0
137,Tzimas,F,BHA,5.5,0,0.00,0,0.00,0,0.00,0,0.00,0,0.00,0,0.00,0,0.00,0,0.00,0,0.00,0,0.00,0
153,Disasi,D,CHE,4.5,0.1,0.00,0,0.00,0,0.00,0,0.00,0,0.00,0,0.00,0,0.00,0,0.00,0,0.00,0,0.00,0
30,Digne,D,AVL,4.5,1.4,0.00,0,0.00,0,0.00,0,0.00,0,0.00,0,0.00,0,0.00,0,0.00,0,0.00,0,0.00,0
477,Abbott,D,NFO,4,0.2,0.00,0,0.00,0,0.00,0,0.00,0,0.00,0,0.00,0,0.00,0,0.00,0,0.00,0,0.00,0
349,Mateo Joseph,F,LEE,4.5,0.1,0.00,0,0.00,0,0.00,0,0.00,0,0.00,0,0.00,0,0.00,0,0.00,0,0.00,0,0.00,0
404,Reijnders,M,MCI,6,0.3,0.00,0,0.00,0,0.00,0,0.00,0,0.00,0,0.00,0,0.00,0,0.00,0,0.00,0,0.00,0
351,Mamardashvili,G,LIV,5,0.2,0.00,0,0.00,0,0.00,0,0.00,0,0.00,0,0.00,0,0.00,0,0.00,0,0.00,0,0.00,0
166,N.Jackson,F,CHE,6.5,0.3,0.00,0,0.00,0,0.00,0,0.00,0,0.00,0,0.00,0,0.00,0,0.00,0,0.00,0,0.00,0
344,Gruev,M,LEE,5,0,0.00,0,0.00,0,0.00,0,0.00,0,0.00,0,0.00,0,0.00,0,0.00,0,0.00,0,0.00,0
582,Madjo,F,AVL,5.5,0.8,0.00,0,0.00,0,0.00,0,0.00,0,0.00,0,0.00,0,0.00,0,0.00,0,0.00,0,0.00,0
396,Vitor Reis,D,MCI,4.5,0,0.00,0,0.00,0,0.00,0,0.00,0,0.00,0,0.00,0,0.00,0,0.00,0,0.00,0,0.00,0
139,Ferguson,F,BHA,5,0,0.00,0,0.00,0,0.00,0,0.00,0,0.00,0,0.00,0,0.00,0,0.00,0,0.00,0,0.00,0
302,Button,G,IPS,4,0.5,0.00,0,0.00,0,0.00,0,0.00,0,0.00,0,0.00,0,0.00,0,0.00,0,0.00,0,0.00,0
150,M.Sarr,D,CHE,4.5,0.1,0.00,0,0.00,0,0.00,0,0.00,0,0.00,0,0.00,0,0.00,0,0.00,0,0.00,0,0.00,0
118,Igor,D,BHA,4.5,0.1,0.00,0,0.00,0,0.00,0,0.00,0,0.00,0,0.00,0,0.00,0,0.00,0,0.00,0,0.00,0
554,Van Oevelen,G,IPS,4.5,0,0.00,0,0.00,0,0.00,0,0.00,0,0.00,0,0.00,0,0.00,0,0.00,0,0.00,0,0.00,0
434,J.Fletcher,M,MUN,5,0,0.00,0,0.00,0,0.00,0,0.00,0,0.00,0,0.00,0,0.00,0,0.00,0,0.00,0,0.00,0
580,Charles,M,FUL,5,0.1,0.00,0,0.00,0,0.00,0,0.00,0,0.00,0,0.00,0,0.00,0,0.00,0,0.00,0,0.00,0
119,Costinha,D,BHA,4.5,0,0.00,0,0.00,0,0.00,0,0.00,0,0.00,0,0.00,0,0.00,0,0.00,0,0.00,0,0.00,0
146,B.Badiashile,D,CHE,4.5,0,0.00,0,0.00,0,0.00,0,0.00,0,0.00,0,0.00,0,0.00,0,0.00,0,0.00,0,0.00,0
178,Bidwell,D,COV,4,0.1,0.00,0,0.00,0,0.00,0,0.00,0,0.00,0,0.00,0,0.00,0,0.00,0,0.00,0,0.00,0
408,Phillips,M,MCI,5,0,0.00,0,0.00,0,0.00,0,0.00,0,0.00,0,0.00,0,0.00,0,0.00,0,0.00,0,0.00,0
251,Lecomte,G,FUL,4,1.3,0.00,0,0.00,0,0.00,0,0.00,0,0.00,0,0.00,0,0.00,0,0.00,0,0.00,0,0.00,0
49,Iling Jr,M,AVL,5,0,0.00,0,0.00,0,0.00,0,0.00,0,0.00,0,0.00,0,0.00,0,0.00,0,0.00,0,0.00,0
595,Gozo,M,CRY,5,0,0.00,0,0.00,0,0.00,0,0.00,0,0.00,0,0.00,0,0.00,0,0.00,0,0.00,0,0.00,0
191,Borges Rodrigues,M,COV,4.5,0.2,0.00,0,0.00,0,0.00,0,0.00,0,0.00,0,0.00,0,0.00,0,0.00,0,0.00,0,0.00,0
317,Hirst,F,IPS,5,0.4,0.00,0,0.00,0,0.00,0,0.00,0,0.00,0,0.00,0,0.00,0,0.00,0,0.00,0,0.00,0
478,Netz,D,NFO,4.5,0,0.00,0,0.00,0,0.00,0,0.00,0,0.00,0,0.00,0,0.00,0,0.00,0,0.00,0,0.00,0
187,Eccles,M,COV,5,0,0.00,0,0.00,0,0.00,0,0.00,0,0.00,0,0.00,0,0.00,0,0.00,0,0.00,0,0.00,0
298,Destan,F,HUL,4.5,2.3,0.00,0,0.00,0,0.00,0,0.00,0,0.00,0,0.00,0,0.00,0,0.00,0,0.00,0,0.00,0
517,Odobert,M,TOT,5.5,0,0.00,0,0.00,0,0.00,0,0.00,0,0.00,0,0.00,0,0.00,0,0.00,0,0.00,0,0.00,0
592,Ouattara,D,IPS,4,0.3,0.00,0,0.00,0,0.00,0,0.00,0,0.00,0,0.00,0,0.00,0,0.00,0,0.00,0,0.00,0
111,Steele,G,BHA,4,4.3,0.00,0,0.00,0,0.00,0,0.00,0,0.00,0,0.00,0,0.00,0,0.00,0,0.00,0,0.00,0
523,Moore,M,TOT,5,0.2,0.00,0,0.00,0,0.00,0,0.00,0,0.00,0,0.00,0,0.00,0,0.00,0,0.00,0,0.00,0
311,Burns,M,IPS,5,0.1,0.00,0,0.00,0,0.00,0,0.00,0,0.00,0,0.00,0,0.00,0,0.00,0,0.00,0,0.00,0
22,Nwaneri,M,ARS,5.5,0,0.00,0,0.00,0,0.00,0,0.00,0,0.00,0,0.00,0,0.00,0,0.00,0,0.00,0,0.00,0
443,Gillespie,G,NEW,4.5,0,0.00,0,0.00,0,0.00,0,0.00,0,0.00,0,0.00,0,0.00,0,0.00,0,0.00,0,0.00,0
466,Neave,F,NEW,4.5,0.7,0.00,0,0.00,0,0.00,0,0.00,0,0.00,0,0.00,0,0.00,0,0.00,0,0.00,0,0.00,0
352,Woodman,G,LIV,4,1.1,0.00,0,0.00,0,0.00,0,0.00,0,0.00,0,0.00,0,0.00,0,0.00,0,0.00,0,0.00,0
65,J.Araujo,D,BOU,4.5,0,0.00,0,0.00,0,0.00,0,0.00,0,0.00,0,0.00,0,0.00,0,0.00,0,0.00,0,0.00,0
538,Hjelde,D,SUN,4,0.3,0.00,0,0.00,0,0.00,0,0.00,0,0.00,0,0.00,0,0.00,0,0.00,0,0.00,0,0.00,0
52,Alysson,M,AVL,5,0,0.00,0,0.00,0,0.00,0,0.00,0,0.00,0,0.00,0,0.00,0,0.00,0,0.00,0,0.00,0
278,Hughes,D,HUL,4,0.3,0.00,0,0.00,0,0.00,0,0.00,0,0.00,0,0.00,0,0.00,0,0.00,0,0.00,0,0.00,0
240,Iroegbunam,M,EVE,5,0,0.00,0,0.00,0,0.00,0,0.00,0,0.00,0,0.00,0,0.00,0,0.00,0,0.00,0,0.00,0
171,Dovin,G,COV,4,2,0.00,0,0.00,0,0.00,0,0.00,0,0.00,0,0.00,0,0.00,0,0.00,0,0.00,0,0.00,0
489,Yates,M,NFO,4.5,4.6,0.00,0,0.00,0,0.00,0,0.00,0,0.00,0,0.00,0,0.00,0,0.00,0,0.00,0,0.00,0
163,D.Essugo,M,CHE,4.5,0.2,-0.25,5,-0.27,5,-0.29,5,-0.27,5,-0.28,5,-0.28,5,-0.29,5,-0.29,5,-0.29,5,-0.30,5
