ID,Name,Pos,Team,Value,Ownership,2_Pts,2_xMins,3_Pts,3_xMins,4_Pts,4_xMins,5_Pts,5_xMins,6_Pts,6_xMins
411,Haaland,F,MCI,15.5,67.9,6.71,90,7.04,90,6.47,90,7.05,90,6.30,90
367,Gakpo,M,LIV,7,6.2,6.87,90,6.76,90,6.72,90,6.70,90,5.81,90
154,Palmer,M,CHE,9.5,15.7,6.51,82,5.72,82,6.94,82,6.37,82,6.92,82
165,João Pedro,F,CHE,7.6,67.9,6.20,90,5.49,90,6.52,90,6.03,90,6.48,90
12,Saka,M,ARS,9.5,10.4,5.69,67,5.75,67,6.22,67,5.68,67,6.38,67
388,Guéhi,D,MCI,6,19.4,5.96,90,6.56,90,5.23,90,6.63,90,4.79,90
427,Mbeumo,M,MUN,8,35.9,6.21,90,6.00,90,4.93,90,5.84,90,5.83,90
397,Semenyo,M,MCI,8.5,24.2,5.75,90,6.07,90,5.47,90,6.09,90,5.27,90
379,Isak,F,LIV,9,16.5,5.85,90,5.77,90,5.74,90,5.72,90,4.98,90
10,White,D,ARS,5.5,6.6,5.13,90,5.10,90,6.14,90,4.95,90,6.35,90
115,De Cuyper,D,BHA,4.6,7.8,4.95,77,6.24,77,5.83,77,4.59,77,6.04,77
391,Gvardiol,D,MCI,5.5,13.6,5.65,90,6.22,90,4.93,90,6.30,90,4.50,90
387,O'Reilly,D,MCI,6.5,20.9,5.59,62,6.16,62,4.89,62,6.23,62,4.46,62
368,Szoboszlai,M,LIV,7,43.2,5.70,90,5.60,90,5.57,90,5.55,90,4.80,90
4,Gabriel,D,ARS,8,29.1,4.94,90,4.92,90,5.98,90,4.76,90,6.21,90
40,Rogers,M,CHE,7.5,26.1,5.12,81,4.54,81,5.44,81,5.03,81,5.43,81
8,Calafiori,D,ARS,5.6,41.6,4.71,80,4.66,80,5.69,80,4.53,80,5.87,80
15,Ødegaard,M,ARS,6.6,11.5,4.85,75,4.89,75,5.28,75,4.83,75,5.41,75
557,Tzolis,M,ARS,6.5,26,4.88,75,4.89,75,5.26,75,4.87,75,5.36,75
398,Foden,M,MCI,7,4.1,5.01,81,5.30,81,4.74,81,5.32,81,4.56,81
453,Barnes,M,NEW,6,1.1,4.67,90,5.04,90,5.06,90,5.07,90,4.93,90
25,Gyökeres,F,ARS,7.4,6.9,4.76,65,4.82,55,5.06,55,4.79,55,5.17,55
454,Elanga,M,NEW,6,2,4.62,75,4.94,75,4.96,75,4.97,75,4.85,75
26,Havertz,F,ARS,7.5,7.4,2.45,35,5.13,90,5.37,90,5.10,90,5.47,90
514,Tel,M,TOT,6,0.5,4.46,90,4.82,90,4.92,90,4.65,90,4.44,90
357,Frimpong,D,LIV,5.5,3.4,5.14,90,4.93,90,4.84,90,4.88,90,3.40,90
236,Dewsbury-Hall,M,EVE,6.5,4.6,4.72,90,4.44,90,4.38,90,4.88,90,4.74,90
366,Wirtz,M,LIV,7.5,11.5,4.86,62,4.77,62,4.73,62,4.73,62,4.04,62
11,Mosquera,D,ARS,5.5,5.8,4.26,90,4.20,90,5.19,90,4.08,90,5.36,90
237,Ndiaye,M,EVE,6,16.1,4.70,90,4.41,90,4.35,90,4.84,90,4.72,90
335,Stach,M,LEE,6,2.3,4.73,90,4.62,90,4.56,90,4.79,90,4.18,90
449,Hall,D,NEW,5,4.1,3.95,90,4.71,90,4.83,90,4.73,90,4.53,90
68,Tavernier,M,BOU,6,2.4,4.92,90,4.34,90,4.60,90,4.40,90,4.40,90
390,Rúben,D,MCI,5.5,1.8,4.58,90,5.11,90,3.90,90,5.18,90,3.50,90
464,Wissa,F,NEW,6,3.3,4.25,90,4.49,90,4.47,90,4.51,90,4.40,90
356,Virgil,D,LIV,6.5,19.6,4.90,90,4.68,90,4.60,90,4.63,90,3.20,90
393,Khusanov,D,MCI,5.5,1.7,4.53,90,5.04,90,3.85,90,5.12,90,3.45,90
426,B.Fernandes,M,MUN,12,48.4,4.76,90,4.58,90,3.77,90,4.44,90,4.42,90
94,Schade,M,BRE,6,3.5,4.55,90,4.63,90,4.46,90,4.14,90,4.14,90
123,Hinshelwood,M,BHA,6,2.5,4.10,16,4.58,29,4.42,47,3.97,60,4.49,63
428,Cunha,M,MUN,8,9.4,4.63,79,4.47,79,3.72,79,4.34,79,4.32,79
86,Lewis-Potter,M,BRE,5.5,1,4.42,90,4.50,90,4.34,90,4.08,90,4.07,90
67,Rayan,M,BOU,6.5,2.8,4.69,88,4.08,88,4.33,88,4.13,88,4.13,88
527,Richarlison,F,TOT,6,2.9,4.13,67,4.37,67,4.45,67,4.26,67,4.11,67
88,Kayode,D,BRE,4.6,7.4,4.57,75,4.73,75,4.36,75,3.79,75,3.84,75
223,Mateta,F,CRY,6.5,5.2,3.66,62,4.19,62,4.41,62,4.38,62,4.39,62
142,James,D,CHE,5.5,10,4.10,90,3.18,90,4.82,90,4.08,90,4.81,90
200,Lacroix,D,CHE,6,9.5,4.08,90,3.28,90,4.75,90,4.08,90,4.75,90
127,Gomez,M,BHA,5,3.8,3.97,85,4.47,85,4.31,85,3.82,85,4.38,85
440,Zirkzee,F,MUN,5.5,0.5,4.42,65,4.30,55,3.74,55,4.24,55,4.24,55
445,Thiaw,D,NEW,5,1.7,3.58,90,4.33,90,4.45,90,4.35,90,4.16,90
106,Thiago,F,BRE,8,16.6,4.30,82,4.37,82,4.22,82,3.97,82,3.94,82
156,Neto,M,CHE,6.5,1.2,4.16,65,3.71,55,4.42,55,4.09,55,4.42,55
358,Kerkez,D,LIV,5.5,3.5,4.61,90,4.40,90,4.31,90,4.35,90,2.94,90
499,Pedro Porro,D,TOT,5.5,13.6,3.68,65,4.48,55,4.69,55,4.13,55,3.60,55
447,Botman,D,NEW,5,0.5,3.53,90,4.25,90,4.37,90,4.27,90,4.09,90
130,Wieffer,D,BHA,5,0.4,3.58,77,4.72,77,4.37,77,3.26,77,4.57,77
13,Rice,M,ARS,7.5,17,3.92,67,3.95,67,4.30,67,3.89,67,4.42,67
87,Ajer,D,BRE,4.5,4,4.38,90,4.53,90,4.18,90,3.59,90,3.66,90
346,Calvert-Lewin,F,LEE,6,28.8,4.20,90,4.13,90,4.03,90,4.22,90,3.59,90
593,Dedić,D,NEW,4.5,0.4,3.46,90,4.17,90,4.29,90,4.18,90,4.01,90
480,Gibbs-White,M,NFO,8,8.6,3.73,90,4.05,90,3.92,90,4.39,90,4.01,90
84,Collins,D,BRE,5.5,2.1,4.33,90,4.50,90,4.12,90,3.52,90,3.58,90
417,Dalot,D,MUN,5,2.5,4.62,65,4.42,55,2.91,55,4.05,55,3.98,55
55,Watkins,F,AVL,7.9,7.9,3.70,65,4.14,55,4.22,55,3.90,55,4.01,55
114,Boscagli,D,BHA,4.5,0.3,3.48,90,4.62,90,4.26,90,3.15,90,4.47,90
268,King,M,FUL,5.5,0.5,4.23,90,4.06,90,3.66,90,3.90,90,4.12,90
1,Raya,G,ARS,6,38.3,3.65,90,3.60,90,4.53,90,3.47,90,4.69,90
372,Mac Allister,M,LIV,5.5,1.6,4.17,65,4.10,55,4.06,55,4.07,55,3.50,55
155,Enzo,M,CHE,7,4.5,3.98,65,3.52,55,4.25,55,3.91,55,4.24,55
222,Strand Larsen,F,CRY,6,0.5,3.50,65,3.98,55,4.15,55,4.13,55,4.13,55
201,Muñoz,D,CRY,5.5,8.4,2.66,54,3.79,55,4.46,55,4.52,55,4.45,55
362,Jacquet,D,LIV,5,2.4,4.40,69,4.22,69,4.13,69,4.17,69,2.91,69
565,M.Sangaré,M,BRE,5.6,8.4,4.08,75,4.15,75,4.01,75,3.79,75,3.79,75
384,Donnarumma,G,MCI,5.5,8.3,4.07,90,4.54,90,3.44,90,4.61,90,3.07,90
95,O.Dango,M,BRE,6.5,1.1,4.09,66,4.17,66,4.00,66,3.71,66,3.71,66
457,J.Murphy,M,NEW,6,0.2,3.71,65,4.00,55,4.02,55,4.02,55,3.92,55
79,Evanilson,F,BOU,6,2.9,4.21,74,3.77,74,3.94,74,3.82,74,3.80,74
544,Xhaka,M,SUN,5.5,4.6,4.13,90,4.00,90,3.69,90,3.53,90,4.07,90
214,Kamada,M,CRY,5,0.3,3.37,90,3.83,90,4.05,90,4.06,90,4.04,90
369,Ngumoha,M,LIV,6,1.1,2.58,35,4.34,62,4.31,62,4.32,62,3.76,62
260,Wilson,M,LEE,6.5,5.7,4.02,65,3.92,65,3.85,65,4.07,65,3.42,65
490,Wood,F,NFO,6,1.6,3.62,65,3.88,55,3.75,55,4.16,55,3.83,55
504,Vuskovic,D,BHA,5,2.5,3.34,90,4.41,90,4.08,90,3.01,90,4.28,90
70,Kluivert,M,BOU,6,1.2,4.17,74,3.66,74,3.88,74,3.71,74,3.71,74
261,Iwobi,M,FUL,5.5,1,4.09,90,3.90,90,3.44,90,3.71,90,3.96,90
337,Aaronson,M,LEE,5.5,0.9,3.96,81,3.89,81,3.81,81,4.00,81,3.42,81
481,Anderson,M,MCI,6.4,6.1,3.81,62,4.02,62,3.60,62,4.04,62,3.46,62
188,Torp,M,COV,5.5,0.2,4.19,65,3.07,55,3.85,55,4.07,55,3.73,55
224,Nketiah,F,CRY,5.5,0.5,3.34,55,3.78,55,3.94,55,3.92,55,3.92,55
160,Garnacho,M,AVL,6,0.6,3.47,65,3.94,55,4.00,55,3.67,55,3.78,55
82,Kelleher,G,BRE,5,6.5,4.03,90,4.17,90,3.85,90,3.37,90,3.41,90
569,Gonzalo,F,FUL,6,3.6,3.88,90,3.80,90,3.54,90,3.71,90,3.85,90
502,Robertson,D,TOT,4.5,3.8,3.34,90,4.10,90,4.30,90,3.77,90,3.26,90
371,Gravenberch,M,LIV,6,2,3.92,77,3.85,77,3.82,77,3.82,77,3.34,77
116,Dunk,D,BHA,4.5,1.2,3.25,90,4.35,90,4.01,90,2.92,90,4.21,90
258,Castagne,D,FUL,4.5,0.4,4.37,90,3.94,90,2.88,90,3.44,90,3.97,90
98,Janelt,M,BRE,5,0.4,3.80,90,3.86,90,3.74,90,3.53,90,3.53,90
144,Gusto,D,CHE,5,1.2,3.57,75,2.83,75,4.21,75,3.58,75,4.20,75
249,Barry,F,EVE,5.5,3.2,3.73,78,3.55,78,3.51,78,3.82,78,3.75,78
519,Gallagher,M,TOT,5.5,0.3,3.51,45,3.80,55,3.87,55,3.66,55,3.50,55
151,Acheampong,D,CHE,4.5,0.4,2.04,35,3.10,90,4.61,90,3.92,90,4.61,90
125,Georginio,F,BHA,5.5,1,3.37,68,3.78,86,3.79,90,3.51,90,3.81,90
242,George,M,EVE,5.5,0.3,3.73,83,3.49,83,3.46,83,3.81,83,3.73,83
295,McBurnie,F,HUL,5.5,2.1,3.79,90,3.57,90,3.48,90,3.44,90,3.83,90
241,McNeil,M,CRY,5.5,0.2,3.13,62,3.56,62,3.79,62,3.79,62,3.77,62
332,Justin,D,LEE,4.5,1.1,3.92,90,3.55,90,3.51,90,4.12,90,2.92,90
418,Maguire,D,MUN,5,17.1,4.20,90,4.02,90,2.55,90,3.66,90,3.59,90
202,Richards,D,CRY,5,0.7,2.36,90,3.42,90,4.05,90,4.13,90,4.05,90
406,Kovačić,M,MCI,5.5,0.1,3.62,65,3.82,55,3.41,55,3.84,55,3.28,55
195,Simms,F,COV,5,1,3.91,69,3.03,69,3.66,69,3.83,69,3.56,69
562,Maeda,M,IPS,5.5,0.4,3.48,79,3.44,79,3.57,79,3.75,79,3.73,79
525,Fernandes,M,TOT,6,1.7,3.43,65,3.70,55,3.77,55,3.57,55,3.41,55
395,Lewis,D,MCI,4.5,0.2,2.50,35,4.35,56,3.46,56,4.40,56,3.15,56
41,Buendía,M,AVL,6,1.2,3.27,85,3.74,85,3.80,85,3.46,85,3.58,85
523,Moore,M,TOT,5,0.2,2.13,35,4.01,67,4.07,67,3.89,67,3.75,67
204,Mitchell,D,CRY,4.5,5.6,2.29,90,3.38,90,4.04,90,4.11,90,4.03,90
112,Van Hecke,D,TOT,5,9.7,3.15,90,3.90,90,4.10,90,3.58,90,3.07,90
286,Belloumi,M,HUL,5,0.6,3.70,90,3.49,90,3.38,90,3.33,90,3.74,90
43,Tielemans,M,MUN,6,2.4,3.75,66,3.66,66,3.12,66,3.55,66,3.54,66
455,Tonali,M,TOT,5.5,3.8,3.37,90,3.64,90,3.71,90,3.51,90,3.36,90
542,E.Le Fée,M,SUN,6,8.8,3.80,79,3.65,79,3.30,79,3.12,79,3.73,79
282,Giles,D,HUL,4,0.9,3.83,84,3.56,84,3.17,84,3.01,84,4.01,84
498,Senesi,D,TOT,6,7.6,3.10,90,3.86,90,4.06,90,3.53,90,3.02,90
549,Talbi,M,SUN,5.5,0.2,3.76,65,3.62,55,3.27,55,3.10,55,3.69,55
124,Groß,M,BHA,5.5,13,3.27,90,3.76,90,3.60,90,3.15,90,3.66,90
456,J.Ramsey,M,NEW,5,0.3,3.28,65,3.52,55,3.55,55,3.54,55,3.46,55
316,Emersonn,F,IPS,5.5,1.7,3.38,65,3.37,65,3.44,65,3.57,65,3.58,65
233,Mykolenko,D,EVE,4.5,1.6,3.63,90,3.14,90,3.08,90,3.85,90,3.64,90
203,Canvot,D,CRY,5,0.3,2.16,90,3.27,90,3.95,90,4.01,90,3.94,90
350,A.Becker,G,LIV,5.5,3.8,3.86,90,3.67,90,3.61,90,3.63,90,2.54,90
459,L.Miley,M,NEW,5.5,0.1,3.27,75,3.51,75,3.53,75,3.52,75,3.44,75
552,Brobbey,F,SUN,6,12.9,3.71,66,3.58,66,3.25,66,3.09,66,3.66,66
210,Wharton,M,CRY,5.5,0.9,3.02,90,3.40,90,3.62,90,3.62,90,3.61,90
327,Bijol,D,LEE,5,0.9,3.77,90,3.40,90,3.36,90,3.96,90,2.77,90
483,Ndoye,M,NFO,5.5,0.4,3.24,61,3.46,61,3.38,61,3.70,61,3.44,61
129,Ayari,M,BHA,5.5,0.6,3.26,63,3.67,63,3.54,63,3.15,63,3.60,63
36,Maatsen,D,AVL,4.5,0.7,2.75,81,3.84,81,3.97,81,3.15,81,3.46,81
551,Angulo,M,SUN,5,0.1,3.65,58,3.54,58,3.23,58,3.09,58,3.60,58
420,Yoro,D,MUN,5,0.6,3.97,65,3.82,55,2.46,55,3.47,55,3.40,55
90,Hickey,D,BRE,4.5,0.1,3.72,65,3.87,55,3.53,55,2.95,55,3.02,55
423,Shaw,D,MUN,4.5,19.7,3.98,90,3.82,90,2.39,90,3.46,90,3.40,90
229,Tarkowski,D,EVE,6,8.7,3.56,90,3.07,90,3.00,90,3.79,90,3.57,90
244,Armstrong,M,EVE,5,0.2,3.46,90,3.28,90,3.26,90,3.52,90,3.46,90
570,Palacios,M,FUL,5.5,0.2,3.59,72,3.44,72,3.10,72,3.30,72,3.48,72
586,Mendy,D,HUL,4,3.7,3.65,63,3.43,63,3.08,63,2.92,63,3.81,63
190,Tchaouna,M,COV,5.5,0.2,3.68,81,2.83,81,3.42,81,3.59,81,3.33,81
149,Colwill,D,CHE,5,1.5,3.26,90,2.51,90,3.90,90,3.27,90,3.90,90
162,Andrey Santos,M,MUN,5,1,3.58,66,3.49,66,2.99,66,3.39,66,3.38,66
109,Verbruggen,G,BHA,4.5,21.5,2.94,90,3.85,90,3.56,90,2.73,90,3.74,90
230,Branthwaite,D,EVE,5.5,1.8,3.52,90,3.04,90,2.98,90,3.73,90,3.53,90
491,Igor Jesus,F,NFO,6,3.8,3.17,90,3.36,90,3.27,90,3.58,90,3.33,90
264,Bobb,M,FUL,5.5,0.3,3.54,66,3.40,66,3.06,66,3.26,66,3.44,66
32,Cash,D,AVL,4.5,7.7,2.62,90,3.74,90,3.89,90,3.04,90,3.37,90
226,Pickford,G,EVE,5.5,8.8,3.42,90,3.11,90,3.06,90,3.61,90,3.43,90
7,Lewis-Skelly,M,ARS,5.5,0.7,3.20,90,3.20,90,3.48,90,3.17,90,3.54,90
140,Sánchez,G,CHE,5,2.3,3.18,90,2.67,90,3.76,90,3.22,90,3.75,90
290,Slater,M,HUL,4.5,3.8,3.43,90,3.28,90,3.19,90,3.15,90,3.47,90
591,Enciso,M,IPS,5.5,0.5,1.96,35,3.45,70,3.58,70,3.73,70,3.72,70
279,Ajayi,D,HUL,4,1.8,3.54,63,3.33,63,2.98,63,2.82,63,3.71,63
28,Martinez,G,AVL,5,4.1,2.79,90,3.55,55,3.69,55,2.93,55,3.22,55
469,N.Williams,D,NFO,5,9,2.49,90,3.21,90,3.12,90,3.81,90,3.31,90
421,Heaven,D,MUN,4.5,0.4,2.16,35,3.99,90,2.52,90,3.63,90,3.56,90
254,Robinson,D,FUL,4.5,1.7,3.81,81,3.38,81,2.35,81,2.88,81,3.41,81
309,Núñez,M,IPS,5,0.1,3.08,79,3.04,79,3.16,79,3.27,79,3.26,79
198,Henderson,G,CRY,5,1.8,2.28,90,2.94,90,3.49,90,3.56,90,3.48,90
194,Thomas-Asante,F,COV,5,0.8,2.11,35,2.94,69,3.54,69,3.69,69,3.44,69
277,Egan,D,HUL,4,2,3.42,90,3.20,90,2.83,90,2.66,90,3.59,90
330,Bogle,D,LEE,4.5,0.6,3.43,90,3.09,90,3.04,90,3.61,90,2.46,90
385,Trafford,G,LEE,5,4.3,3.31,90,3.06,90,3.07,90,3.45,90,2.72,90
289,Crooks,M,HUL,4.5,0.7,3.27,90,3.07,90,2.97,90,2.93,90,3.31,90
45,McGinn,M,AVL,5.5,2.8,2.86,81,3.25,81,3.30,81,3.02,81,3.11,81
46,Barkley,M,AVL,5,0.2,2.87,73,3.24,73,3.29,73,3.01,73,3.11,73
422,Mazraoui,D,MUN,4.5,0.7,2.14,35,3.88,79,2.49,79,3.53,79,3.46,79
104,Onyeka,M,COV,5,0.2,3.37,90,2.61,90,3.13,90,3.28,90,3.05,90
232,O'Brien,D,EVE,5,0.4,3.23,65,2.76,55,2.70,55,3.44,55,3.23,55
173,Thomas,D,COV,4,7.9,3.74,90,1.99,90,3.10,90,3.53,90,2.95,90
34,Pau,D,AVL,4.5,0.4,2.46,73,3.42,73,3.55,73,2.79,73,3.09,73
69,Scott,M,BOU,6,1.5,3.32,90,2.93,90,3.10,90,2.96,90,2.97,90
334,Muharemović,D,LEE,5,3.4,3.32,90,2.98,90,2.94,90,3.49,90,2.40,90
567,Horníček,G,NEW,5,0.7,2.51,90,3.15,90,3.28,90,3.16,90,3.02,90
412,Lammens,G,MUN,5,15.6,3.49,90,3.34,90,2.21,90,3.01,90,2.95,90
159,Caicedo,M,CHE,5.5,3,2.98,49,2.69,55,3.18,55,2.95,55,3.17,55
473,Aina,D,NFO,4.5,3.5,2.39,73,3.01,73,2.94,73,3.52,73,3.10,73
255,J.Cuenca,D,FUL,4.5,0,3.60,90,3.19,90,2.21,90,2.72,90,3.21,90
148,Hato,D,CHE,4.5,0.5,1.84,35,2.56,64,3.68,64,3.18,64,3.68,64
61,Truffert,D,BOU,5.5,4.2,3.69,90,2.63,90,3.20,90,2.62,90,2.78,90
37,Lindelöf,D,AVL,4.5,0.3,2.31,90,3.35,90,3.49,90,2.68,90,3.00,90
516,Bentancur,M,TOT,5.5,0.2,2.84,65,3.06,55,3.12,55,2.96,55,2.83,55
575,Yirenkyi,M,COV,5,0.2,3.22,61,2.50,61,3.00,61,3.14,61,2.92,61
522,Gray,M,TOT,5,0.2,1.68,35,3.34,85,3.40,85,3.22,85,3.08,85
486,McAtee,M,NFO,5.5,0.1,1.71,35,3.23,73,3.17,73,3.41,73,3.21,73
250,Leno,G,FUL,4.5,3,3.46,90,3.09,90,2.37,90,2.71,90,3.09,90
572,Tzolakis,G,HUL,4.5,2.8,3.17,90,3.02,90,2.66,90,2.50,90,3.35,90
175,van Ewijk,D,COV,4,13.1,3.63,90,1.83,90,2.98,90,3.42,90,2.83,90
280,Coyle,D,HUL,4,0.6,3.20,69,2.98,69,2.64,69,2.49,69,3.36,69
247,Hackney,M,EVE,5.5,0.3,2.95,39,2.79,59,2.80,78,3.05,78,2.99,78
184,Grimes,M,COV,5,0.2,3.13,90,2.51,90,2.93,90,3.06,90,2.87,90
246,Röhl,M,EVE,5,0.1,1.73,35,3.07,90,3.04,90,3.36,90,3.28,90
338,Ampadu,M,LEE,5.5,1.4,2.96,90,2.89,90,2.86,90,2.99,90,2.67,90
267,Lukić,M,IPS,5,0.1,2.80,90,2.77,90,2.87,90,2.97,90,2.96,90
305,Davis,D,IPS,4,4.9,2.56,90,2.38,90,3.00,90,3.22,90,3.13,90
97,Jensen,M,BRE,5.5,0.2,1.85,35,3.26,66,3.17,66,3.00,66,3.00,66
576,Stroud,M,HUL,5,0.1,2.96,70,2.83,70,2.75,70,2.72,70,3.00,70
71,Cook,M,BOU,5,0.2,3.02,75,2.75,75,2.87,75,2.77,75,2.78,75
51,George Hemmings,M,AVL,4.5,0.7,1.55,35,3.20,90,3.24,90,3.00,90,3.08,90
315,Fatawu,M,IPS,5.5,0.2,2.72,65,2.69,65,2.81,65,2.92,65,2.91,65
329,Rodon,D,LEE,4.5,3.6,3.09,90,2.75,90,2.72,90,3.27,90,2.21,90
471,Milenković,D,NFO,5.5,1.8,2.15,90,2.82,90,2.76,90,3.35,90,2.92,90
257,Bassey,D,FUL,4.5,0.8,3.42,90,3.00,90,1.99,90,2.51,90,3.02,90
47,Kamara,M,AVL,5,0.3,2.52,90,2.84,90,2.89,90,2.63,90,2.72,90
304,O'Shea,D,IPS,4,3.4,2.44,90,2.27,90,2.86,90,3.06,90,2.96,90
496,Kinsky,G,TOT,4.5,22.7,2.38,90,3.00,90,3.15,90,2.72,90,2.32,90
467,Sels,G,NFO,5,1.5,2.27,90,2.70,90,2.67,90,3.06,90,2.78,90
545,Sadiki,M,SUN,5,0.3,2.83,90,2.76,90,2.56,90,2.46,90,2.79,90
60,Hill,D,BOU,5.5,0.9,3.32,90,2.36,90,2.88,90,2.33,90,2.50,90
176,Dasilva,D,COV,4,0.8,3.32,90,1.67,90,2.71,90,3.12,90,2.57,90
472,Murillo,D,NFO,5.5,1.7,2.04,90,2.69,90,2.64,90,3.20,90,2.80,90
474,Jair Cunha,D,NFO,4.5,0.2,2.02,90,2.68,90,2.63,90,3.20,90,2.79,90
534,Hume,D,SUN,4.5,6.4,3.16,79,2.89,79,2.30,79,2.01,79,2.93,79
265,Berge,M,FUL,5,0.4,2.81,72,2.69,72,2.46,72,2.59,72,2.72,72
161,Lavia,M,CHE,5,0.1,1.68,35,2.65,64,3.03,64,2.86,64,3.03,64
57,Petrović,G,BOU,4.5,3.3,3.02,90,2.42,90,2.75,90,2.39,90,2.51,90
238,Grealish,M,MCI,6.5,0.2,2.63,35,2.76,35,2.50,35,2.77,35,2.42,35
399,Cherki,M,MCI,7.5,10.5,2.62,35,2.76,35,2.49,35,2.77,35,2.40,35
182,Amenda,D,COV,4,0.9,3.23,90,1.61,90,2.63,90,3.04,90,2.50,90
392,Aït-Nouri,D,MCI,5.5,0.8,2.66,35,2.93,35,2.32,35,2.97,35,2.11,35
16,Madueke,M,ARS,6.4,0.3,2.49,35,2.51,35,2.71,35,2.48,35,2.77,35
532,Ballard,D,SUN,5,5.1,3.11,90,2.82,90,2.18,90,1.85,90,2.87,90
439,Šeško,F,MUN,7,1.8,2.71,35,2.63,35,2.27,35,2.59,35,2.59,35
462,Steur,M,NEW,5,0.1,1.69,35,2.77,55,2.79,55,2.78,55,2.73,55
429,Rashford,M,MUN,7,1.7,2.69,35,2.62,35,2.23,35,2.56,35,2.55,35
64,Smith,D,BOU,4.5,0.1,3.15,90,2.22,90,2.73,90,2.19,90,2.36,90
541,Meunier,D,SUN,4.5,0.3,3.04,90,2.77,90,2.15,90,1.85,90,2.81,90
24,Nelson,M,ARS,5.5,0,2.42,35,2.42,35,2.61,35,2.41,35,2.66,35
14,Eze,M,ARS,6.5,1.8,2.38,35,2.40,35,2.58,35,2.37,35,2.64,35
415,Dorgu,M,MUN,6,1.1,2.13,35,2.66,45,2.28,45,2.59,45,2.58,45
377,Munoz,M,LIV,6.5,0.6,2.54,35,2.50,35,2.48,35,2.49,35,2.20,35
306,Greaves,D,IPS,4,1.4,2.16,90,1.98,90,2.58,90,2.76,90,2.67,90
389,Matheus N.,D,MCI,6,1.5,1.93,26,2.86,35,2.25,35,2.89,35,2.05,35
17,Merino,M,ARS,6,0.6,2.30,35,2.31,35,2.50,35,2.29,35,2.55,35
401,Marmoush,F,TOT,7,1.2,2.32,35,2.45,35,2.49,35,2.39,35,2.31,35
259,Diop,D,IPS,4,17.1,2.11,90,1.94,90,2.54,90,2.72,90,2.63,90
22,Nwaneri,M,ARS,5.5,0,2.30,35,2.30,35,2.48,35,2.29,35,2.53,35
381,Koumas,M,LIV,5,0,2.45,35,2.41,35,2.39,35,2.40,35,2.12,35
410,Monga,M,MCI,5,0,2.36,35,2.46,35,2.26,35,2.47,35,2.19,35
566,Silva,D,BOU,5,0.4,2.87,90,2.06,90,2.52,90,2.01,90,2.19,90
18,Martinelli,M,ARS,6.4,0.2,2.23,35,2.24,35,2.42,35,2.23,35,2.47,35
9,Hincapie,D,ARS,5.4,1.5,2.13,35,2.11,35,2.59,35,2.05,35,2.68,35
396,Vitor Reis,D,MCI,4.5,0,2.36,35,2.61,35,2.05,35,2.64,35,1.86,35
157,Estêvão,M,CHE,6.5,1.1,2.31,35,2.06,35,2.44,35,2.27,35,2.44,35
407,Echeverri,M,MCI,5,0,2.31,35,2.41,35,2.22,35,2.42,35,2.15,35
529,Roefs,G,SUN,5,4,2.63,90,2.45,90,2.10,90,1.86,90,2.46,90
20,Dowman,M,ARS,5.4,0.1,2.22,35,2.22,35,2.39,35,2.21,35,2.43,35
364,Tsimikas,D,LIV,5,0.1,2.52,35,2.42,35,2.38,35,2.40,35,1.74,35
383,Elliott,M,LIV,5.5,0.1,2.39,35,2.35,35,2.33,35,2.34,35,2.05,35
536,Reinildo,D,SUN,4.5,0.5,2.79,90,2.52,90,1.94,90,1.65,90,2.56,90
136,Welbeck,F,CHE,6,1,2.31,35,2.08,35,2.40,35,2.25,35,2.39,35
29,M.Bizot,G,AVL,4.5,0.1,0.00,0,3.06,90,3.17,90,2.46,90,2.74,90
403,Sávio,M,TOT,6.5,0.8,2.17,35,2.33,35,2.38,35,2.26,35,2.16,35
23,Fábio Vieira,M,ARS,5.5,0,2.16,35,2.16,35,2.33,35,2.15,35,2.37,35
463,Woltemade,F,NEW,6,1.5,2.12,35,2.22,35,2.22,35,2.23,35,2.19,35
166,N.Jackson,F,CHE,6.5,0.3,2.21,35,2.00,35,2.29,35,2.17,35,2.29,35
526,Solanke,F,TOT,6,1.3,2.13,35,2.23,35,2.26,35,2.19,35,2.13,35
42,Guessand,M,CRY,5.5,0,1.91,35,2.16,35,2.27,35,2.28,35,2.27,35
461,Touré,M,NEW,6,0.2,2.05,35,2.18,35,2.19,35,2.18,35,2.14,35
336,Okafor,M,LEE,6,0.4,2.23,35,2.18,35,2.14,35,2.25,35,1.92,35
100,Carvalho,M,BRE,5,0,2.21,35,2.25,35,2.18,35,2.04,35,2.04,35
164,Quenda,M,CHE,5.5,0,2.14,35,1.94,35,2.24,35,2.11,35,2.24,35
31,Konsa,D,ARS,4.5,10.9,1.96,35,1.93,35,2.39,35,1.87,35,2.47,35
446,Schär,D,NEW,5,0.3,1.85,35,2.19,35,2.25,35,2.20,35,2.12,35
609,Shahar,D,NEW,4,0.1,1.85,35,2.18,35,2.23,35,2.18,35,2.10,35
186,Mason-Clark,M,COV,5.5,0.1,2.31,35,1.75,35,2.14,35,2.25,35,2.08,35
158,Gittens,M,CHE,6,0,2.10,35,1.91,35,2.20,35,2.07,35,2.20,35
520,Bergvall,M,TOT,5.5,0.2,1.65,35,2.24,45,2.28,45,2.18,45,2.11,45
579,Araujo,D,LIV,5.5,2.7,2.30,35,2.21,35,2.17,35,2.19,35,1.58,35
168,Marc Guiu,F,CHE,5,0.5,2.11,35,1.94,35,2.16,35,2.07,35,2.16,35
378,McConnell,M,LIV,4.5,0.3,2.15,35,2.12,35,2.10,35,2.11,35,1.88,35
564,Scherpen,G,IPS,4.5,0.6,1.82,90,1.66,90,2.23,90,2.37,90,2.27,90
515,Maddison,M,TOT,6.5,1,1.56,26,2.19,34,2.31,35,2.19,35,2.09,35
584,Hamer,M,COV,5.5,0.1,2.27,35,1.70,35,2.09,35,2.20,35,2.03,35
74,Brooks,M,BOU,5,0.1,2.22,35,1.97,35,2.07,35,1.99,35,1.99,35
503,Van de Ven,D,TOT,5,4.3,1.85,35,2.21,35,2.31,35,2.05,35,1.81,35
207,Mingueza,D,CRY,4.5,0.1,1.45,35,1.96,35,2.25,35,2.29,35,2.25,35
600,Osman,M,BHA,5,0,1.95,35,2.15,35,2.09,35,1.88,35,2.12,35
539,O'Nien,D,SUN,4,3.4,1.54,35,2.44,66,1.98,66,1.75,66,2.46,66
89,Henry,D,BRE,4.5,0.2,2.18,35,2.25,35,2.08,35,1.80,35,1.83,35
126,O'Riley,M,BHA,5.5,0.1,1.93,35,2.14,35,2.08,35,1.87,35,2.11,35
113,F.Kadıoğlu,D,BHA,4.5,2.3,1.78,35,2.31,35,2.15,35,1.63,35,2.24,35
512,Kudus,M,TOT,6.5,0.1,1.18,18,1.75,25,2.50,35,2.38,35,2.28,35
219,J.Rak-Sakyi,M,CRY,5,0,1.78,35,2.00,35,2.10,35,2.11,35,2.10,35
492,Awoniyi,F,COV,5.5,0.8,2.19,35,1.71,35,2.05,35,2.14,35,1.99,35
216,Esse,M,CRY,5,0,1.76,35,1.99,35,2.11,35,2.11,35,2.10,35
262,Smith Rowe,M,FUL,5.5,0.4,2.13,35,2.05,35,1.84,35,1.97,35,2.08,35
561,Anselmino,D,CHE,4.5,0,1.95,35,1.60,35,2.25,35,1.96,35,2.25,35
44,Bailey,M,AVL,5.5,0.1,1.84,35,2.08,35,2.10,35,1.95,35,2.00,35
205,Sosa,D,CRY,4.5,0,1.40,35,1.91,35,2.21,35,2.24,35,2.21,35
511,Souza,D,TOT,4,0.3,1.80,35,2.15,35,2.24,35,2.00,35,1.77,35
583,Chavarria,D,CHE,5,0.2,1.94,35,1.59,35,2.24,35,1.95,35,2.24,35
135,Yohanna,M,BHA,5,0.1,1.90,35,2.10,35,2.04,35,1.84,35,2.07,35
105,Anthony,M,BRE,6,0.2,2.05,35,2.08,35,2.02,35,1.89,35,1.90,35
599,Cherif,F,COV,5,0.1,2.15,35,1.69,35,2.02,35,2.10,35,1.97,35
588,Khalaili,D,CRY,5,0.1,1.40,35,1.90,35,2.20,35,2.23,35,2.19,35
595,Gozo,M,CRY,5,0,1.75,35,1.96,35,2.07,35,2.07,35,2.06,35
211,Yeremy,M,CRY,5.5,0.2,1.74,35,1.96,35,2.07,35,2.07,35,2.06,35
361,Lucky,D,LIV,4,0.1,2.18,35,2.09,35,2.05,35,2.07,35,1.48,35
108,Wilson,F,BRE,5.5,0.4,2.02,35,2.04,35,2.00,35,1.91,35,1.90,35
269,Sessegnon,D,FUL,4.5,0.4,2.29,35,2.08,35,1.56,35,1.83,35,2.10,35
435,Lacey,M,MUN,5,0,2.07,35,2.03,35,1.77,35,1.98,35,1.98,35
577,Tomiyasu,D,CRY,4.5,0.4,1.38,35,1.88,35,2.18,35,2.21,35,2.18,35
110,Rushworth,G,COV,4.5,1.2,2.46,90,1.22,90,1.97,90,2.30,90,1.88,90
93,Schuster,D,BRE,4.5,0.2,2.11,35,2.17,35,2.01,35,1.73,35,1.76,35
573,Sanchez,D,BOU,4.5,0.2,2.30,35,1.78,35,2.05,35,1.78,35,1.86,35
616,Bouaddi,M,MCI,5.5,0,1.96,35,2.04,35,1.87,35,2.05,35,1.81,35
96,Damsgaard,M,BRE,5.5,0.5,2.00,35,2.04,35,1.96,35,1.84,35,1.84,35
183,Rudoni,M,COV,5,0.1,2.11,35,1.63,35,1.96,35,2.06,35,1.91,35
506,Udogie,D,TOT,4.5,0.5,1.74,35,2.09,35,2.17,35,1.94,35,1.71,35
152,Palestra,D,CHE,5.5,2.3,1.47,26,1.62,35,2.28,35,1.98,35,2.28,35
147,Tosin,D,CHE,4.5,0.2,1.86,35,1.52,35,2.17,35,1.87,35,2.17,35
248,Beto,F,EVE,5.5,2.4,1.95,35,1.85,35,1.83,35,2.00,35,1.96,35
185,Sakamoto,M,COV,5,0.1,2.07,35,1.62,35,1.93,35,2.02,35,1.88,35
375,Nyoni,M,LIV,5,0,1.97,35,1.95,35,1.93,35,1.94,35,1.73,35
482,Hudson-Odoi,M,NFO,6,0.2,1.79,35,1.91,35,1.87,35,2.04,35,1.90,35
343,James,M,LEE,5,0.1,1.96,35,1.93,35,1.90,35,1.98,35,1.73,35
134,Oriola,M,BHA,4.5,0.3,1.81,35,1.99,35,1.94,35,1.75,35,1.96,35
27,G.Jesus,F,ARS,6,0.3,1.85,35,1.87,35,1.92,35,1.86,35,1.95,35
431,Amad,M,MUN,5.9,1,1.58,26,2.02,34,1.79,35,2.02,35,2.02,35
138,Kostoulas,F,BHA,5.5,0.2,1.83,35,1.96,35,1.92,35,1.77,35,1.93,35
328,Struijk,D,BHA,5,0.2,1.65,35,2.15,35,2.00,35,1.50,35,2.09,35
553,Isidor,F,SUN,5.5,0.9,1.99,35,1.93,35,1.78,35,1.70,35,1.97,35
608,Jebbison,F,BOU,5,0,1.99,35,1.81,35,1.88,35,1.84,35,1.83,35
347,Nmecha,F,LEE,5.5,0.5,1.92,35,1.90,35,1.87,35,1.93,35,1.72,35
460,Willock,M,NEW,5,0.2,1.78,35,1.89,35,1.90,35,1.89,35,1.86,35
324,Mehmeti,M,IPS,5,0,1.81,35,1.79,35,1.85,35,1.93,35,1.93,35
120,Svoboda,D,BHA,5,0.1,1.64,35,2.13,35,1.98,35,1.49,35,2.07,35
150,M.Sarr,D,CHE,4.5,0.1,1.80,35,1.47,35,2.10,35,1.82,35,2.10,35
430,Mount,M,MUN,5.5,0,1.55,26,1.98,34,1.77,35,1.99,35,1.99,35
215,Devenny,M,CRY,5,0,1.64,35,1.83,35,1.93,35,1.94,35,1.93,35
409,Mukasa,M,MCI,4.5,0.2,1.87,35,1.95,35,1.78,35,1.95,35,1.73,35
568,Barco,M,CHE,5.5,0.1,1.85,35,1.69,35,1.94,35,1.83,35,1.94,35
145,Fofana,D,CHE,5,0,1.79,35,1.45,35,2.09,35,1.80,35,2.09,35
501,Danso,D,TOT,5,0.2,1.66,35,2.00,35,2.08,35,1.85,35,1.63,35
594,David,F,BHA,6,0.3,1.80,35,1.90,35,1.88,35,1.75,35,1.88,35
167,Delap,F,NFO,5.5,0.5,1.76,35,1.85,35,1.80,35,1.95,35,1.83,35
452,Bruno G.,M,ARS,6.9,2.8,1.39,26,1.77,33,2.04,35,1.86,35,2.09,35
466,Neave,F,NEW,4.5,0.8,1.79,35,1.84,35,1.84,35,1.84,35,1.82,35
508,Davies,D,TOT,4,1,1.64,35,1.98,35,2.07,35,1.83,35,1.61,35
493,Kalimuendo,F,NFO,5.5,0.1,1.76,35,1.83,35,1.80,35,1.91,35,1.82,35
271,Muniz,F,FUL,5.5,0.6,1.89,35,1.85,35,1.71,35,1.80,35,1.87,35
19,Zubimendi,M,ARS,5.5,1,1.76,35,1.76,35,1.91,35,1.75,35,1.94,35
92,Ji-soo,D,BRE,4.5,0,1.96,35,2.03,35,1.87,35,1.60,35,1.64,35
313,Clarke,M,IPS,5.5,0.3,1.77,35,1.75,35,1.81,35,1.89,35,1.88,35
419,Martinez,D,MUN,5,1.3,2.08,35,2.01,35,1.36,35,1.84,35,1.81,35
614,Hadjam,D,BHA,4.5,0,1.59,35,2.09,35,1.93,35,1.45,35,2.03,35
81,Rodríguez,F,BOU,6,0.1,1.93,35,1.76,35,1.82,35,1.78,35,1.78,35
119,Costinha,D,BHA,4.5,0,1.58,35,2.07,35,1.92,35,1.44,35,2.01,35
209,Johnson,M,EVE,6,0.2,1.84,35,1.73,35,1.72,35,1.88,35,1.84,35
611,Wan-Bissaka,D,AVL,4.5,0,1.48,35,1.98,35,2.05,35,1.66,35,1.81,35
606,Rowe,D,AVL,4,0.1,1.49,35,1.97,35,2.03,35,1.66,35,1.80,35
339,Longstaff,M,LEE,5,0.1,1.85,35,1.81,35,1.78,35,1.86,35,1.64,35
272,Kusi-Asare,F,FUL,4.5,7,1.84,35,1.80,35,1.69,35,1.77,35,1.83,35
596,Ruggeri,D,AVL,4.5,0.1,1.48,35,1.96,35,2.02,35,1.65,35,1.80,35
153,Disasi,D,CRY,4.5,0.1,1.23,35,1.69,35,1.98,35,2.01,35,1.97,35
509,Byfield,D,TOT,4,0.1,1.59,35,1.93,35,2.01,35,1.78,35,1.56,35
510,Rowswell,D,TOT,4,0.1,1.59,35,1.93,35,2.01,35,1.78,35,1.56,35
528,Scarlett,F,TOT,4.5,1.7,1.74,35,1.80,35,1.81,35,1.77,35,1.74,35
169,Mheuka,F,CHE,4.5,0.3,1.78,35,1.67,35,1.82,35,1.76,35,1.82,35
170,Emegha,F,CHE,5,0.1,1.78,35,1.67,35,1.82,35,1.76,35,1.82,35
107,Furo,F,BRE,4.5,0.9,1.80,35,1.81,35,1.79,35,1.73,35,1.73,35
547,Mundle,M,SUN,5,0,1.87,35,1.82,35,1.68,35,1.61,35,1.84,35
117,Coppola,D,BHA,4.5,0,1.54,35,2.03,35,1.88,35,1.40,35,1.97,35
441,Obi,F,MUN,4.5,1.1,1.81,35,1.79,35,1.65,35,1.77,35,1.77,35
605,Yalcouyé,M,BHA,4.5,0.1,1.68,35,1.85,35,1.80,35,1.63,35,1.83,35
424,Amass,D,MUN,4,0.2,2.00,35,1.94,35,1.32,35,1.77,35,1.75,35
432,Mainoo,M,MUN,5.5,1,1.85,35,1.81,35,1.59,35,1.77,35,1.76,35
288,Dowell,M,HUL,4.5,0.4,1.82,35,1.73,35,1.68,35,1.66,35,1.85,35
38,A.García,D,AVL,4,1.7,1.44,35,1.92,35,1.98,35,1.61,35,1.75,35
33,Mings,D,AVL,4.5,0.4,1.43,35,1.93,35,1.99,35,1.60,35,1.76,35
314,Ogbene,M,IPS,5,0,1.69,35,1.68,35,1.74,35,1.80,35,1.79,35
607,Lynch,M,AVL,4.5,0.1,1.63,35,1.80,35,1.82,35,1.70,35,1.74,35
296,Akintola,M,HUL,5,0,1.81,35,1.72,35,1.67,35,1.65,35,1.83,35
103,Dasilva,M,BRE,5,0,1.79,35,1.81,35,1.76,35,1.66,35,1.66,35
118,Igor,D,BHA,4.5,0.1,1.51,35,1.99,35,1.84,35,1.38,35,1.94,35
543,Diarra,M,SUN,5.5,0.1,1.83,35,1.78,35,1.64,35,1.57,35,1.81,35
76,Tóth.A,M,BOU,5,0,1.83,35,1.67,35,1.74,35,1.68,35,1.69,35
345,Tanaka,M,LEE,5,0.2,1.76,35,1.73,35,1.71,35,1.78,35,1.57,35
56,Abraham,F,AVL,5.5,0.1,1.30,26,1.67,31,1.91,35,1.82,35,1.85,35
245,Dibling,M,EVE,5.5,0,1.74,35,1.65,35,1.63,35,1.77,35,1.74,35
373,C.Jones,M,LIV,5.5,0,1.40,26,1.80,34,1.84,35,1.84,35,1.64,35
191,Borges Rodrigues,M,COV,4.5,0.2,1.83,35,1.48,35,1.72,35,1.79,35,1.68,35
437,Bendito Mantato,M,MUN,4.5,0.2,1.78,35,1.75,35,1.55,35,1.71,35,1.70,35
438,Fletcher,M,MUN,4.5,0.3,1.78,35,1.75,35,1.55,35,1.71,35,1.70,35
559,Bamba,M,NEW,5,0.1,1.62,35,1.72,35,1.73,35,1.72,35,1.69,35
484,Hutchinson,M,NFO,5.5,0.2,1.59,35,1.70,35,1.66,35,1.82,35,1.69,35
323,McAteer,M,IPS,4.5,1.4,1.65,35,1.63,35,1.69,35,1.75,35,1.74,35
524,Olusesi,M,TOT,4.5,0.8,1.63,35,1.74,35,1.76,35,1.69,35,1.63,35
256,Tete,D,FUL,4.5,0.3,1.98,35,1.78,35,1.32,35,1.56,35,1.79,35
75,Christie,M,BOU,5,0,1.80,35,1.63,35,1.70,35,1.64,35,1.65,35
436,Collyer,M,MUN,5,0,1.76,35,1.73,35,1.53,35,1.69,35,1.68,35
548,Rigg,M,SUN,5,0.1,1.78,35,1.73,35,1.60,35,1.54,35,1.75,35
231,Keane,D,EVE,5,1.4,1.75,35,1.53,35,1.50,35,1.85,35,1.75,35
221,Drakes-Thomas,M,CRY,4.5,0.1,1.46,35,1.65,35,1.75,35,1.75,35,1.74,35
287,Millar,M,HUL,5,0.1,1.74,35,1.65,35,1.60,35,1.58,35,1.75,35
52,Alysson,M,AVL,5,0,1.55,35,1.73,35,1.75,35,1.63,35,1.67,35
253,Andersen,D,FUL,5,0.1,1.96,35,1.76,35,1.30,35,1.53,35,1.77,35
239,Garner,M,EVE,6,0.1,1.69,35,1.60,35,1.59,35,1.73,35,1.70,35
478,Netz,D,NFO,4.5,0,1.36,35,1.67,35,1.64,35,1.91,35,1.71,35
234,Patterson,D,EVE,4.5,0,1.73,35,1.51,35,1.48,35,1.82,35,1.73,35
610,De Fougerolles,D,FUL,4,0.1,1.94,35,1.75,35,1.29,35,1.53,35,1.76,35
292,Ömür,M,HUL,5,0,1.72,35,1.64,35,1.59,35,1.57,35,1.73,35
218,Doucouré,M,CRY,5,0.1,1.47,35,1.62,35,1.71,35,1.72,35,1.71,35
235,Aznou,D,EVE,4,0.2,1.72,35,1.50,35,1.47,35,1.81,35,1.72,35
212,Hughes,M,CRY,4.5,10.9,1.47,35,1.62,35,1.71,35,1.72,35,1.71,35
102,Yarmoliuk,M,BRE,5,1.2,1.69,35,1.71,35,1.66,35,1.57,35,1.58,35
213,Lerma,M,CRY,5,0.1,1.45,35,1.61,35,1.70,35,1.71,35,1.70,35
187,Eccles,M,COV,5,0,1.75,35,1.42,35,1.65,35,1.72,35,1.61,35
101,Henderson,M,CHE,5,0,1.27,26,1.57,35,1.80,35,1.70,35,1.80,35
178,Bidwell,D,COV,4,0.1,1.94,35,1.14,35,1.65,35,1.84,35,1.58,35
263,Kevin,M,FUL,5.5,0.1,1.71,35,1.65,35,1.51,35,1.59,35,1.66,35
320,Akpom,F,IPS,5,0.5,1.59,35,1.58,35,1.61,35,1.66,35,1.66,35
374,Endo,M,LIV,5,0.1,1.66,35,1.64,35,1.63,35,1.64,35,1.48,35
50,Burrowes,M,AVL,4.5,0.7,1.51,35,1.66,35,1.68,35,1.57,35,1.61,35
602,Humphreys,M,IPS,4.5,0,1.57,35,1.55,35,1.60,35,1.65,35,1.65,35
72,Gannon-Doak,M,BOU,5,0.1,1.70,35,1.55,35,1.62,35,1.56,35,1.57,35
574,Hjertø-Dahl,M,HUL,5,0.1,1.66,35,1.59,35,1.55,35,1.53,35,1.68,35
487,Dominguez,M,NFO,5,0.1,1.52,35,1.60,35,1.57,35,1.70,35,1.60,35
62,Diakité,D,BOU,5,0.2,1.87,35,1.43,35,1.66,35,1.42,35,1.49,35
189,Shepherd,M,COV,4.5,0.3,1.69,35,1.38,35,1.59,35,1.65,35,1.56,35
192,Andrews,M,COV,4.5,0.6,1.69,35,1.38,35,1.59,35,1.65,35,1.56,35
270,Reed,M,FUL,4.5,1.4,1.66,35,1.59,35,1.46,35,1.53,35,1.61,35
91,Pinnock,D,COV,4.5,0.1,1.86,35,1.11,35,1.58,35,1.77,35,1.52,35
556,Targett,D,HUL,4,2.3,1.70,35,1.59,35,1.42,35,1.34,35,1.78,35
281,Drameh,D,HUL,4,0.1,1.69,35,1.59,35,1.42,35,1.34,35,1.77,35
217,M.França,M,CRY,5,0,1.38,35,1.54,35,1.62,35,1.63,35,1.62,35
321,Walle Egeli,F,IPS,4.5,2.4,1.53,35,1.53,35,1.55,35,1.59,35,1.59,35
405,N.Gonzalez,M,NEW,5.5,0.2,1.48,35,1.57,35,1.58,35,1.57,35,1.54,35
285,McNair,D,HUL,4,0.1,1.67,35,1.57,35,1.40,35,1.32,35,1.75,35
580,Charles,M,FUL,5,0.1,1.62,35,1.56,35,1.44,35,1.51,35,1.57,35
563,Morita,M,HUL,5,0,1.59,35,1.53,35,1.49,35,1.48,35,1.61,35
477,Abbott,D,NFO,4,0.3,1.25,35,1.54,35,1.52,35,1.78,35,1.59,35
308,Furlong,D,IPS,4,0.6,1.40,35,1.32,35,1.60,35,1.70,35,1.66,35
163,D.Essugo,M,CHE,4.5,0.2,1.53,35,1.41,35,1.61,35,1.52,35,1.61,35
592,Ouattara,D,IPS,4,1,1.40,35,1.32,35,1.59,35,1.69,35,1.65,35
35,Bogarde,M,AVL,5,0.1,1.43,35,1.58,35,1.60,35,1.49,35,1.53,35
284,McCarthy,D,HUL,4,0.1,1.65,35,1.54,35,1.38,35,1.30,35,1.72,35
581,Diomande,D,NFO,5.5,0.7,1.23,35,1.52,35,1.50,35,1.75,35,1.57,35
476,O.Richards,D,NFO,4,0.2,1.22,35,1.52,35,1.49,35,1.76,35,1.56,35
479,Bindon,D,NFO,4,0.2,1.22,35,1.52,35,1.49,35,1.76,35,1.56,35
181,Brau,D,COV,4,0,1.80,35,1.05,35,1.52,35,1.71,35,1.46,35
489,Yates,M,NFO,4.5,1.4,1.43,35,1.51,35,1.48,35,1.58,35,1.50,35
533,Mukiele,D,SUN,5.5,2.5,1.74,35,1.61,35,1.33,35,1.19,35,1.63,35
604,Cresswell,M,LEE,4.5,0.1,1.54,35,1.51,35,1.50,35,1.55,35,1.40,35
174,Kitching,D,COV,4,0.7,1.79,35,1.04,35,1.51,35,1.70,35,1.45,35
550,Jocelin.T,M,SUN,5,0,1.57,35,1.53,35,1.42,35,1.36,35,1.55,35
601,Williams-Barnett,M,TOT,4.5,0.1,1.44,35,1.52,35,1.54,35,1.48,35,1.44,35
603,Lienou,D,LEE,4,0.1,1.61,35,1.46,35,1.44,35,1.69,35,1.20,35
179,Latibeaudiere,D,COV,4,0,1.76,35,1.04,35,1.49,35,1.67,35,1.43,35
434,J.Fletcher,M,MUN,5,0,1.54,35,1.52,35,1.36,35,1.48,35,1.47,35
558,Schlager,M,NFO,5,0.1,1.41,35,1.48,35,1.46,35,1.55,35,1.48,35
303,Kipré,D,IPS,4,0.6,1.33,35,1.26,35,1.53,35,1.62,35,1.57,35
578,Mudryk,M,CHE,5.5,0,1.45,35,1.36,35,1.53,35,1.45,35,1.53,35
613,Ahoka,M,SUN,4.5,0,1.54,35,1.50,35,1.40,35,1.34,35,1.52,35
307,Johnson,D,IPS,4,0.1,1.33,35,1.25,35,1.52,35,1.61,35,1.57,35
585,Herrington,D,HUL,4,0.7,1.57,35,1.48,35,1.31,35,1.24,35,1.65,35
598,Elvedi,D,LEE,4.5,0,1.58,35,1.42,35,1.41,35,1.66,35,1.17,35
470,Morato,D,NFO,5,0,1.14,35,1.43,35,1.41,35,1.66,35,1.48,35
73,Adams,M,BOU,5,0.2,1.48,35,1.37,35,1.42,35,1.38,35,1.38,35
535,Alderete,D,SUN,5,0.4,1.63,35,1.51,35,1.25,35,1.12,35,1.52,35
589,Gourna-Douath,M,HUL,5,0,1.44,35,1.39,35,1.36,35,1.35,35,1.46,35
243,Alcaraz,M,EVE,5,0.1,1.41,35,1.36,35,1.35,35,1.44,35,1.42,35
537,Seelt,D,SUN,4.5,0,1.57,35,1.45,35,1.20,35,1.07,35,1.47,35
612,Methalie,D,SUN,4.5,0,1.55,35,1.44,35,1.20,35,1.07,35,1.46,35
66,Soler,D,BOU,4,0.2,1.27,26,1.26,34,1.52,35,1.28,35,1.36,35
571,Florentino,M,IPS,5,0.1,0.98,26,1.23,33,1.34,35,1.38,35,1.37,35
507,Phillips,D,TOT,4.5,0,0.00,0,0.00,0,0.00,0,0.00,0,0.00,0
318,Philogene,M,IPS,5.5,0.1,0.00,0,0.00,0,0.00,0,0.00,0,0.00,0
370,Chiesa,M,LIV,5.5,0.1,0.00,0,0.00,0,0.00,0,0.00,0,0.00,0
293,Kamara,M,HUL,5,0,0.00,0,0.00,0,0.00,0,0.00,0,0.00,0
485,Bakwa,M,NFO,5.5,0,0.00,0,0.00,0,0.00,0,0.00,0,0.00,0
597,Suzuki,G,AVL,5,0.8,0.00,0,0.00,0,0.00,0,0.00,0,0.00,0
402,Rodrigo,M,MCI,6.5,0,0.00,0,0.00,0,0.00,0,0.00,0,0.00,0
63,Milosavljević,D,BOU,5,0,0.00,0,0.00,0,0.00,0,0.00,0,0.00,0
414,Heaton,G,MUN,4,0.1,0.00,0,0.00,0,0.00,0,0.00,0,0.00,0
77,Adli,M,BOU,5,0,0.00,0,0.00,0,0.00,0,0.00,0,0.00,0
433,Ugarte,M,MUN,5,0,0.00,0,0.00,0,0.00,0,0.00,0,0.00,0
444,Jaouen,G,NEW,4.5,0,0.00,0,0.00,0,0.00,0,0.00,0,0.00,0
448,Burn,D,NEW,5,1.7,0.00,0,0.00,0,0.00,0,0.00,0,0.00,0
497,Dubravka,G,TOT,4,18.6,0.00,0,0.00,0,0.00,0,0.00,0,0.00,0
458,Joelinton,M,NEW,5.5,0,0.00,0,0.00,0,0.00,0,0.00,0,0.00,0
442,Pope,G,NEW,5,1.3,0.00,0,0.00,0,0.00,0,0.00,0,0.00,0
425,Fredricson,D,MUN,4,0,0.00,0,0.00,0,0.00,0,0.00,0,0.00,0
416,De Ligt,D,MUN,5,0,0.00,0,0.00,0,0.00,0,0.00,0,0.00,0
475,Savona,D,NFO,4.5,0,0.00,0,0.00,0,0.00,0,0.00,0,0.00,0
450,Livramento,D,NEW,5,0,0.00,0,0.00,0,0.00,0,0.00,0,0.00,0
408,Phillips,M,MCI,5,0,0.00,0,0.00,0,0.00,0,0.00,0,0.00,0
21,Nørgaard,M,EVE,5,0.1,0.00,0,0.00,0,0.00,0,0.00,0,0.00,0
78,Kroupi.Jr,M,BOU,7.5,0.3,0.00,0,0.00,0,0.00,0,0.00,0,0.00,0
39,Nedeljkovic,D,AVL,4,0.2,0.00,0,0.00,0,0.00,0,0.00,0,0.00,0
505,Spence,D,TOT,4.5,0.5,0.00,0,0.00,0,0.00,0,0.00,0,0.00,0
99,Milambo,M,BRE,5,0,0.00,0,0.00,0,0.00,0,0.00,0,0.00,0
2,Arrizabalaga,G,ARS,5,0.1,0.00,0,0.00,0,0.00,0,0.00,0,0.00,0
342,Harrison,M,LEE,5,0,0.00,0,0.00,0,0.00,0,0.00,0,0.00,0
531,Ellborg,G,SUN,4.5,0.1,0.00,0,0.00,0,0.00,0,0.00,0,0.00,0
546,Adingra,M,SUN,5,0.1,0.00,0,0.00,0,0.00,0,0.00,0,0.00,0
582,Madjo,F,AVL,5.5,0.4,0.00,0,0.00,0,0.00,0,0.00,0,0.00,0
538,Hjelde,D,SUN,4,0.1,0.00,0,0.00,0,0.00,0,0.00,0,0.00,0
513,Xavi,M,TOT,6,0,0.00,0,0.00,0,0.00,0,0.00,0,0.00,0
555,Matthews,G,CRY,4,1.8,0.00,0,0.00,0,0.00,0,0.00,0,0.00,0
354,Jaros,G,LIV,4,0,0.00,0,0.00,0,0.00,0,0.00,0,0.00,0
3,Meslier,G,ARS,5,0,0.00,0,0.00,0,0.00,0,0.00,0,0.00,0
83,Valdimarsson,G,BRE,4.5,0.1,0.00,0,0.00,0,0.00,0,0.00,0,0.00,0
6,Saliba,D,ARS,6,0.3,0.00,0,0.00,0,0.00,0,0.00,0,0.00,0
146,B.Badiashile,D,CHE,4.5,0,0.00,0,0.00,0,0.00,0,0.00,0,0.00,0
451,A.Murphy,D,NEW,4,0.1,0.00,0,0.00,0,0.00,0,0.00,0,0.00,0
196,Markelo,F,COV,5,0,0.00,0,0.00,0,0.00,0,0.00,0,0.00,0
518,P.M.Sarr,M,TOT,4.9,0.2,0.00,0,0.00,0,0.00,0,0.00,0,0.00,0
590,Benda,G,NFO,4.5,0.1,0.00,0,0.00,0,0.00,0,0.00,0,0.00,0
554,Van Oevelen,G,IPS,4.5,0,0.00,0,0.00,0,0.00,0,0.00,0,0.00,0
540,Masuaku,D,SUN,4,0.2,0.00,0,0.00,0,0.00,0,0.00,0,0.00,0
530,Patterson,G,SUN,4,0.2,0.00,0,0.00,0,0.00,0,0.00,0,0.00,0
521,Kulusevski,M,TOT,6.5,0,0.00,0,0.00,0,0.00,0,0.00,0,0.00,0
349,Mateo Joseph,F,LEE,4.5,0.1,0.00,0,0.00,0,0.00,0,0.00,0,0.00,0
351,Mamardashvili,G,LIV,5,0.2,0.00,0,0.00,0,0.00,0,0.00,0,0.00,0
468,John,G,NFO,4.5,0.1,0.00,0,0.00,0,0.00,0,0.00,0,0.00,0
227,Travers,G,EVE,5,0,0.00,0,0.00,0,0.00,0,0.00,0,0.00,0
443,Gillespie,G,NEW,4.5,0,0.00,0,0.00,0,0.00,0,0.00,0,0.00,0
54,Gomes,M,AVL,5.5,0.1,0.00,0,0.00,0,0.00,0,0.00,0,0.00,0
132,Howell,M,BHA,4.5,0.1,0.00,0,0.00,0,0.00,0,0.00,0,0.00,0
465,Osula,F,NEW,6,1,0.00,0,0.00,0,0.00,0,0.00,0,0.00,0
121,Mitoma,M,BHA,6,0,0.00,0,0.00,0,0.00,0,0.00,0,0.00,0
128,Buonanotte,M,BHA,5,0,0.00,0,0.00,0,0.00,0,0.00,0,0.00,0
58,Forster,G,BOU,4,3.2,0.00,0,0.00,0,0.00,0,0.00,0,0.00,0
560,Penders,G,CHE,4.5,0.1,0.00,0,0.00,0,0.00,0,0.00,0,0.00,0
319,Szmodics,M,IPS,5,0,0.00,0,0.00,0,0.00,0,0.00,0,0.00,0
500,Romero,D,TOT,5,0.2,0.00,0,0.00,0,0.00,0,0.00,0,0.00,0
413,Bayindir,G,MUN,4.5,0,0.00,0,0.00,0,0.00,0,0.00,0,0.00,0
341,Gnonto,M,LEE,5,0,0.00,0,0.00,0,0.00,0,0.00,0,0.00,0
317,Hirst,F,IPS,5,0.2,0.00,0,0.00,0,0.00,0,0.00,0,0.00,0
394,Alleyne,D,MCI,5,0,0.00,0,0.00,0,0.00,0,0.00,0,0.00,0
495,Austin,G,TOT,4,0.9,0.00,0,0.00,0,0.00,0,0.00,0,0.00,0
49,Iling Jr,M,AVL,5,0,0.00,0,0.00,0,0.00,0,0.00,0,0.00,0
30,Digne,D,AVL,4.5,0.1,0.00,0,0.00,0,0.00,0,0.00,0,0.00,0
517,Odobert,M,TOT,5.5,0,0.00,0,0.00,0,0.00,0,0.00,0,0.00,0
177,Kesler-Hayden,D,COV,4,0.1,0.00,0,0.00,0,0.00,0,0.00,0,0.00,0
141,Jörgensen,G,CHE,5,0,0.00,0,0.00,0,0.00,0,0.00,0,0.00,0
275,Cartwright,G,HUL,4,0,0.00,0,0.00,0,0.00,0,0.00,0,0.00,0
220,Cardines,D,CRY,4.5,0,0.00,0,0.00,0,0.00,0,0.00,0,0.00,0
325,Darlow,G,MUN,4.5,0,0.00,0,0.00,0,0.00,0,0.00,0,0.00,0
252,McNally,G,FUL,4,0.2,0.00,0,0.00,0,0.00,0,0.00,0,0.00,0
333,Bornauw,D,LEE,4.5,0,0.00,0,0.00,0,0.00,0,0.00,0,0.00,0
274,Butland,G,HUL,4.5,0.1,0.00,0,0.00,0,0.00,0,0.00,0,0.00,0
360,Bradley,D,LIV,5,0,0.00,0,0.00,0,0.00,0,0.00,0,0.00,0
359,Gomez,D,LIV,5,0,0.00,0,0.00,0,0.00,0,0.00,0,0.00,0
297,Gyabi,M,HUL,4.5,0,0.00,0,0.00,0,0.00,0,0.00,0,0.00,0
283,Jacob,D,HUL,4,0,0.00,0,0.00,0,0.00,0,0.00,0,0.00,0
240,Iroegbunam,M,EVE,5,0,0.00,0,0.00,0,0.00,0,0.00,0,0.00,0
400,Doku,M,MCI,7.5,1.3,0.00,0,0.00,0,0.00,0,0.00,0,0.00,0
404,Reijnders,M,MCI,6,0.1,0.00,0,0.00,0,0.00,0,0.00,0,0.00,0
587,Rulli,G,MCI,5,0,0.00,0,0.00,0,0.00,0,0.00,0,0.00,0
312,Taylor,M,IPS,4.5,0,0.00,0,0.00,0,0.00,0,0.00,0,0.00,0
494,Vicario,G,TOT,4.5,0.2,0.00,0,0.00,0,0.00,0,0.00,0,0.00,0
331,Gudmundsson,D,LEE,4.5,0,0.00,0,0.00,0,0.00,0,0.00,0,0.00,0
365,Ramsay,D,LIV,4,0.2,0.00,0,0.00,0,0.00,0,0.00,0,0.00,0
326,Perri,G,LEE,4.5,0.6,0.00,0,0.00,0,0.00,0,0.00,0,0.00,0
352,Woodman,G,LIV,4,1.1,0.00,0,0.00,0,0.00,0,0.00,0,0.00,0
380,Ekitiké,F,LIV,7.5,0.1,0.00,0,0.00,0,0.00,0,0.00,0,0.00,0
276,Lo-Tutala,G,HUL,4,0,0.00,0,0.00,0,0.00,0,0.00,0,0.00,0
355,Davies,G,LIV,4,0.1,0.00,0,0.00,0,0.00,0,0.00,0,0.00,0
363,Leoni,D,LIV,4,0,0.00,0,0.00,0,0.00,0,0.00,0,0.00,0
197,Bassette,F,COV,4.5,0,0.00,0,0.00,0,0.00,0,0.00,0,0.00,0
382,Danns,F,LIV,4.5,0,0.00,0,0.00,0,0.00,0,0.00,0,0.00,0
348,Piroe,F,LEE,5,0.1,0.00,0,0.00,0,0.00,0,0.00,0,0.00,0
340,Gelhardt,M,HUL,5,0,0.00,0,0.00,0,0.00,0,0.00,0,0.00,0
310,Matusiwa,M,IPS,5,0,0.00,0,0.00,0,0.00,0,0.00,0,0.00,0
488,I.Sangaré,M,NFO,5,1,0.00,0,0.00,0,0.00,0,0.00,0,0.00,0
311,Burns,M,IPS,5,0,0.00,0,0.00,0,0.00,0,0.00,0,0.00,0
344,Gruev,M,LEE,5,0,0.00,0,0.00,0,0.00,0,0.00,0,0.00,0
302,Button,G,IPS,4,0.4,0.00,0,0.00,0,0.00,0,0.00,0,0.00,0
322,Al-Hamadi,F,IPS,5,0.1,0.00,0,0.00,0,0.00,0,0.00,0,0.00,0
353,Pecsi,G,LIV,4,0,0.00,0,0.00,0,0.00,0,0.00,0,0.00,0
376,Bajcetic,M,LIV,5,0,0.00,0,0.00,0,0.00,0,0.00,0,0.00,0
111,Steele,G,BHA,4,4,0.00,0,0.00,0,0.00,0,0.00,0,0.00,0
199,Benitez,G,CRY,4.5,0.1,0.00,0,0.00,0,0.00,0,0.00,0,0.00,0
137,Tzimas,F,BHA,5.5,0,0.00,0,0.00,0,0.00,0,0.00,0,0.00,0
133,Watson,M,BHA,5,0,0.00,0,0.00,0,0.00,0,0.00,0,0.00,0
143,Chalobah,D,CHE,5.5,0.1,0.00,0,0.00,0,0.00,0,0.00,0,0.00,0
139,Ferguson,F,BHA,5,0,0.00,0,0.00,0,0.00,0,0.00,0,0.00,0
122,Minteh,M,BHA,6,0.1,0.00,0,0.00,0,0.00,0,0.00,0,0.00,0
171,Dovin,G,COV,4,1.5,0.00,0,0.00,0,0.00,0,0.00,0,0.00,0
180,Woolfenden,D,COV,4,0.2,0.00,0,0.00,0,0.00,0,0.00,0,0.00,0
615,Di Gregorio,G,BOU,4.5,0,0.00,0,0.00,0,0.00,0,0.00,0,0.00,0
172,Wilson,G,COV,4.5,0.5,0.00,0,0.00,0,0.00,0,0.00,0,0.00,0
225,Uche,F,CRY,5,0,0.00,0,0.00,0,0.00,0,0.00,0,0.00,0
193,Wright,F,COV,5.5,0.1,0.00,0,0.00,0,0.00,0,0.00,0,0.00,0
300,Walton,G,IPS,4.5,0.5,0.00,0,0.00,0,0.00,0,0.00,0,0.00,0
131,Baleba,M,MUN,5,0.2,0.00,0,0.00,0,0.00,0,0.00,0,0.00,0
298,Destan,F,HUL,4.5,0.3,0.00,0,0.00,0,0.00,0,0.00,0,0.00,0
53,Manzambi,M,AVL,6,0.2,0.00,0,0.00,0,0.00,0,0.00,0,0.00,0
251,Lecomte,G,FUL,4,1.2,0.00,0,0.00,0,0.00,0,0.00,0,0.00,0
294,Zambrano,M,HUL,4.5,0.1,0.00,0,0.00,0,0.00,0,0.00,0,0.00,0
299,Burstow,F,HUL,4.5,0.1,0.00,0,0.00,0,0.00,0,0.00,0,0.00,0
208,Sarr,M,CRY,6.4,2.6,0.00,0,0.00,0,0.00,0,0.00,0,0.00,0
273,Phillips,G,HUL,4,1.5,0.00,0,0.00,0,0.00,0,0.00,0,0.00,0
80,Enes Ünal,F,BOU,5.5,0,0.00,0,0.00,0,0.00,0,0.00,0,0.00,0
85,Van den Berg,D,BRE,5,0.1,0.00,0,0.00,0,0.00,0,0.00,0,0.00,0
278,Hughes,D,HUL,4,0.1,0.00,0,0.00,0,0.00,0,0.00,0,0.00,0
59,Dennis,G,BOU,4,0.2,0.00,0,0.00,0,0.00,0,0.00,0,0.00,0
48,Onana,M,AVL,5,0,0.00,0,0.00,0,0.00,0,0.00,0,0.00,0
5,J.Timber,D,ARS,6.5,0.1,0.00,0,0.00,0,0.00,0,0.00,0,0.00,0
301,Palmer,G,IPS,4,4.5,0.00,0,0.00,0,0.00,0,0.00,0,0.00,0
291,Matazo,M,HUL,4.5,0,0.00,0,0.00,0,0.00,0,0.00,0,0.00,0
206,Chadi Riad,D,CRY,4.5,0,0.00,0,0.00,0,0.00,0,0.00,0,0.00,0
386,Bettinelli,G,MCI,4.5,0,0.00,0,0.00,0,0.00,0,0.00,0,0.00,0
228,King,G,EVE,4.5,0,0.00,0,0.00,0,0.00,0,0.00,0,0.00,0
266,Cairney,M,FUL,5,0,0.00,0,0.00,0,0.00,0,0.00,0,0.00,0
65,J.Araujo,D,BOU,4.5,0,0.00,0,0.00,0,0.00,0,0.00,0,0.00,0
