ID,Name,Pos,Team,Value,Ownership,2_Pts,2_xMins,3_Pts,3_xMins,4_Pts,4_xMins,5_Pts,5_xMins,6_Pts,6_xMins,7_Pts,7_xMins
10,Benjamin White,D,Arsenal,5.5,6.5,4.80,90,4.60,90,4.70,90,4.40,90,5.20,90,4.90,90
12,Bukayo Saka,M,Arsenal,9.5,10.4,5.80,90,5.60,90,5.70,90,5.40,90,6.10,90,5.80,90
557,Christos Tzolis,M,Arsenal,6.5,26,5.70,90,5.60,90,5.70,90,5.30,90,6.10,90,5.80,90
11,Cristhian Mosquera,D,Arsenal,5.5,5.8,4.50,90,4.30,90,4.40,90,4.10,90,4.90,90,4.60,90
1,David Raya,G,Arsenal,6,38.3,4.40,90,4.20,90,4.30,90,3.90,90,4.80,90,4.40,90
13,Declan Rice,M,Arsenal,7.5,17.1,4.30,90,4.10,90,4.20,90,3.90,90,4.60,90,4.30,90
14,Eberechi Eze,M,Arsenal,6.5,1.8,5.00,90,4.90,90,5.00,90,4.60,90,5.40,90,5.10,90
22,Ethan Nwaneri,M,Arsenal,5.5,0,2.30,90,2.10,90,2.20,90,1.80,90,2.60,90,2.30,90
23,Fabio Ferreira Vieira,M,Arsenal,5.5,0,2.30,90,2.10,90,2.20,90,1.80,90,2.60,90,2.30,90
27,Gabriel Jesus,F,Arsenal,6,0.3,1.90,90,1.70,90,1.80,90,1.40,90,2.20,90,1.90,90
4,Gabriel Magalhaes,D,Arsenal,8,29.2,5.00,90,4.80,90,4.90,90,4.60,90,5.30,90,5.00,90
18,Gabriel Martinelli Silva,M,Arsenal,6.4,0.2,2.50,90,2.30,90,2.40,90,2.00,90,2.80,90,2.50,90
3,Illan Meslier,G,Arsenal,5,0,4.40,90,4.20,90,4.30,90,3.90,90,4.80,90,4.40,90
5,Jurrien Timber,D,Arsenal,6.5,0.1,3.70,90,3.50,90,3.60,90,3.20,90,4.10,90,3.70,90
26,Kai Havertz,F,Arsenal,7.5,7.4,4.80,90,4.60,90,4.70,90,4.40,90,5.20,90,4.90,90
2,Kepa Arrizabalaga Revuelta,G,Arsenal,5,0.1,4.40,90,4.20,90,4.30,90,3.90,90,4.80,90,4.40,90
19,Martin Zubimendi Ibanez,M,Arsenal,5.5,1,3.80,90,3.60,90,3.70,90,3.40,90,4.20,90,3.90,90
20,Max Dowman,M,Arsenal,5.4,0.1,2.30,90,2.10,90,2.20,90,1.80,90,2.60,90,2.30,90
17,Mikel Merino,M,Arsenal,6,0.6,4.90,90,4.80,90,4.90,90,4.50,90,5.30,90,5.00,90
7,Myles Lewis-Skelly,M,Arsenal,5.5,0.7,3.40,90,3.20,90,3.30,90,3.00,90,3.70,90,3.40,90
16,Noni Madueke,M,Arsenal,6.4,0.3,5.70,90,5.60,90,5.70,90,5.30,90,6.00,90,5.80,90
9,Piero Hincapie,D,Arsenal,5.4,1.5,4.90,90,4.70,90,4.80,90,4.40,90,5.20,90,4.90,90
24,Reiss Nelson,M,Arsenal,5.5,0,2.30,90,2.10,90,2.20,90,1.80,90,2.60,90,2.30,90
8,Riccardo Calafiori,D,Arsenal,5.6,41.6,4.80,90,4.70,90,4.80,90,4.40,90,5.20,90,4.90,90
25,Viktor Gyokeres,F,Arsenal,7.4,7,5.10,90,4.90,90,5.00,90,4.70,90,5.50,90,5.20,90
6,William Saliba,D,Arsenal,6,0.3,3.70,90,3.60,90,3.70,90,3.30,90,4.10,90,3.80,90
160,Alejandro Garnacho,M,Aston Villa,6,0.6,3.30,90,4.40,90,4.20,90,3.80,90,4.20,90,3.50,90
52,Alysson Edward Franco da Rocha dos Santos,M,Aston Villa,5,0,2.10,90,3.20,90,3.10,90,2.60,90,3.00,90,2.40,90
48,Amadou Onana,M,Aston Villa,5,0,2.30,90,3.40,90,3.30,90,2.80,90,3.20,90,2.60,90
38,Andres Garcia,D,Aston Villa,4,1.7,1.80,90,2.90,90,2.70,90,2.30,90,2.70,90,2.00,90
47,Boubacar Kamara,M,Aston Villa,5,0.3,2.70,90,3.80,90,3.60,90,3.10,90,3.60,90,2.90,90
50,Bradley Burrowes,M,Aston Villa,4.5,0.7,2.20,90,3.30,90,3.10,90,2.60,90,3.10,90,2.40,90
582,Brian Madjo,F,Aston Villa,5.5,0.4,2.00,90,3.10,90,2.90,90,2.40,90,2.90,90,2.20,90
41,Emiliano Buendia,M,Aston Villa,6,1.2,3.50,90,4.50,90,4.40,90,3.90,90,4.30,90,3.70,90
28,Emiliano Martinez,G,Aston Villa,5,4.1,2.90,90,4.00,90,3.90,90,3.40,90,3.80,90,3.20,90
51,George Hemmings,M,Aston Villa,4.5,0.7,3.10,90,4.20,90,4.10,90,3.60,90,4.00,90,3.40,90
36,Ian Maatsen,D,Aston Villa,4.5,0.8,2.50,90,3.60,90,3.40,90,3.00,90,3.40,90,2.70,90
54,Joao Gomes,M,Aston Villa,5.5,0.1,2.40,90,3.50,90,3.30,90,2.80,90,3.30,90,2.60,90
53,Johan Manzambi,M,Aston Villa,6,0.2,2.10,90,3.20,90,3.10,90,2.60,90,3.00,90,2.40,90
45,John McGinn,M,Aston Villa,5.5,2.9,3.20,90,4.30,90,4.20,90,3.70,90,4.10,90,3.50,90
35,Lamare Bogarde,M,Aston Villa,5,0.1,2.40,90,3.50,90,3.40,90,2.90,90,3.30,90,2.60,90
44,Leon Bailey,M,Aston Villa,5.5,0.1,2.20,90,3.30,90,3.20,90,2.70,90,3.10,90,2.50,90
29,Marco Bizot,G,Aston Villa,4.5,0.1,2.90,90,4.00,90,3.90,90,3.40,90,3.80,90,3.20,90
596,Matteo Ruggeri,D,Aston Villa,4.5,0.1,2.10,90,3.20,90,3.00,90,2.50,90,3.00,90,2.30,90
32,Matty Cash,D,Aston Villa,4.5,7.8,2.20,90,3.30,90,3.20,90,2.70,90,3.10,90,2.50,90
55,Ollie Watkins,F,Aston Villa,7.9,8.1,2.00,90,3.10,90,2.90,90,2.40,90,2.90,90,2.20,90
34,Pau Torres,D,Aston Villa,4.5,0.4,2.00,90,3.10,90,2.90,90,2.50,90,2.90,90,2.20,90
46,Ross Barkley,M,Aston Villa,5,0.2,3.20,90,4.20,90,4.10,90,3.60,90,4.00,90,3.40,90
56,Tammy Abraham,F,Aston Villa,5.5,0.1,3.20,90,4.30,90,4.20,90,3.70,90,4.10,90,3.50,90
33,Tyrone Mings,D,Aston Villa,4.5,0.4,2.10,90,3.20,90,3.00,90,2.50,90,3.00,90,2.30,90
37,Victor Lindelof,D,Aston Villa,4.5,0.3,1.90,90,3.00,90,2.80,90,2.30,90,2.80,90,2.10,90
597,Zion Suzuki,G,Aston Villa,5,0.8,2.90,90,4.00,90,3.90,90,3.40,90,3.80,90,3.20,90
64,Adam Smith,D,Bournemouth,4.5,0.1,3.30,90,3.00,90,3.20,90,2.80,90,2.50,90,3.40,90
61,Adrien Truffert,D,Bournemouth,5.5,4.2,3.80,90,3.40,90,3.70,90,3.30,90,3.00,90,3.90,90
69,Alex Scott,M,Bournemouth,6,1.5,3.80,90,3.40,90,3.70,90,3.30,90,3.00,90,3.90,90
76,Alex Toth,M,Bournemouth,5,0,3.80,90,3.50,90,3.70,90,3.30,90,3.00,90,3.90,90
81,Alvaro Rodriguez,F,Bournemouth,6,0.1,4.30,90,3.90,90,4.20,90,3.80,90,3.50,90,4.40,90
77,Amine Adli,M,Bournemouth,5,0,2.40,90,2.10,90,2.30,90,1.90,90,1.60,90,2.50,90
566,Antonio Joao Pereira de Albuquerque Tavares da Silva,D,Bournemouth,5,0.4,3.70,90,3.30,90,3.60,90,3.20,90,2.80,90,3.80,90
62,Bafode Diakite,D,Bournemouth,5,0.2,3.60,90,3.20,90,3.50,90,3.10,90,2.80,90,3.70,90
72,Ben Gannon-Doak,M,Bournemouth,5,0.1,4.20,90,3.90,90,4.10,90,3.70,90,3.40,90,4.30,90
74,David Brooks,M,Bournemouth,5,0.1,4.50,90,4.10,90,4.40,90,4.00,90,3.60,90,4.60,90
57,Dorde Petrovic,G,Bournemouth,4.5,3.3,3.90,90,3.50,90,3.70,90,3.30,90,3.00,90,3.90,90
79,Evanilson,F,Bournemouth,6,2.9,4.30,90,3.90,90,4.20,90,3.80,90,3.50,90,4.40,90
58,Fraser Forster,G,Bournemouth,4,3.2,3.90,90,3.50,90,3.70,90,3.30,90,3.00,90,3.90,90
60,James Hill,D,Bournemouth,5.5,0.9,3.80,90,3.40,90,3.70,90,3.30,90,2.90,90,3.90,90
573,Juanlu Sanchez,D,Bournemouth,4.5,0.2,4.30,90,3.90,90,4.10,90,3.70,90,3.40,90,4.30,90
65,Julian Araujo Zuniga,D,Bournemouth,4.5,0,3.00,90,2.60,90,2.80,90,2.40,90,2.10,90,3.00,90
66,Julio Soler Barreto,D,Bournemouth,4,0.2,3.00,90,2.60,90,2.80,90,2.40,90,2.10,90,3.00,90
78,Junior Kroupi,M,Bournemouth,7.5,0.3,2.10,90,1.80,90,2.00,90,1.60,90,1.30,90,2.20,90
70,Justin Kluivert,M,Bournemouth,6,1.2,4.40,90,4.10,90,4.30,90,3.90,90,3.60,90,4.50,90
71,Lewis Cook,M,Bournemouth,5,0.2,3.20,90,2.80,90,3.00,90,2.60,90,2.30,90,3.20,90
68,Marcus Tavernier,M,Bournemouth,6,2.3,4.50,90,4.10,90,4.40,90,4.00,90,3.60,90,4.60,90
67,Rayan Vitor Simplicio Rocha,M,Bournemouth,6.5,2.8,4.90,90,4.50,90,4.80,90,4.40,90,4.00,90,4.90,90
75,Ryan Christie,M,Bournemouth,5,0,3.50,90,3.10,90,3.40,90,3.00,90,2.60,90,3.60,90
73,Tyler Adams,M,Bournemouth,5,0.2,3.20,90,2.80,90,3.00,90,2.60,90,2.30,90,3.20,90
63,Veljko Milosavljevic,D,Bournemouth,5,0,3.00,90,2.60,90,2.90,90,2.50,90,2.10,90,3.10,90
59,Will Dennis,G,Bournemouth,4,0.2,3.90,90,3.50,90,3.70,90,3.30,90,3.00,90,3.90,90
90,Aaron Hickey,D,Brentford,4.5,0.1,3.10,90,3.80,90,2.90,90,3.00,90,2.80,90,2.80,90
99,Antoni Milambo,M,Brentford,5,0,2.10,90,2.70,90,1.90,90,1.90,90,1.80,90,1.80,90
108,Callum Wilson,F,Brentford,5.5,0.4,4.10,90,4.70,90,3.90,90,3.90,90,3.80,90,3.80,90
82,Caoimhin Kelleher,G,Brentford,5,6.4,3.60,90,4.30,90,3.40,90,3.50,90,3.30,90,3.30,90
95,Dango Ouattara,M,Brentford,6.5,1.1,4.00,90,4.60,90,3.80,90,3.80,90,3.70,90,3.70,90
91,Ethan Pinnock,D,Brentford,4.5,0.1,2.70,90,3.30,90,2.50,90,2.50,90,2.40,90,2.40,90
100,Fabio Carvalho,M,Brentford,5,0,2.10,90,2.70,90,1.90,90,1.90,90,1.80,90,1.80,90
83,Hakon Rafn Valdimarsson,G,Brentford,4.5,0.1,3.60,90,4.30,90,3.40,90,3.50,90,3.30,90,3.30,90
106,Igor Thiago,F,Brentford,8,16.7,4.80,90,5.40,90,4.50,90,4.60,90,4.50,90,4.50,90
105,Jaidon Anthony,M,Brentford,6,0.2,4.40,90,5.00,90,4.20,90,4.20,90,4.10,90,4.10,90
93,Jannik Schuster,D,Brentford,4.5,0.2,3.00,90,3.60,90,2.80,90,2.80,90,2.70,90,2.70,90
103,Josh Dasilva,M,Brentford,5,0,2.10,90,2.70,90,1.90,90,1.90,90,1.80,90,1.80,90
107,Kaye Furo,F,Brentford,4.5,0.9,1.90,90,2.50,90,1.60,90,1.70,90,1.60,90,1.60,90
86,Keane Lewis-Potter,M,Brentford,5.5,1,3.20,90,3.80,90,3.00,90,3.00,90,2.90,90,2.90,90
94,Kevin Schade,M,Brentford,6,3.5,4.30,90,4.90,90,4.10,90,4.20,90,4.00,90,4.00,90
92,Kim Ji-soo,D,Brentford,4.5,0,2.20,90,2.90,90,2.00,90,2.10,90,1.90,90,1.90,90
87,Kristoffer Ajer,D,Brentford,4.5,4,3.30,90,3.90,90,3.00,90,3.10,90,3.00,90,3.00,90
565,Mamadou Sangare,M,Brentford,5.6,8,3.30,90,3.90,90,3.10,90,3.20,90,3.00,90,3.00,90
97,Mathias Jensen,M,Brentford,5.5,0.2,3.60,90,4.20,90,3.40,90,3.50,90,3.30,90,3.30,90
88,Michael Kayode,D,Brentford,4.6,7.2,3.20,90,3.80,90,2.90,90,3.00,90,2.90,90,2.90,90
96,Mikkel Damsgaard,M,Brentford,5.5,0.5,4.50,90,5.00,90,4.30,90,4.40,90,4.20,90,4.20,90
84,Nathan Collins,D,Brentford,5.5,2.1,3.30,90,3.90,90,3.10,90,3.10,90,3.00,90,3.00,90
89,Rico Henry,D,Brentford,4.5,0.2,3.20,90,3.80,90,3.00,90,3.10,90,2.90,90,2.90,90
85,Sepp van den Berg,D,Brentford,5,0.1,2.60,90,3.30,90,2.40,90,2.50,90,2.30,90,2.30,90
98,Vitaly Janelt,M,Brentford,5,0.4,3.50,90,4.10,90,3.30,90,3.40,90,3.20,90,3.20,90
102,Yehor Yarmoliuk,M,Brentford,5,1.2,3.20,90,3.80,90,3.00,90,3.10,90,2.90,90,2.90,90
109,Bart Verbruggen,G,Brighton,4.5,21.5,3.10,90,4.00,90,3.70,90,3.00,90,3.80,90,3.90,90
131,Carlos Baleba,M,Brighton,5,0.2,2.40,90,3.30,90,3.00,90,2.30,90,3.10,90,3.20,90
138,Charalampos Kostoulas,F,Brighton,5.5,0.2,3.90,90,4.70,90,4.40,90,3.80,90,4.50,90,4.70,90
117,Diego Coppola,D,Brighton,4.5,0,1.70,90,2.60,90,2.20,90,1.60,90,2.30,90,2.50,90
127,Diego Gomez,M,Brighton,5,3.8,4.00,90,4.80,90,4.50,90,3.90,90,4.60,90,4.80,90
139,Evan Ferguson,F,Brighton,5,0,1.90,90,2.80,90,2.40,90,1.80,90,2.50,90,2.70,90
125,Georginio Rutter,F,Brighton,5.5,1,3.90,90,4.70,90,4.40,90,3.80,90,4.50,90,4.60,90
123,Jack Hinshelwood,M,Brighton,6,2.6,3.70,90,4.60,90,4.20,90,3.60,90,4.40,90,4.50,90
111,Jason Steele,G,Brighton,4,4,3.10,90,4.00,90,3.70,90,3.00,90,3.80,90,3.90,90
119,Joao Pedro Loureiro da Costa,D,Brighton,4.5,0,2.10,90,3.00,90,2.60,90,2.00,90,2.80,90,2.90,90
116,Lewis Dunk,D,Brighton,4.5,1.2,2.50,90,3.30,90,3.00,90,2.40,90,3.10,90,3.30,90
504,Luka Vuskovic,D,Brighton,5,2.5,2.70,90,3.60,90,3.30,90,2.60,90,3.40,90,3.50,90
130,Mats Wieffer,D,Brighton,5,0.4,2.80,90,3.70,90,3.30,90,2.70,90,3.50,90,3.60,90
126,Matt O'Riley,M,Brighton,5.5,0.1,2.20,90,3.10,90,2.80,90,2.10,90,2.90,90,3.00,90
115,Maxim De Cuyper,D,Brighton,4.6,7.5,3.50,90,4.30,90,4.00,90,3.50,90,4.20,90,4.30,90
120,Michael Svoboda,D,Brighton,5,0.1,2.50,90,3.40,90,3.10,90,2.50,90,3.20,90,3.40,90
121,Mitoma Kaoru,M,Brighton,6,0,2.20,90,3.10,90,2.80,90,2.10,90,2.90,90,3.00,90
134,Nehemiah Oriola,M,Brighton,4.5,0.3,2.00,90,2.90,90,2.60,90,1.90,90,2.70,90,2.80,90
114,Olivier Boscagli,D,Brighton,4.5,0.3,2.30,90,3.20,90,2.90,90,2.20,90,3.00,90,3.10,90
328,Pascal Struijk,D,Brighton,5,0.2,2.60,90,3.50,90,3.10,90,2.50,90,3.30,90,3.40,90
594,Promise David,F,Brighton,6,0.3,3.80,90,4.70,90,4.40,90,3.80,90,4.50,90,4.60,90
137,Stefanos Tzimas,F,Brighton,5.5,0,1.90,90,2.80,90,2.40,90,1.80,90,2.50,90,2.70,90
122,Yankuba Minteh,M,Brighton,6,0.1,2.30,90,3.20,90,2.80,90,2.20,90,2.90,90,3.10,90
129,Yasin Ayari,M,Brighton,5.5,0.6,3.30,90,4.10,90,3.80,90,3.20,90,3.90,90,4.10,90
135,Zadok Yohanna,M,Brighton,5,0.1,4.10,90,4.90,90,4.60,90,4.00,90,4.70,90,4.90,90
561,Aaron Anselmino,D,Chelsea,4.5,0,2.60,90,1.60,90,3.40,90,2.30,90,2.70,90,2.40,90
153,Axel Disasi,D,Chelsea,4.5,0.1,2.60,90,1.60,90,3.40,90,2.30,90,2.70,90,2.40,90
154,Cole Palmer,M,Chelsea,9.5,15.3,5.30,90,4.40,90,6.10,90,5.10,90,5.50,90,5.10,90
136,Danny Welbeck,F,Chelsea,6,1,4.80,90,3.80,90,5.50,90,4.50,90,4.90,90,4.50,90
163,Dario Luis Essugo,M,Chelsea,4.5,0.2,2.10,90,1.10,90,3.00,90,1.90,90,2.30,90,1.90,90
170,Emmanuel Emegha,F,Chelsea,5,0.2,1.90,90,0.90,90,2.70,90,1.60,90,2.00,90,1.60,90
155,Enzo Fernandez,M,Chelsea,7,4.6,4.50,90,3.50,90,5.20,90,4.20,90,4.60,90,4.20,90
157,Estevao,M,Chelsea,6.5,1.2,4.70,90,3.80,90,5.50,90,4.40,90,4.80,90,4.50,90
164,Geovany Quenda,M,Chelsea,5.5,0,5.10,90,4.20,90,5.80,90,4.80,90,5.20,90,4.90,90
158,Jamie Bynoe-Gittens,M,Chelsea,6,0,5.00,90,4.10,90,5.70,90,4.70,90,5.10,90,4.70,90
165,Joao Pedro,F,Chelsea,7.6,67.6,5.20,90,4.30,90,6.00,90,5.00,90,5.30,90,5.00,90
101,Jordan Henderson,M,Chelsea,5,0,2.40,90,1.40,90,3.20,90,2.10,90,2.50,90,2.20,90
148,Jorrel Hato,D,Chelsea,4.5,0.5,3.70,90,2.70,90,4.50,90,3.40,90,3.80,90,3.50,90
151,Josh Acheampong,D,Chelsea,4.5,0.4,3.60,90,2.70,90,4.40,90,3.40,90,3.80,90,3.40,90
149,Levi Samuels Colwill,D,Chelsea,5,1.5,3.70,90,2.70,90,4.50,90,3.40,90,3.80,90,3.50,90
167,Liam Delap,F,Chelsea,5.5,0.5,2.00,90,1.00,90,2.80,90,1.70,90,2.10,90,1.70,90
144,Malo Gusto,D,Chelsea,5,1.2,3.90,90,3.00,90,4.70,90,3.70,90,4.10,90,3.70,90
150,Mamadou Sarr,D,Chelsea,4.5,0.1,2.60,90,1.60,90,3.40,90,2.30,90,2.70,90,2.40,90
168,Marc Guiu,F,Chelsea,5,0.5,1.90,90,0.90,90,2.70,90,1.60,90,2.00,90,1.60,90
152,Marco Palestra,D,Chelsea,5.5,2.4,3.70,90,2.80,90,4.50,90,3.50,90,3.90,90,3.50,90
200,Maxence Lacroix,D,Chelsea,6,9.5,3.80,90,2.80,90,4.60,90,3.50,90,3.90,90,3.60,90
560,Mike Penders,G,Chelsea,4.5,0.1,3.80,90,2.80,90,4.60,90,3.50,90,3.90,90,3.60,90
159,Moises Caicedo Corozo,M,Chelsea,5.5,3.1,3.30,90,2.40,90,4.10,90,3.00,90,3.40,90,3.10,90
40,Morgan Rogers,M,Chelsea,7.5,26,4.80,90,3.90,90,5.60,90,4.50,90,4.90,90,4.60,90
578,Mykhailo Mudryk,M,Chelsea,5.5,0,2.10,90,1.10,90,3.00,90,1.90,90,2.30,90,1.90,90
166,Nicolas Jackson,F,Chelsea,6.5,0.3,1.90,90,0.90,90,2.70,90,1.60,90,2.00,90,1.60,90
156,Pedro Neto,M,Chelsea,6.5,1.2,4.40,90,3.50,90,5.20,90,4.20,90,4.50,90,4.20,90
583,Pep Chavarria,D,Chelsea,5,0.2,3.70,90,2.80,90,4.50,90,3.50,90,3.90,90,3.50,90
142,Reece James,D,Chelsea,5.5,10,4.30,90,3.30,90,5.00,90,4.00,90,4.40,90,4.00,90
140,Robert Sanchez,G,Chelsea,5,2.3,3.80,90,2.80,90,4.60,90,3.50,90,3.90,90,3.60,90
161,Romeo Lavia,M,Chelsea,5,0.1,3.30,90,2.30,90,4.10,90,3.00,90,3.40,90,3.00,90
169,Shumaira Mheuka,F,Chelsea,4.5,0.3,1.90,90,0.90,90,2.70,90,1.60,90,2.00,90,1.60,90
147,Tosin Adarabioyo,D,Chelsea,4.5,0.2,2.60,90,1.60,90,3.40,90,2.30,90,2.70,90,2.40,90
568,Valentin Barco,M,Chelsea,5.5,0.1,3.40,90,2.40,90,4.10,90,3.10,90,3.50,90,3.10,90
145,Wesley Fofana,D,Chelsea,5,0,3.30,90,2.30,90,4.10,90,3.00,90,3.40,90,3.10,90
182,Aurele Amenda,D,Coventry City,4,0.9,4.00,90,2.60,90,3.30,90,3.10,90,3.30,90,2.80,90
172,Ben Wilson,G,Coventry City,4.5,0.5,4.10,90,2.70,90,3.30,90,3.10,90,3.40,90,2.90,90
173,Bobby Thomas,D,Coventry City,4,7.9,4.40,90,3.10,90,3.70,90,3.50,90,3.80,90,3.20,90
194,Brandon Thomas-Asante,F,Coventry City,5,0.8,4.90,90,3.70,90,4.20,90,4.10,90,4.30,90,3.80,90
575,Caleb Yirenkyi,M,Coventry City,5,0.2,3.80,90,2.50,90,3.10,90,2.90,90,3.20,90,2.70,90
110,Carl Rushworth,G,Coventry City,4.5,1.2,4.10,90,2.70,90,3.30,90,3.10,90,3.40,90,2.90,90
195,Ellis Simms,F,Coventry City,5,1,4.40,90,3.10,90,3.70,90,3.50,90,3.70,90,3.20,90
186,Ephron Mason-Clark,M,Coventry City,5.5,0.1,4.90,90,3.70,90,4.30,90,4.10,90,4.30,90,3.80,90
104,Frank Onyeka,M,Coventry City,5,0.2,3.40,90,2.10,90,2.70,90,2.50,90,2.80,90,2.30,90
189,George Shepherd,M,Coventry City,4.5,0.3,2.40,90,1.10,90,1.70,90,1.50,90,1.80,90,1.20,90
584,Gustavo Hamer,M,Coventry City,5.5,0.1,4.70,90,3.50,90,4.00,90,3.90,90,4.10,90,3.60,90
193,Haji Wright,F,Coventry City,5.5,0.1,2.00,90,0.60,90,1.20,90,1.00,90,1.30,90,0.70,90
183,Jack Rudoni,M,Coventry City,5,0.1,4.40,90,3.10,90,3.70,90,3.50,90,3.80,90,3.20,90
178,Jake Bidwell,D,Coventry City,4,0.1,4.10,90,2.80,90,3.40,90,3.20,90,3.50,90,2.90,90
176,Jay Dasilva,D,Coventry City,4,0.8,3.60,90,2.30,90,2.90,90,2.70,90,3.00,90,2.40,90
179,Joel Latibeaudiere,D,Coventry City,4,0,3.70,90,2.40,90,3.00,90,2.80,90,3.10,90,2.50,90
187,Josh Eccles,M,Coventry City,5,0,3.90,90,2.60,90,3.20,90,3.00,90,3.30,90,2.80,90
192,Kaine Andrews,M,Coventry City,4.5,0.7,2.40,90,1.10,90,1.70,90,1.50,90,1.80,90,1.20,90
177,Kaine Kesler-Hayden,D,Coventry City,4,0.1,4.40,90,3.00,90,3.60,90,3.50,90,3.70,90,3.20,90
174,Liam Kitching,D,Coventry City,4,0.7,4.10,90,2.80,90,3.40,90,3.20,90,3.50,90,2.90,90
190,Loum Tchaouna,M,Coventry City,5.5,0.2,4.50,90,3.20,90,3.80,90,3.60,90,3.90,90,3.30,90
180,Luke Woolfenden,D,Coventry City,4,0.2,3.10,90,1.80,90,2.40,90,2.20,90,2.50,90,1.90,90
184,Matt Grimes,M,Coventry City,5,0.2,3.30,90,2.00,90,2.60,90,2.40,90,2.70,90,2.10,90
181,Miguel Brau,D,Coventry City,4,0,3.10,90,1.80,90,2.40,90,2.20,90,2.50,90,1.90,90
175,Milan van Ewijk,D,Coventry City,4,13.1,4.00,90,2.70,90,3.30,90,3.10,90,3.40,90,2.80,90
171,Oliver Dovin,G,Coventry City,4,1.6,4.10,90,2.70,90,3.30,90,3.10,90,3.40,90,2.90,90
191,Raphael Borges Rodrigues,M,Coventry City,4.5,0.2,2.40,90,1.10,90,1.70,90,1.50,90,1.80,90,1.20,90
599,Sidiki Cherif,F,Coventry City,5,0.1,5.00,90,3.80,90,4.40,90,4.20,90,4.40,90,3.90,90
492,Taiwo Awoniyi,F,Coventry City,5.5,0.8,4.60,90,3.30,90,3.90,90,3.70,90,4.00,90,3.50,90
185,Tatsuhiro Sakamoto,M,Coventry City,5,0.1,4.40,90,3.10,90,3.70,90,3.50,90,3.80,90,3.30,90
188,Victor Torp,M,Coventry City,5.5,0.2,4.90,90,3.70,90,4.30,90,4.10,90,4.30,90,3.80,90
210,Adam Wharton,M,Crystal Palace,5.5,0.9,3.40,90,3.80,90,4.30,90,3.70,90,4.20,90,3.50,90
588,Anan Khalaili,D,Crystal Palace,5,0.1,2.20,90,2.60,90,3.20,90,2.50,90,3.10,90,2.30,90
205,Borna Sosa,D,Crystal Palace,4.5,0,2.20,90,2.60,90,3.10,90,2.40,90,3.10,90,2.30,90
206,Chadi Riad Dnanou,D,Crystal Palace,4.5,0,2.20,90,2.70,90,3.20,90,2.50,90,3.10,90,2.30,90
218,Cheick Doucoure,M,Crystal Palace,5,0.1,2.00,90,2.40,90,2.90,90,2.20,90,2.90,90,2.00,90
202,Chris Richards,D,Crystal Palace,5,0.7,2.10,90,2.60,90,3.10,90,2.40,90,3.00,90,2.20,90
214,Daichi Kamada,M,Crystal Palace,5,0.3,3.10,90,3.60,90,4.10,90,3.40,90,4.00,90,3.20,90
201,Daniel Munoz,D,Crystal Palace,5.5,8.5,2.80,90,3.20,90,3.80,90,3.10,90,3.70,90,2.90,90
198,Dean Henderson,G,Crystal Palace,5,1.9,2.90,90,3.40,90,3.90,90,3.20,90,3.80,90,3.00,90
241,Dwight McNeil,M,Crystal Palace,5.5,0.2,3.60,90,4.00,90,4.50,90,3.80,90,4.40,90,3.60,90
224,Eddie Nketiah,F,Crystal Palace,5.5,0.5,3.50,90,3.90,90,4.40,90,3.70,90,4.30,90,3.50,90
42,Evann Guessand,M,Crystal Palace,5.5,0,3.10,90,3.50,90,4.10,90,3.40,90,4.00,90,3.20,90
208,Ismaila Sarr,M,Crystal Palace,6.4,2.8,4.30,90,4.70,90,5.20,90,4.60,90,5.20,90,4.40,90
203,Jaydee Canvot,D,Crystal Palace,5,0.3,2.20,90,2.60,90,3.20,90,2.50,90,3.10,90,2.30,90
223,Jean-Philippe Mateta,F,Crystal Palace,6.5,5.3,4.00,90,4.40,90,4.90,90,4.20,90,4.80,90,4.00,90
213,Jefferson Lerma,M,Crystal Palace,5,0.1,2.90,90,3.30,90,3.90,90,3.20,90,3.80,90,3.00,90
219,Jesurun Rak-Sakyi,M,Crystal Palace,5,0,2.00,90,2.40,90,2.90,90,2.20,90,2.90,90,2.00,90
221,Joel Drakes-Thomas,M,Crystal Palace,4.5,0.1,2.00,90,2.40,90,2.90,90,2.20,90,2.90,90,2.00,90
222,Jorgen Strand Larsen,F,Crystal Palace,6,0.5,3.60,90,4.10,90,4.60,90,3.90,90,4.50,90,3.70,90
215,Justin Devenny,M,Crystal Palace,5,0,2.00,90,2.40,90,2.90,90,2.20,90,2.90,90,2.00,90
217,Matheus Franca de Oliveira,M,Crystal Palace,5,0,2.00,90,2.40,90,2.90,90,2.20,90,2.90,90,2.00,90
207,Oscar Mingueza,D,Crystal Palace,4.5,0.1,2.40,90,2.80,90,3.30,90,2.60,90,3.20,90,2.40,90
555,Remi Matthews,G,Crystal Palace,4,1.8,2.90,90,3.40,90,3.90,90,3.20,90,3.80,90,3.00,90
216,Romain Esse,M,Crystal Palace,5,0,2.00,90,2.40,90,2.90,90,2.20,90,2.90,90,2.00,90
577,Takehiro Tomiyasu,D,Crystal Palace,4.5,0.4,2.00,90,2.50,90,3.00,90,2.30,90,2.90,90,2.10,90
204,Tyrick Mitchell,D,Crystal Palace,4.5,5.7,2.30,90,2.70,90,3.20,90,2.60,90,3.20,90,2.40,90
199,Walter Benitez,G,Crystal Palace,4.5,0.1,2.90,90,3.40,90,3.90,90,3.20,90,3.80,90,3.00,90
212,Will Hughes,M,Crystal Palace,4.5,10.9,2.90,90,3.30,90,3.80,90,3.10,90,3.70,90,2.90,90
595,Zavier Gozo,M,Crystal Palace,5,0,2.00,90,2.40,90,2.90,90,2.20,90,2.90,90,2.00,90
235,Adam Aznou,D,Everton,4,0.2,2.10,90,2.20,90,2.20,90,2.80,90,2.50,90,2.10,90
248,Beto,F,Everton,5.5,2.4,4.00,90,4.10,90,4.10,90,4.70,90,4.40,90,4.00,90
209,Brennan Johnson,M,Everton,6,0.2,3.80,90,4.00,90,3.90,90,4.50,90,4.30,90,3.80,90
243,Carlos Alcaraz,M,Everton,5,0.1,3.50,90,3.60,90,3.60,90,4.20,90,3.90,90,3.50,90
244,Harrison Armstrong,M,Everton,5,0.2,3.30,90,3.40,90,3.40,90,4.00,90,3.70,90,3.30,90
247,Hayden Hackney,M,Everton,5.5,0.3,2.70,90,2.80,90,2.80,90,3.40,90,3.10,90,2.70,90
237,Iliman Ndiaye,M,Everton,6,16,3.90,90,4.10,90,4.00,90,4.70,90,4.40,90,4.00,90
232,Jake O'Brien,D,Everton,5,0.4,3.60,90,3.80,90,3.70,90,4.30,90,4.00,90,3.60,90
239,James Garner,M,Everton,6,0.1,3.10,90,3.20,90,3.20,90,3.80,90,3.50,90,3.10,90
229,James Tarkowski,D,Everton,6,8.8,3.00,90,3.10,90,3.10,90,3.70,90,3.40,90,3.00,90
230,Jarrad Branthwaite,D,Everton,5.5,1.8,2.80,90,3.00,90,2.90,90,3.60,90,3.30,90,2.90,90
226,Jordan Pickford,G,Everton,5.5,8.8,3.30,90,3.50,90,3.40,90,4.10,90,3.80,90,3.30,90
236,Kiernan Dewsbury-Hall,M,Everton,6.5,4.5,4.40,90,4.50,90,4.50,90,5.10,90,4.80,90,4.40,90
227,Mark Travers,G,Everton,5,0,3.30,90,3.50,90,3.40,90,4.10,90,3.80,90,3.30,90
246,Merlin Rohl,M,Everton,5,0.1,3.10,90,3.30,90,3.20,90,3.80,90,3.60,90,3.10,90
231,Michael Keane,D,Everton,5,1.4,3.50,90,3.60,90,3.60,90,4.20,90,3.90,90,3.50,90
234,Nathan Patterson,D,Everton,4.5,0,2.90,90,3.10,90,3.00,90,3.60,90,3.40,90,2.90,90
249,Thierno Barry,F,Everton,5.5,3,3.80,90,3.90,90,3.90,90,4.50,90,4.20,90,3.80,90
240,Tim Iroegbunam,M,Everton,5,0,2.40,90,2.50,90,2.50,90,3.10,90,2.90,90,2.40,90
228,Tom King,G,Everton,4.5,0,3.30,90,3.50,90,3.40,90,4.10,90,3.80,90,3.30,90
245,Tyler Dibling,M,Everton,5.5,0,3.50,90,3.70,90,3.60,90,4.20,90,4.00,90,3.50,90
242,Tyrique George,M,Everton,5.5,0.3,4.00,90,4.20,90,4.10,90,4.70,90,4.50,90,4.00,90
233,Vitalii Mykolenko,D,Everton,4.5,1.6,2.80,90,3.00,90,2.90,90,3.50,90,3.30,90,2.80,90
261,Alex Iwobi,M,Fulham,5.5,1,4.00,90,4.30,90,3.40,90,3.90,90,4.20,90,4.60,90
252,Alfie McNally,G,Fulham,4,0.2,3.70,90,4.00,90,3.00,90,3.50,90,3.90,90,4.30,90
254,Antonee Robinson,D,Fulham,4.5,1.7,3.30,90,3.60,90,2.70,90,3.20,90,3.50,90,3.90,90
251,Benjamin Lecomte,G,Fulham,4,1.2,3.70,90,4.00,90,3.00,90,3.50,90,3.90,90,4.30,90
250,Bernd Leno,G,Fulham,4.5,3,3.70,90,4.00,90,3.00,90,3.50,90,3.90,90,4.30,90
257,Calvin Bassey,D,Fulham,4.5,0.8,3.20,90,3.40,90,2.50,90,3.00,90,3.40,90,3.80,90
570,Cesar Palacios,M,Fulham,5.5,0.2,4.10,90,4.40,90,3.50,90,4.00,90,4.30,90,4.70,90
262,Emile Smith Rowe,M,Fulham,5.5,0.4,3.90,90,4.20,90,3.30,90,3.80,90,4.20,90,4.50,90
569,Gonzalo Garcia,F,Fulham,6,3.4,4.00,90,4.30,90,3.40,90,3.80,90,4.20,90,4.60,90
270,Harrison Reed,M,Fulham,4.5,1.5,2.30,90,2.60,90,1.70,90,2.20,90,2.60,90,3.00,90
253,Joachim Andersen,D,Fulham,5,0.1,3.30,90,3.60,90,2.70,90,3.10,90,3.50,90,3.90,90
272,Jonah Kusi-Asare,F,Fulham,4.5,7,1.90,90,2.20,90,1.20,90,1.70,90,2.10,90,2.50,90
268,Josh King,M,Fulham,5.5,0.5,4.10,90,4.40,90,3.50,90,3.90,90,4.30,90,4.60,90
256,Kenny Tete,D,Fulham,4.5,0.3,3.20,90,3.50,90,2.60,90,3.00,90,3.40,90,3.80,90
263,Kevin Macedo,M,Fulham,5.5,0.1,4.20,90,4.50,90,3.60,90,4.10,90,4.40,90,4.80,90
264,Oscar Bobb,M,Fulham,5.5,0.3,4.00,90,4.20,90,3.40,90,3.80,90,4.20,90,4.50,90
271,Rodrigo Muniz,F,Fulham,5.5,0.6,3.90,90,4.10,90,3.20,90,3.70,90,4.10,90,4.50,90
269,Ryan Sessegnon,D,Fulham,4.5,0.4,4.20,90,4.50,90,3.60,90,4.10,90,4.50,90,4.80,90
265,Sander Berge,M,Fulham,5,0.4,3.00,90,3.20,90,2.30,90,2.80,90,3.20,90,3.60,90
580,Shea Charles,M,Fulham,5,0.1,3.30,90,3.60,90,2.70,90,3.10,90,3.50,90,3.90,90
258,Timothy Castagne,D,Fulham,4.5,0.4,3.20,90,3.40,90,2.50,90,3.00,90,3.40,90,3.80,90
266,Tom Cairney,M,Fulham,5,0,2.30,90,2.60,90,1.70,90,2.20,90,2.60,90,3.00,90
292,Abdulkadir Omur,M,Hull City,5,0,3.40,90,3.40,90,2.90,90,3.20,90,3.50,90,3.30,90
284,Cathal McCarthy,D,Hull City,4,0.1,2.00,90,2.00,90,1.50,90,1.80,90,2.20,90,1.90,90
278,Charlie Hughes,D,Hull City,4,0.1,2.50,90,2.50,90,2.00,90,2.30,90,2.70,90,2.40,90
281,Cody Drameh,D,Hull City,4,0.1,2.20,90,2.30,90,1.80,90,2.10,90,2.40,90,2.20,90
297,Darko Gyabi,M,Hull City,4.5,0,2.20,90,2.20,90,1.80,90,2.10,90,2.40,90,2.20,90
296,David Akintola,M,Hull City,5,0,2.20,90,2.20,90,1.80,90,2.10,90,2.40,90,2.20,90
273,Dillon Phillips,G,Hull City,4,1.5,3.10,90,3.10,90,2.70,90,3.00,90,3.30,90,3.10,90
291,Eliot Matazo,M,Hull City,4.5,0,2.20,90,2.20,90,1.80,90,2.10,90,2.40,90,2.20,90
576,Elliot Stroud,M,Hull City,5,0.1,3.30,90,3.30,90,2.90,90,3.10,90,3.50,90,3.20,90
563,Hidemasa Morita,M,Hull City,5,0,2.80,90,2.90,90,2.40,90,2.70,90,3.00,90,2.80,90
274,Jack Butland,G,Hull City,4.5,0.1,3.10,90,3.10,90,2.70,90,3.00,90,3.30,90,3.10,90
574,Jens Hjerto-Dahl,M,Hull City,5,0.1,3.80,90,3.80,90,3.40,90,3.60,90,4.00,90,3.70,90
340,Joe Gelhardt,M,Hull City,5,0,2.20,90,2.20,90,1.80,90,2.10,90,2.40,90,2.20,90
277,John Egan,D,Hull City,4,2,2.50,90,2.50,90,2.00,90,2.30,90,2.60,90,2.40,90
288,Kieran Dowell,M,Hull City,4.5,0.4,3.70,90,3.70,90,3.30,90,3.50,90,3.90,90,3.60,90
572,Konstantinos Tzolakis,G,Hull City,4.5,2.6,3.10,90,3.10,90,2.70,90,3.00,90,3.30,90,3.10,90
280,Lewie Coyle,D,Hull City,4,0.6,2.30,90,2.30,90,1.80,90,2.10,90,2.50,90,2.20,90
287,Liam Millar,M,Hull City,5,0.1,2.20,90,2.20,90,1.80,90,2.10,90,2.40,90,2.20,90
589,Lucas Gourna-Douath,M,Hull City,5,0,2.70,90,2.70,90,2.30,90,2.50,90,2.90,90,2.60,90
585,Lucas Herrington,D,Hull City,4,0.7,2.50,90,2.50,90,2.00,90,2.30,90,2.70,90,2.40,90
289,Matt Crooks,M,Hull City,4.5,0.7,3.50,90,3.50,90,3.00,90,3.30,90,3.60,90,3.40,90
556,Matt Targett,D,Hull City,4,2.3,2.50,90,2.60,90,2.10,90,2.40,90,2.70,90,2.50,90
283,Matty Jacob,D,Hull City,4,0,1.90,90,1.90,90,1.50,90,1.80,90,2.10,90,1.90,90
286,Mohamed Belloumi,M,Hull City,5,0.6,3.80,90,3.80,90,3.40,90,3.70,90,4.00,90,3.80,90
586,Nobel Mendy,D,Hull City,4,3.4,2.60,90,2.60,90,2.20,90,2.40,90,2.80,90,2.50,90
295,Oli McBurnie,F,Hull City,5.5,2.1,3.90,90,3.90,90,3.40,90,3.70,90,4.00,90,3.80,90
294,Oscar Zambrano,M,Hull City,4.5,0.1,2.20,90,2.20,90,1.80,90,2.10,90,2.40,90,2.20,90
285,Paddy McNair,D,Hull City,4,0.1,2.60,90,2.60,90,2.20,90,2.40,90,2.80,90,2.50,90
290,Regan Slater,M,Hull City,4.5,3.8,2.80,90,2.90,90,2.40,90,2.70,90,3.00,90,2.80,90
282,Ryan Giles,D,Hull City,4,0.9,2.40,90,2.50,90,2.00,90,2.30,90,2.60,90,2.40,90
279,Semi Ajayi,D,Hull City,4,1.7,2.50,90,2.50,90,2.10,90,2.40,90,2.70,90,2.50,90
592,Abdoul Ouattara,D,Ipswich Town,4,1,2.00,90,2.10,90,2.30,90,2.10,90,2.70,90,1.80,90
315,Abdul Fatawu,M,Ipswich Town,5.5,0.2,2.10,90,2.30,90,2.40,90,2.30,90,2.80,90,2.00,90
301,Alex Palmer,G,Ipswich Town,4,4.5,2.80,90,3.00,90,3.10,90,3.00,90,3.50,90,2.60,90
322,Ali Al-Hamadi,F,Ipswich Town,5,0.1,2.00,90,2.10,90,2.20,90,2.10,90,2.60,90,1.80,90
324,Anis Mehmeti,M,Ipswich Town,5,0,4.00,90,4.10,90,4.20,90,4.10,90,4.60,90,3.80,90
310,Azor Matusiwa,M,Ipswich Town,5,0,2.10,90,2.30,90,2.40,90,2.30,90,2.80,90,2.00,90
307,Ben Johnson,D,Ipswich Town,4,0.1,1.40,90,1.50,90,1.60,90,1.50,90,2.00,90,1.20,90
303,Cedric Kipre,D,Ipswich Town,4,0.6,1.90,90,2.00,90,2.10,90,2.00,90,2.50,90,1.70,90
314,Chiedozie Ogbene,M,Ipswich Town,5,0,2.10,90,2.30,90,2.40,90,2.30,90,2.80,90,2.00,90
300,Christian Walton,G,Ipswich Town,4.5,0.5,2.80,90,3.00,90,3.10,90,3.00,90,3.50,90,2.60,90
320,Chuba Akpom,F,Ipswich Town,5,0.5,2.90,90,3.10,90,3.20,90,3.10,90,3.60,90,2.70,90
562,Daizen Maeda,M,Ipswich Town,5.5,0.4,4.00,90,4.10,90,4.20,90,4.10,90,4.60,90,3.80,90
304,Dara O'Shea,D,Ipswich Town,4,3.4,1.80,90,1.90,90,2.00,90,1.90,90,2.40,90,1.60,90
308,Darnell Furlong,D,Ipswich Town,4,0.6,1.80,90,1.90,90,2.10,90,1.90,90,2.50,90,1.60,90
302,David Button,G,Ipswich Town,4,0.4,2.80,90,3.00,90,3.10,90,3.00,90,3.50,90,2.60,90
316,Emersonn Correia da Silva,F,Ipswich Town,5.5,1.7,3.30,90,3.40,90,3.50,90,3.40,90,3.90,90,3.10,90
571,Florentino Luis,M,Ipswich Town,5,0.1,2.60,90,2.70,90,2.80,90,2.70,90,3.20,90,2.40,90
317,George Hirst,F,Ipswich Town,5,0.2,2.00,90,2.10,90,2.20,90,2.10,90,2.60,90,1.80,90
259,Issa Diop,D,Ipswich Town,4,17.2,1.60,90,1.80,90,1.90,90,1.80,90,2.30,90,1.50,90
313,Jack Clarke,M,Ipswich Town,5.5,0.3,3.90,90,4.00,90,4.10,90,4.00,90,4.50,90,3.70,90
312,Jack Taylor,M,Ipswich Town,4.5,0,2.90,90,3.00,90,3.10,90,3.00,90,3.50,90,2.70,90
306,Jacob Greaves,D,Ipswich Town,4,1.5,1.80,90,1.90,90,2.00,90,1.90,90,2.40,90,1.60,90
318,Jaden Philogene,M,Ipswich Town,5.5,0.1,2.10,90,2.30,90,2.40,90,2.30,90,2.80,90,2.00,90
591,Julio Enciso,M,Ipswich Town,5.5,0.4,3.90,90,4.00,90,4.10,90,4.00,90,4.50,90,3.70,90
323,Kasey McAteer,M,Ipswich Town,4.5,1.4,3.20,90,3.30,90,3.40,90,3.30,90,3.80,90,3.00,90
554,Kayne van Oevelen,G,Ipswich Town,4.5,0,2.80,90,3.00,90,3.10,90,3.00,90,3.50,90,2.60,90
564,Kjell Scherpen,G,Ipswich Town,4.5,0.6,2.80,90,3.00,90,3.10,90,3.00,90,3.50,90,2.60,90
305,Leif Davis,D,Ipswich Town,4,4.9,1.80,90,1.90,90,2.00,90,1.90,90,2.40,90,1.60,90
309,Marcelino Nunez,M,Ipswich Town,5,0.1,2.90,90,3.00,90,3.10,90,3.00,90,3.50,90,2.70,90
267,Sasa Lukic,M,Ipswich Town,5,0.1,2.70,90,2.80,90,3.00,90,2.80,90,3.40,90,2.50,90
321,Sindre Walle Egeli,F,Ipswich Town,4.5,2.4,3.00,90,3.10,90,3.20,90,3.10,90,3.60,90,2.80,90
335,Anton Stach,M,Leeds,6,2.2,4.20,90,3.80,90,4.40,90,4.40,90,3.40,90,3.90,90
337,Brenden Aaronson,M,Leeds,5.5,0.9,3.90,90,3.40,90,4.10,90,4.10,90,3.00,90,3.60,90
343,Daniel James,M,Leeds,5,0.1,2.30,90,1.80,90,2.50,90,2.50,90,1.40,90,1.90,90
346,Dominic Calvert-Lewin,F,Leeds,6,28.9,4.40,90,3.90,90,4.60,90,4.60,90,3.50,90,4.10,90
338,Ethan Ampadu,M,Leeds,5.5,1.4,3.00,90,2.50,90,3.10,90,3.20,90,2.10,90,2.60,90
331,Gabriel Gudmundsson,D,Leeds,4.5,0,2.60,90,2.00,90,2.70,90,2.80,90,1.60,90,2.20,90
260,Harry Wilson,M,Leeds,6.5,5.8,4.80,90,4.30,90,4.90,90,5.00,90,3.90,90,4.40,90
344,Ilia Gruev,M,Leeds,5,0,2.40,90,1.80,90,2.50,90,2.60,90,1.40,90,2.00,90
327,Jaka Bijol,D,Leeds,5,0.9,3.50,90,3.00,90,3.60,90,3.70,90,2.50,90,3.10,90
332,James Justin,D,Leeds,4.5,1.1,3.50,90,3.00,90,3.60,90,3.70,90,2.60,90,3.10,90
385,James Trafford,G,Leeds,5,4.2,3.70,90,3.20,90,3.90,90,3.90,90,2.80,90,3.30,90
330,Jayden Bogle,D,Leeds,4.5,0.6,3.40,90,2.90,90,3.60,90,3.60,90,2.50,90,3.10,90
329,Joe Rodon,D,Leeds,4.5,3.6,3.40,90,2.90,90,3.50,90,3.60,90,2.50,90,3.00,90
326,Lucas Perri,G,Leeds,4.5,0.6,3.70,90,3.20,90,3.90,90,3.90,90,2.80,90,3.30,90
347,Lukas Nmecha,F,Leeds,5.5,0.5,4.00,90,3.50,90,4.20,90,4.20,90,3.10,90,3.70,90
349,Mateo Joseph Fernandez-Regatillo,F,Leeds,4.5,0.1,1.90,90,1.40,90,2.00,90,2.10,90,0.90,90,1.50,90
598,Nico Elvedi,D,Leeds,4.5,0,3.40,90,2.90,90,3.50,90,3.60,90,2.40,90,3.00,90
336,Noah Okafor,M,Leeds,6,0.4,4.80,90,4.40,90,5.00,90,5.00,90,4.00,90,4.50,90
339,Sean Longstaff,M,Leeds,5,0.1,4.00,90,3.50,90,4.10,90,4.20,90,3.10,90,3.70,90
345,Tanaka Ao,M,Leeds,5,0.2,3.40,90,2.90,90,3.60,90,3.60,90,2.50,90,3.10,90
334,Tarik Muharemovic,D,Leeds,5,3.4,3.40,90,2.90,90,3.60,90,3.70,90,2.50,90,3.10,90
341,Wilfried Gnonto,M,Leeds,5,0,2.40,90,1.90,90,2.60,90,2.60,90,1.50,90,2.00,90
379,Alexander Isak,F,Liverpool,9,16.5,5.20,90,5.10,90,5.40,90,4.60,90,4.50,90,4.60,90
372,Alexis Mac Allister,M,Liverpool,5.5,1.6,4.20,90,4.10,90,4.30,90,3.60,90,3.50,90,3.60,90
350,Alisson Becker,G,Liverpool,5.5,3.8,4.40,90,4.20,90,4.50,90,3.70,90,3.60,90,3.70,90
365,Calvin Ramsay,D,Liverpool,4,0.2,3.20,90,3.10,90,3.40,90,2.60,90,2.40,90,2.60,90
367,Cody Gakpo,M,Liverpool,7,6,5.60,90,5.50,90,5.70,90,5.00,90,4.90,90,5.00,90
360,Conor Bradley,D,Liverpool,5,0,3.50,90,3.30,90,3.60,90,2.80,90,2.70,90,2.80,90
373,Curtis Jones,M,Liverpool,5.5,0,2.20,90,2.10,90,2.40,90,1.60,90,1.40,90,1.60,90
368,Dominik Szoboszlai,M,Liverpool,7,43.1,5.30,90,5.20,90,5.50,90,4.80,90,4.60,90,4.80,90
374,Endo Wataru,M,Liverpool,5,0.1,3.00,90,2.80,90,3.10,90,2.40,90,2.20,90,2.40,90
370,Federico Chiesa,M,Liverpool,5.5,0.1,5.30,90,5.20,90,5.40,90,4.70,90,4.60,90,4.70,90
366,Florian Wirtz,M,Liverpool,7.5,11.6,5.20,90,5.10,90,5.40,90,4.70,90,4.50,90,4.70,90
352,Freddie Woodman,G,Liverpool,4,1.1,4.40,90,4.20,90,4.50,90,3.70,90,3.60,90,3.70,90
351,Giorgi Mamardashvili,G,Liverpool,5,0.2,4.40,90,4.20,90,4.50,90,3.70,90,3.60,90,3.70,90
363,Giovanni Leoni,D,Liverpool,4,0,3.20,90,3.10,90,3.40,90,2.60,90,2.40,90,2.60,90
355,Harvey Davies,G,Liverpool,4,0.1,4.40,90,4.20,90,4.50,90,3.70,90,3.60,90,3.70,90
383,Harvey Elliott,M,Liverpool,5.5,0.1,2.40,90,2.20,90,2.50,90,1.70,90,1.60,90,1.70,90
380,Hugo Ekitike,F,Liverpool,7.5,0.1,2.00,90,1.80,90,2.10,90,1.30,90,1.20,90,1.30,90
378,James McConnell,M,Liverpool,4.5,0.3,2.20,90,2.10,90,2.40,90,1.60,90,1.40,90,1.60,90
382,Jayden Danns,F,Liverpool,4.5,0,1.90,90,1.70,90,2.00,90,1.20,90,1.10,90,1.20,90
357,Jeremie Frimpong,D,Liverpool,5.5,3.4,5.80,90,5.70,90,5.90,90,5.20,90,5.10,90,5.20,90
362,Jeremy Jacquet,D,Liverpool,5,2.4,4.30,90,4.20,90,4.40,90,3.70,90,3.50,90,3.70,90
359,Joe Gomez,D,Liverpool,5,0,3.50,90,3.40,90,3.70,90,2.90,90,2.70,90,2.90,90
364,Kostas Tsimikas,D,Liverpool,5,0.1,4.80,90,4.70,90,4.90,90,4.20,90,4.10,90,4.20,90
381,Lewis Koumas,M,Liverpool,5,0,5.50,90,5.40,90,5.60,90,4.90,90,4.80,90,4.90,90
358,Milos Kerkez,D,Liverpool,5.5,3.6,4.40,90,4.30,90,4.60,90,3.80,90,3.60,90,3.80,90
369,Rio Ngumoha,M,Liverpool,6,1.1,5.70,90,5.60,90,5.80,90,5.10,90,5.00,90,5.10,90
579,Ronald Araujo,D,Liverpool,5.5,2.7,4.50,90,4.40,90,4.60,90,3.90,90,3.70,90,3.90,90
371,Ryan Gravenberch,M,Liverpool,6,2,3.80,90,3.70,90,4.00,90,3.20,90,3.10,90,3.20,90
376,Stefan Bajcetic Maquieira,M,Liverpool,5,0,2.20,90,2.10,90,2.40,90,1.60,90,1.40,90,1.60,90
375,Trey Nyoni,M,Liverpool,5,0,2.20,90,2.10,90,2.40,90,1.60,90,1.40,90,1.60,90
377,Victor Munoz,M,Liverpool,6.5,0.6,5.00,90,4.80,90,5.10,90,4.40,90,4.20,90,4.40,90
356,Virgil van Dijk,D,Liverpool,6.5,19.6,4.80,90,4.70,90,5.00,90,4.20,90,4.10,90,4.20,90
354,Vitezslav Jaros,G,Liverpool,4,0,4.40,90,4.20,90,4.50,90,3.70,90,3.60,90,3.70,90
361,Wellity Lucky,D,Liverpool,4,0.1,3.20,90,3.10,90,3.40,90,2.60,90,2.40,90,2.60,90
393,Abdukodir Khusanov,D,Man City,5.5,1.7,4.50,90,5.10,90,3.80,90,5.00,90,3.80,90,5.20,90
397,Antoine Semenyo,M,Man City,8.5,24.3,5.30,90,5.90,90,4.60,90,5.70,90,4.60,90,5.90,90
407,Claudio Echeverri,M,Man City,5,0,2.30,90,2.90,90,1.50,90,2.70,90,1.50,90,2.90,90
409,Divine Mukasa,M,Man City,4.5,0.2,2.30,90,2.90,90,1.50,90,2.70,90,1.50,90,2.90,90
481,Elliot Anderson,M,Man City,6.4,6.2,4.10,90,4.60,90,3.30,90,4.50,90,3.30,90,4.70,90
411,Erling Haaland,F,Man City,15.5,68,6.80,90,7.30,90,6.00,90,7.20,90,6.00,90,7.40,90
587,Geronimo Rulli,G,Man City,5,0,4.30,90,4.90,90,3.50,90,4.80,90,3.50,90,5.00,90
384,Gianluigi Donnarumma,G,Man City,5.5,8.3,4.30,90,4.90,90,3.50,90,4.80,90,3.50,90,5.00,90
238,Jack Grealish,M,Man City,6.5,0.2,4.80,90,5.40,90,4.10,90,5.20,90,4.10,90,5.40,90
400,Jeremy Doku,M,Man City,7.5,1.3,2.50,90,3.10,90,1.70,90,2.90,90,1.70,90,3.10,90
410,Jeremy Monga,M,Man City,5,0,2.30,90,2.90,90,1.50,90,2.70,90,1.50,90,2.90,90
391,Josko Gvardiol,D,Man City,5.5,13.4,4.80,90,5.40,90,4.10,90,5.30,90,4.10,90,5.50,90
388,Marc Guehi,D,Man City,6,19.3,5.00,90,5.60,90,4.20,90,5.40,90,4.20,90,5.60,90
386,Marcus Bettinelli,G,Man City,4.5,0,4.30,90,4.90,90,3.50,90,4.80,90,3.50,90,5.00,90
406,Mateo Kovacic,M,Man City,5.5,0.1,3.60,90,4.20,90,2.90,90,4.10,90,2.90,90,4.20,90
389,Matheus Nunes,D,Man City,6,1.5,4.50,90,5.10,90,3.80,90,5.00,90,3.80,90,5.10,90
387,Nico O'Reilly,D,Man City,6.5,21,5.50,90,6.00,90,4.70,90,5.90,90,4.70,90,6.10,90
401,Omar Marmoush,F,Man City,7,1.1,2.00,90,2.60,90,1.20,90,2.50,90,1.20,90,2.70,90
398,Phil Foden,M,Man City,7,4.1,5.10,90,5.70,90,4.40,90,5.60,90,4.40,90,5.70,90
392,Rayan Ait-Nouri,D,Man City,5.5,0.8,5.20,90,5.70,90,4.40,90,5.60,90,4.40,90,5.80,90
399,Rayan Cherki,M,Man City,7.5,10.4,5.40,90,5.90,90,4.80,90,5.80,90,4.80,90,6.00,90
395,Rico Lewis,D,Man City,4.5,0.2,4.70,90,5.30,90,3.90,90,5.10,90,3.90,90,5.30,90
390,Ruben Dias,D,Man City,5.5,1.8,4.50,90,5.10,90,3.70,90,4.90,90,3.70,90,5.10,90
396,Vitor de Oliveira Nunes dos Reis,D,Man City,4.5,0,3.40,90,4.00,90,2.60,90,3.80,90,2.60,90,4.00,90
431,Amad Diallo,M,Man Utd,5.9,1.1,2.50,90,1.60,90,1.60,90,1.70,90,1.90,90,1.70,90
162,Andrey Nascimento dos Santos,M,Man Utd,5,1,3.80,90,2.90,90,2.90,90,3.10,90,3.30,90,3.10,90
421,Ayden Heaven,D,Man Utd,4.5,0.4,4.60,90,3.70,90,3.70,90,3.90,90,4.10,90,3.90,90
437,Bendito Mantato,M,Man Utd,4.5,0.2,2.30,90,1.40,90,1.30,90,1.50,90,1.70,90,1.50,90
439,Benjamin Sesko,F,Man Utd,7,1.8,5.20,90,4.40,90,4.30,90,4.50,90,4.70,90,4.50,90
426,Bruno Fernandes,M,Man Utd,12,48.5,5.80,90,5.00,90,5.00,90,5.10,90,5.30,90,5.10,90
427,Bryan Mbeumo,M,Man Utd,8,36.1,6.30,90,5.50,90,5.50,90,5.70,90,5.80,90,5.70,90
441,Chido Obi,F,Man Utd,4.5,1.1,1.90,90,1.00,90,0.90,90,1.10,90,1.30,90,1.10,90
417,Diogo Dalot,D,Man Utd,5,2.5,4.90,90,4.00,90,4.00,90,4.20,90,4.40,90,4.20,90
424,Harry Amass,D,Man Utd,4,0.2,3.40,90,2.50,90,2.50,90,2.60,90,2.80,90,2.60,90
418,Harry Maguire,D,Man Utd,5,17.1,4.90,90,4.10,90,4.00,90,4.20,90,4.40,90,4.20,90
434,Jack Fletcher,M,Man Utd,5,0,2.30,90,1.40,90,1.30,90,1.50,90,1.70,90,1.50,90
440,Joshua Zirkzee,F,Man Utd,5.5,0.5,4.50,90,3.60,90,3.60,90,3.70,90,4.00,90,3.70,90
325,Karl Darlow,G,Man Utd,4.5,0,4.30,90,3.40,90,3.40,90,3.60,90,3.80,90,3.60,90
432,Kobbie Mainoo,M,Man Utd,5.5,1,4.10,90,3.20,90,3.20,90,3.30,90,3.50,90,3.30,90
420,Leny Yoro,D,Man Utd,5,0.7,4.60,90,3.70,90,3.60,90,3.80,90,4.00,90,3.80,90
419,Lisandro Martinez,D,Man Utd,5,1.3,4.80,90,3.90,90,3.90,90,4.00,90,4.20,90,4.00,90
423,Luke Shaw,D,Man Utd,4.5,19.7,4.90,90,4.00,90,4.00,90,4.20,90,4.40,90,4.20,90
433,Manuel Ugarte,M,Man Utd,5,0,2.30,90,1.40,90,1.30,90,1.50,90,1.70,90,1.50,90
429,Marcus Rashford,M,Man Utd,7,1.7,5.80,90,4.90,90,4.90,90,5.10,90,5.30,90,5.10,90
430,Mason Mount,M,Man Utd,5.5,0,4.80,90,3.90,90,3.90,90,4.10,90,4.30,90,4.10,90
428,Matheus Cunha,M,Man Utd,8,9.5,5.40,90,4.60,90,4.60,90,4.70,90,4.90,90,4.70,90
416,Matthijs de Ligt,D,Man Utd,5,0,3.40,90,2.50,90,2.50,90,2.60,90,2.80,90,2.60,90
422,Noussair Mazraoui,D,Man Utd,4.5,0.7,4.90,90,4.00,90,4.00,90,4.10,90,4.30,90,4.10,90
415,Patrick Dorgu,M,Man Utd,6,1.1,4.70,90,3.90,90,3.90,90,4.00,90,4.20,90,4.00,90
412,Senne Lammens,G,Man Utd,5,15.7,4.30,90,3.40,90,3.40,90,3.60,90,3.80,90,3.60,90
435,Shea Lacey,M,Man Utd,5,0,2.30,90,1.40,90,1.30,90,1.50,90,1.70,90,1.50,90
436,Toby Collyer,M,Man Utd,5,0,2.30,90,1.40,90,1.30,90,1.50,90,1.70,90,1.50,90
414,Tom Heaton,G,Man Utd,4,0.1,4.30,90,3.40,90,3.40,90,3.60,90,3.80,90,3.60,90
438,Tyler Fletcher,M,Man Utd,4.5,0.3,2.30,90,1.40,90,1.30,90,1.50,90,1.70,90,1.50,90
43,Youri Tielemans,M,Man Utd,6,2.4,4.50,90,3.70,90,3.70,90,3.80,90,4.00,90,3.80,90
559,Aladji Bamba,M,Newcastle,5,0.1,3.20,90,3.50,90,3.00,90,3.80,90,3.40,90,3.60,90
593,Amar Dedic,D,Newcastle,4.5,0.3,3.10,90,3.40,90,3.00,90,3.80,90,3.40,90,3.50,90
454,Anthony Elanga,M,Newcastle,6,1.9,3.70,90,4.00,90,3.50,90,4.30,90,3.90,90,4.10,90
461,Bazoumana Toure,M,Newcastle,6,0.2,4.40,90,4.70,90,4.20,90,5.00,90,4.60,90,4.80,90
448,Dan Burn,D,Newcastle,5,1.7,2.40,90,2.70,90,2.20,90,3.00,90,2.60,90,2.80,90
444,Ewen Jaouen,G,Newcastle,4.5,0,3.30,90,3.60,90,3.10,90,3.90,90,3.50,90,3.70,90
446,Fabian Schar,D,Newcastle,5,0.3,3.00,90,3.30,90,2.90,90,3.60,90,3.20,90,3.40,90
453,Harvey Barnes,M,Newcastle,6,1.1,4.60,90,4.90,90,4.50,90,5.20,90,4.90,90,5.00,90
457,Jacob Murphy,M,Newcastle,6,0.2,3.70,90,4.00,90,3.60,90,4.40,90,4.00,90,4.10,90
456,Jacob Ramsey,M,Newcastle,5,0.4,3.50,90,3.80,90,3.40,90,4.10,90,3.70,90,3.90,90
460,Joe Willock,M,Newcastle,5,0.2,3.40,90,3.70,90,3.20,90,4.00,90,3.60,90,3.80,90
458,Joelinton,M,Newcastle,5.5,0,2.40,90,2.70,90,2.20,90,3.10,90,2.60,90,2.80,90
449,Lewis Hall,D,Newcastle,5,4.1,3.10,90,3.40,90,3.00,90,3.80,90,3.40,90,3.50,90
459,Lewis Miley,M,Newcastle,5.5,0.1,3.20,90,3.50,90,3.10,90,3.80,90,3.40,90,3.60,90
567,Lukas Hornicek,G,Newcastle,5,0.7,3.30,90,3.60,90,3.10,90,3.90,90,3.50,90,3.70,90
445,Malick Thiaw,D,Newcastle,5,1.7,2.90,90,3.30,90,2.80,90,3.60,90,3.20,90,3.40,90
443,Mark Gillespie,G,Newcastle,4.5,0,3.30,90,3.60,90,3.10,90,3.90,90,3.50,90,3.70,90
442,Nick Pope,G,Newcastle,5,1.3,3.30,90,3.60,90,3.10,90,3.90,90,3.50,90,3.70,90
463,Nick Woltemade,F,Newcastle,6,1.6,4.00,90,4.30,90,3.90,90,4.70,90,4.30,90,4.50,90
466,Sean Neave,F,Newcastle,4.5,0.8,1.90,90,2.20,90,1.70,90,2.50,90,2.10,90,2.30,90
462,Sean Steur,M,Newcastle,5,0.1,3.10,90,3.40,90,2.90,90,3.70,90,3.30,90,3.50,90
447,Sven Botman,D,Newcastle,5,0.5,2.90,90,3.20,90,2.80,90,3.60,90,3.20,90,3.40,90
450,Tino Livramento,D,Newcastle,5,0,2.30,90,2.60,90,2.10,90,2.90,90,2.50,90,2.70,90
465,William Osula,F,Newcastle,6,1,4.10,90,4.40,90,3.90,90,4.70,90,4.30,90,4.50,90
464,Yoane Wissa,F,Newcastle,6,3.2,4.00,90,4.30,90,3.80,90,4.60,90,4.20,90,4.40,90
493,Arnaud Kalimuendo,F,Notts Forest,5.5,0.1,3.50,90,4.10,90,3.70,90,4.40,90,3.70,90,3.40,90
482,Callum Hudson-Odoi,M,Notts Forest,6,0.2,3.40,90,4.00,90,3.60,90,4.30,90,3.60,90,3.30,90
490,Chris Wood,F,Notts Forest,6,1.6,3.60,90,4.20,90,3.80,90,4.60,90,3.90,90,3.50,90
483,Dan Ndoye,M,Notts Forest,5.5,0.4,3.30,90,3.90,90,3.50,90,4.20,90,3.50,90,3.20,90
485,Dilane Bakwa,M,Notts Forest,5.5,0,2.10,90,2.70,90,2.30,90,3.10,90,2.40,90,2.00,90
488,Ibrahim Sangare,M,Notts Forest,5,1,2.90,90,3.50,90,3.10,90,3.90,90,3.20,90,2.80,90
491,Igor Jesus,F,Notts Forest,6,3.8,3.70,90,4.20,90,3.90,90,4.60,90,3.90,90,3.60,90
474,Jair Cunha,D,Notts Forest,4.5,0.2,1.90,90,2.50,90,2.10,90,2.90,90,2.10,90,1.80,90
486,James McAtee,M,Notts Forest,5.5,0.1,3.30,90,3.90,90,3.50,90,4.30,90,3.50,90,3.20,90
478,Luca Netz,D,Notts Forest,4.5,0,1.90,90,2.50,90,2.10,90,2.90,90,2.20,90,1.80,90
467,Matz Sels,G,Notts Forest,5,1.5,2.90,90,3.50,90,3.10,90,3.90,90,3.20,90,2.80,90
470,Morato,D,Notts Forest,5,0,1.90,90,2.50,90,2.10,90,2.90,90,2.20,90,1.80,90
480,Morgan Gibbs-White,M,Notts Forest,8,8.8,4.40,90,4.90,90,4.60,90,5.30,90,4.60,90,4.30,90
472,Murillo,D,Notts Forest,5.5,1.7,1.90,90,2.50,90,2.10,90,2.90,90,2.20,90,1.80,90
469,Neco Williams,D,Notts Forest,5,9.1,2.30,90,2.90,90,2.50,90,3.30,90,2.50,90,2.20,90
487,Nicolas Dominguez,M,Notts Forest,5,0.1,3.10,90,3.70,90,3.30,90,4.10,90,3.40,90,3.00,90
475,Nicolo Savona,D,Notts Forest,4.5,0,1.40,90,2.00,90,1.60,90,2.40,90,1.70,90,1.30,90
471,Nikola Milenkovic,D,Notts Forest,5.5,1.8,1.90,90,2.50,90,2.10,90,2.90,90,2.20,90,1.80,90
473,Ola Aina,D,Notts Forest,4.5,3.5,1.90,90,2.50,90,2.20,90,2.90,90,2.20,90,1.80,90
476,Omar Richards,D,Notts Forest,4,0.2,1.10,90,1.70,90,1.40,90,2.20,90,1.40,90,1.00,90
484,Omari Hutchinson,M,Notts Forest,5.5,0.2,3.80,90,4.30,90,4.00,90,4.70,90,4.00,90,3.70,90
581,Ousmane Diomande,D,Notts Forest,5.5,0.7,1.90,90,2.50,90,2.10,90,2.90,90,2.10,90,1.80,90
489,Ryan Yates,M,Notts Forest,4.5,1.5,2.30,90,2.90,90,2.50,90,3.30,90,2.60,90,2.20,90
590,Steven Benda,G,Notts Forest,4.5,0.1,2.90,90,3.50,90,3.10,90,3.90,90,3.20,90,2.80,90
479,Tyler Bindon,D,Notts Forest,4,0.2,1.10,90,1.70,90,1.40,90,2.20,90,1.40,90,1.00,90
558,Xaver Schlager,M,Notts Forest,5,0.1,2.90,90,3.50,90,3.10,90,3.90,90,3.10,90,2.80,90
477,Zach Abbott,D,Notts Forest,4,0.3,1.70,90,2.30,90,2.00,90,2.70,90,2.00,90,1.60,90
502,Andrew Robertson,D,Spurs,4.5,3.8,3.40,90,3.20,90,3.30,90,3.30,90,2.70,90,4.00,90
496,Antonin Kinsky,G,Spurs,4.5,22.8,3.70,90,3.50,90,3.60,90,3.60,90,3.00,90,4.40,90
522,Archie Gray,M,Spurs,5,0.2,3.00,90,2.90,90,3.00,90,3.00,90,2.30,90,3.70,90
508,Ben Davies,D,Spurs,4,1.1,2.30,90,2.10,90,2.20,90,2.20,90,1.60,90,3.00,90
495,Brandon Austin,G,Spurs,4,0.9,3.70,90,3.50,90,3.60,90,3.60,90,3.00,90,4.40,90
524,Callum Olusesi,M,Spurs,4.5,0.8,2.10,90,1.90,90,2.00,90,2.00,90,1.40,90,2.80,90
519,Conor Gallagher,M,Spurs,5.5,0.3,3.80,90,3.60,90,3.70,90,3.70,90,3.10,90,4.50,90
528,Dane Scarlett,F,Spurs,4.5,1.7,1.90,90,1.70,90,1.80,90,1.80,90,1.20,90,2.60,90
521,Dejan Kulusevski,M,Spurs,6.5,0,2.10,90,1.90,90,2.00,90,2.00,90,1.40,90,2.80,90
506,Destiny Udogie,D,Spurs,4.5,0.5,3.50,90,3.40,90,3.50,90,3.50,90,2.90,90,4.20,90
526,Dominic Solanke,F,Spurs,6,1.3,4.50,90,4.30,90,4.40,90,4.40,90,3.80,90,5.10,90
515,James Maddison,M,Spurs,6.5,1.1,4.70,90,4.60,90,4.70,90,4.70,90,4.10,90,5.40,90
510,James Rowswell,D,Spurs,4,0.1,2.30,90,2.10,90,2.20,90,2.20,90,1.60,90,3.00,90
112,Jan Paul van Hecke,D,Spurs,5,9.7,3.50,90,3.30,90,3.40,90,3.40,90,2.80,90,4.20,90
511,Joao Victor de Souza Menezes,D,Spurs,4,0.3,2.30,90,2.10,90,2.20,90,2.20,90,1.60,90,3.00,90
509,Jun'ai Byfield,D,Spurs,4,0.1,2.30,90,2.10,90,2.20,90,2.20,90,1.60,90,3.00,90
501,Kevin Danso,D,Spurs,5,0.2,3.40,90,3.30,90,3.40,90,3.40,90,2.80,90,4.10,90
520,Lucas Bergvall,M,Spurs,5.5,0.2,3.80,90,3.70,90,3.80,90,3.80,90,3.20,90,4.50,90
498,Marcos Senesi,D,Spurs,6,7.7,3.40,90,3.30,90,3.40,90,3.40,90,2.80,90,4.10,90
497,Martin Dubravka,G,Spurs,4,18.6,3.70,90,3.50,90,3.60,90,3.60,90,3.00,90,4.40,90
525,Mateus Fernandes,M,Spurs,6,1.7,4.00,90,3.80,90,3.90,90,3.90,90,3.30,90,4.60,90
514,Mathys Tel,M,Spurs,6,0.5,5.20,90,5.10,90,5.20,90,5.20,90,4.60,90,5.90,90
503,Micky van de Ven,D,Spurs,5,4.3,3.80,90,3.60,90,3.70,90,3.70,90,3.10,90,4.40,90
523,Mikey Moore,M,Spurs,5,0.2,4.80,90,4.60,90,4.70,90,4.70,90,4.10,90,5.40,90
512,Mohammed Kudus,M,Spurs,6.5,0.1,2.30,90,2.20,90,2.30,90,2.30,90,1.60,90,3.00,90
518,Pape Matar Sarr,M,Spurs,4.9,0.2,2.40,90,2.30,90,2.40,90,2.40,90,1.70,90,3.10,90
499,Pedro Porro,D,Spurs,5.5,13.6,3.80,90,3.60,90,3.70,90,3.70,90,3.10,90,4.50,90
527,Richarlison,F,Spurs,6,2.9,4.80,90,4.60,90,4.70,90,4.70,90,4.10,90,5.50,90
516,Rodrigo Bentancur,M,Spurs,5.5,0.2,3.50,90,3.30,90,3.40,90,3.40,90,2.80,90,4.10,90
455,Sandro Tonali,M,Spurs,5.5,3.8,3.80,90,3.60,90,3.70,90,3.70,90,3.10,90,4.40,90
517,Wilson Odobert,M,Spurs,5.5,0,2.30,90,2.20,90,2.30,90,2.30,90,1.60,90,3.00,90
513,Xavi Simons,M,Spurs,6,0,2.30,90,2.20,90,2.30,90,2.30,90,1.60,90,3.00,90
552,Brian Brobbey,F,Sunderland,6,13,4.30,90,3.70,90,3.50,90,3.30,90,3.80,90,3.80,90
549,Chemsdine Talbi,M,Sunderland,5.5,0.2,4.10,90,3.50,90,3.30,90,3.10,90,3.60,90,3.60,90
548,Chris Rigg,M,Sunderland,5,0.1,4.00,90,3.40,90,3.20,90,3.00,90,3.50,90,3.50,90
532,Daniel Ballard,D,Sunderland,5,5.1,4.20,90,3.60,90,3.40,90,3.20,90,3.80,90,3.70,90
550,Djiamgone Jocelin Ta Bi,M,Sunderland,5,0,2.10,90,1.50,90,1.30,90,1.10,90,1.70,90,1.60,90
542,Enzo Le Fee,M,Sunderland,6,8.9,4.50,90,3.90,90,3.70,90,3.60,90,4.10,90,4.00,90
544,Granit Xhaka,M,Sunderland,5.5,4.6,3.60,90,3.00,90,2.80,90,2.60,90,3.10,90,3.00,90
543,Habib Diarra,M,Sunderland,5.5,0.1,3.70,90,3.10,90,3.00,90,2.80,90,3.30,90,3.20,90
537,Jenson Seelt,D,Sunderland,4.5,0,2.60,90,2.00,90,1.80,90,1.60,90,2.10,90,2.00,90
539,Luke O'Nien,D,Sunderland,4,3.5,3.50,90,2.90,90,2.70,90,2.50,90,3.10,90,3.00,90
531,Melker Ellborg,G,Sunderland,4.5,0.1,3.80,90,3.20,90,3.00,90,2.80,90,3.30,90,3.20,90
551,Nilson Angulo,M,Sunderland,5,0.1,4.00,90,3.40,90,3.20,90,3.00,90,3.50,90,3.40,90
545,Noah Sadiki,M,Sunderland,5,0.3,3.00,90,2.30,90,2.10,90,2.00,90,2.50,90,2.40,90
533,Nordi Mukiele,D,Sunderland,5.5,2.6,4.00,90,3.40,90,3.20,90,3.00,90,3.50,90,3.50,90
535,Omar Alderete,D,Sunderland,5,0.5,3.80,90,3.20,90,3.00,90,2.80,90,3.40,90,3.30,90
536,Reinildo Mandava,D,Sunderland,4.5,0.5,3.60,90,3.00,90,2.80,90,2.60,90,3.10,90,3.00,90
529,Robin Roefs,G,Sunderland,5,4,3.80,90,3.20,90,3.00,90,2.80,90,3.30,90,3.20,90
547,Romaine Mundle,M,Sunderland,5,0,4.10,90,3.50,90,3.30,90,3.10,90,3.60,90,3.50,90
546,Simon Adingra,M,Sunderland,5,0.1,2.30,90,1.70,90,1.50,90,1.30,90,1.90,90,1.80,90
541,Thomas Meunier,D,Sunderland,4.5,0.3,4.00,90,3.40,90,3.20,90,3.00,90,3.50,90,3.40,90
534,Trai Hume,D,Sunderland,4.5,6.4,4.10,90,3.50,90,3.30,90,3.10,90,3.60,90,3.50,90
553,Wilson Isidor,F,Sunderland,5.5,0.9,4.40,90,3.80,90,3.70,90,3.50,90,4.00,90,3.90,90
