ID,Name,Pos,Team,Value,Ownership,2_Pts,2_xMins,3_Pts,3_xMins,4_Pts,4_xMins,5_Pts,5_xMins,6_Pts,6_xMins,7_Pts,7_xMins,8_Pts,8_xMins,9_Pts,9_xMins,10_Pts,10_xMins,11_Pts,11_xMins,12_Pts,12_xMins,13_Pts,13_xMins
426,Bruno Fernandes,M,MUN,12,48.3,7.14,88,5.30,80,5.11,80,5.25,79,6.36,79,5.21,79,5.97,79,5.07,79,6.12,79,5.07,79,5.87,79,5.39,79
427,Bryan Mbeumo,M,MUN,8,35.8,6.84,76,5.03,71,4.89,70,4.94,69,5.97,69,4.87,68,5.67,68,4.76,68,5.79,68,4.63,68,5.51,68,5.05,68
411,Erling Haaland,F,MCI,15.5,67.9,6.38,76,8.82,75,5.69,74,7.06,73,5.81,73,7.94,73,6.19,73,6.47,73,6.05,73,7.04,72,3.98,72,7.03,72
165,João Pedro,F,CHE,7.6,68.1,6.05,78,2.63,57,5.89,56,3.49,55,4.03,54,3.43,53,4.07,52,3.57,52,3.31,51,3.78,51,3.26,51,3.77,50
557,Christos Tzolis,M,ARS,6.5,26.1,5.94,77,5.85,74,5.43,73,4.96,73,5.95,72,5.36,72,6.05,72,5.09,72,8.05,71,5.45,71,5.16,71,5.13,71
492,Taiwo Awoniyi,F,COV,5.5,0.8,5.94,66,1.93,37,2.12,35,1.96,34,2.12,31,1.82,30,1.94,30,1.92,29,1.68,29,1.80,28,1.61,27,1.93,27
429,Marcus Rashford,M,MUN,7,1.7,5.58,74,1.82,34,1.67,31,1.51,29,1.62,26,1.29,25,1.41,24,1.19,23,1.37,23,1.08,22,1.26,22,1.14,22
379,Alexander Isak,F,LIV,9,16.4,5.44,74,3.97,57,3.68,55,3.09,54,2.91,52,2.86,51,3.04,50,2.31,49,2.80,49,2.94,48,2.77,48,3.09,48
68,Marcus Tavernier,M,BOU,6,2.4,5.32,83,4.81,81,5.14,80,5.02,80,4.38,80,5.31,80,4.12,79,5.14,79,5.04,79,5.18,79,4.49,79,4.66,79
368,Dominik Szoboszlai,M,LIV,7,43.3,5.31,86,4.92,81,4.82,81,4.16,81,4.11,81,4.18,81,4.50,81,3.68,81,4.33,80,4.42,81,4.30,81,4.95,81
367,Cody Gakpo,M,LIV,7,6.3,5.24,79,4.64,73,4.52,72,3.82,71,3.71,70,3.71,70,4.02,70,3.18,70,3.75,69,3.99,69,3.82,69,4.37,69
154,Cole Palmer,M,CHE,9.5,16,5.18,82,3.07,74,6.20,74,3.84,73,4.58,73,3.99,73,4.79,73,4.17,72,4.05,72,4.49,72,3.96,72,4.47,72
366,Florian Wirtz,M,LIV,7.5,11.4,5.02,70,4.16,61,4.01,60,3.51,60,3.39,59,3.34,58,3.58,58,2.89,58,3.34,58,3.48,58,3.39,57,3.87,57
12,Bukayo Saka,M,ARS,9.5,10.4,4.91,69,3.29,46,2.95,45,2.65,43,3.10,42,2.74,41,3.06,41,2.55,40,3.92,40,2.65,40,2.53,40,2.56,39
399,Rayan Cherki,M,MCI,7.5,10.6,4.90,76,3.41,44,2.41,42,2.60,38,2.17,37,2.70,37,2.25,37,2.31,36,2.20,36,2.42,36,1.67,36,2.42,36
569,Gonzalo García,F,FUL,6,3.8,4.90,80,4.02,55,3.35,53,3.52,51,3.50,49,4.92,48,3.57,47,3.13,47,3.56,46,2.54,45,3.37,45,3.09,45
403,Sávio,M,TOT,6.5,0.8,4.88,74,1.18,20,1.10,18,1.04,17,0.76,14,0.91,13,0.70,13,0.75,12,0.67,12,0.73,11,0.63,11,0.67,11
526,Dominic Solanke-Mitchell,F,TOT,6,1.3,4.77,68,2.03,36,2.03,34,1.93,33,1.52,31,2.03,30,1.52,29,1.65,29,1.47,28,1.73,28,1.43,28,1.61,27
26,Kai Havertz,F,ARS,7.5,7.5,4.75,72,4.06,59,3.56,58,3.29,57,4.07,56,3.46,56,3.94,56,3.32,55,5.48,55,3.52,55,3.33,54,3.37,54
183,Jack Rudoni,M,COV,5,0.1,4.68,69,2.04,46,2.29,45,2.21,45,2.39,43,2.20,43,2.34,43,2.33,42,2.08,42,2.25,41,2.00,41,2.43,41
464,Yoane Wissa,F,NEW,6,3.4,4.61,78,2.40,32,1.95,30,2.88,29,2.03,28,2.02,27,1.66,26,1.84,25,1.63,25,1.30,25,1.45,24,1.66,24
249,Thierno Barry,F,EVE,5.5,3.3,4.60,75,4.51,65,4.35,64,5.31,63,5.72,61,4.58,61,2.83,60,4.11,60,5.48,59,3.90,59,4.37,59,4.07,59
356,Virgil van Dijk,D,LIV,6.5,19.6,4.60,87,4.08,82,4.20,82,3.15,81,3.17,81,3.03,81,3.63,81,3.22,81,3.43,81,3.47,81,3.61,81,4.45,81
453,Harvey Barnes,M,NEW,6,1.1,4.60,80,4.08,57,3.31,54,5.19,54,3.68,52,3.60,51,2.94,50,3.40,49,2.92,49,2.39,48,2.70,48,3.03,48
418,Harry Maguire,D,MUN,5,17.1,4.54,83,3.50,79,3.05,78,3.43,77,4.27,76,3.27,76,3.49,76,2.87,76,3.87,76,2.79,76,3.37,76,3.05,76
346,Dominic Calvert-Lewin,F,LEE,6,28.6,4.53,80,3.35,67,4.24,66,4.11,67,2.59,65,3.78,65,3.49,64,3.52,64,4.19,63,3.36,63,4.67,63,2.92,63
138,Charalampos Kostoulas,F,BHA,5.5,0.2,4.51,80,1.94,27,1.79,25,0.98,18,1.14,18,1.24,18,1.10,18,0.99,17,1.22,17,1.45,18,1.27,18,1.14,18
428,Matheus Cunha,M,MUN,8,9.4,4.51,75,3.32,68,3.16,67,3.19,65,3.75,64,3.14,64,3.52,64,3.03,64,3.58,63,2.97,63,3.36,63,3.13,63
4,Gabriel Magalhães,D,ARS,8,29.1,4.46,81,4.21,76,4.50,75,3.77,75,4.54,74,4.26,74,4.62,74,3.64,74,5.29,74,3.92,74,3.81,74,3.71,74
542,Enzo Le Fée,M,SUN,6,8.7,4.46,81,3.61,78,3.29,77,3.29,77,3.81,77,3.66,76,4.05,76,4.11,76,3.97,76,3.72,76,4.24,76,3.49,76
388,Marc Guéhi,D,MCI,6,19.5,4.38,83,5.13,78,3.24,77,4.64,75,3.25,74,4.61,74,3.73,74,3.82,73,3.80,73,4.31,73,2.83,73,4.22,73
40,Morgan Rogers,M,CHE,7.5,26.2,4.30,73,2.73,67,5.18,67,3.34,66,3.81,65,3.40,65,4.01,65,3.55,65,3.47,64,3.84,64,3.37,64,3.79,64
106,Igor Thiago,F,BRE,8,16.6,4.26,81,4.89,74,4.26,73,4.78,72,4.31,72,4.62,71,5.75,71,4.79,71,3.81,71,4.79,71,3.81,71,3.36,71
223,Jean-Philippe Mateta,F,CRY,6.5,5.2,4.25,63,2.69,39,3.19,38,2.15,33,2.37,33,1.93,33,2.41,33,2.16,33,2.25,33,2.36,33,3.06,33,2.03,33
552,Brian Brobbey,F,SUN,6,12.8,4.25,71,3.35,69,2.83,68,2.96,68,3.57,68,3.42,67,3.88,67,4.01,67,3.87,67,3.55,67,4.00,67,3.25,67
69,Alex Scott,M,BOU,6,1.5,4.23,84,3.93,82,4.09,82,4.04,82,3.68,81,4.29,81,3.54,81,4.16,81,4.05,81,4.19,81,3.80,81,3.92,81
481,Elliot Anderson,M,MCI,6.4,6.1,4.20,62,4.67,62,3.86,62,4.39,61,3.91,61,4.46,60,4.04,60,4.10,60,4.05,60,4.25,60,3.53,60,4.24,60
79,Evanilson,F,BOU,6,3,4.16,74,3.91,72,4.16,71,4.09,71,3.56,71,4.17,71,3.37,71,4.09,71,3.97,70,4.08,70,3.66,70,3.83,70
398,Phil Foden,M,MCI,7,4.1,4.16,69,3.75,51,2.59,49,3.01,46,2.44,45,3.03,44,2.57,43,2.56,43,2.42,43,2.69,42,1.89,42,2.65,42
61,Adrien Truffert,D,BOU,5.5,4.2,4.12,85,3.09,83,3.45,82,3.35,82,2.87,82,4.35,81,2.69,81,3.84,81,3.65,81,4.09,81,3.42,81,3.43,81
237,Iliman Ndiaye,M,EVE,6,16.1,4.08,85,4.18,81,4.22,81,4.85,80,5.21,80,4.37,80,3.20,80,4.10,80,5.10,80,3.89,80,4.34,80,4.12,80
67,Rayan,M,BOU,6.5,2.8,4.06,78,3.66,76,3.83,75,3.75,75,3.36,74,4.02,74,3.21,74,3.85,74,3.75,74,3.84,74,3.42,74,3.61,74
417,Diogo Dalot,D,MUN,5,2.5,4.06,81,1.90,45,1.61,42,1.68,39,1.97,37,1.53,36,1.60,35,1.33,35,1.68,34,1.25,34,1.47,33,1.35,33
387,Nico O'Reilly,D,MCI,6.5,20.9,4.01,72,5.23,71,3.15,71,4.68,70,3.24,70,4.78,69,3.74,69,3.89,69,3.82,69,4.40,69,2.73,69,4.29,69
335,Anton Stach,M,LEE,6,2.4,3.98,77,2.74,58,3.09,56,3.06,57,2.27,55,2.74,54,2.71,53,2.56,53,2.96,52,2.49,52,3.14,51,2.28,51
94,Kevin Schade,M,BRE,6,3.5,3.97,80,4.15,68,3.47,67,3.86,66,3.52,65,3.70,64,4.60,64,3.86,63,3.09,63,3.84,63,3.03,63,2.72,63
1,David Raya Martín,G,ARS,6,38.3,3.94,84,3.55,77,3.92,77,3.37,77,3.88,77,3.76,77,3.94,77,3.26,77,4.18,77,3.41,76,3.38,76,3.27,76
60,James Hill,D,BOU,5.5,0.9,3.94,84,3.07,82,3.36,82,3.28,81,2.89,81,4.11,81,2.74,81,3.69,81,3.52,81,3.89,80,3.34,80,3.32,80
295,Oli McBurnie,F,HUL,5.5,2.1,3.94,83,4.00,78,3.32,78,3.48,78,3.85,77,3.35,77,3.77,77,4.21,77,2.49,77,3.55,76,3.30,76,3.81,76
372,Alexis Mac Allister,M,LIV,5.5,1.6,3.90,81,2.81,62,2.74,60,2.35,59,2.25,57,2.24,57,2.38,56,2.02,55,2.25,55,2.27,55,2.21,55,2.53,54
84,Nathan Collins,D,BRE,5.5,2.1,3.86,84,4.84,81,3.39,81,4.00,81,3.79,80,3.85,80,4.97,80,4.51,80,3.26,80,4.49,80,3.09,80,3.36,80
565,Mamadou Sangaré,M,BRE,5.6,8.6,3.85,73,3.06,57,2.64,55,2.72,54,2.49,52,2.52,51,2.77,50,2.53,49,2.22,49,2.45,48,2.11,48,2.06,48
412,Senne Lammens,G,MUN,5,15.6,3.84,87,3.09,80,2.71,79,3.03,79,3.53,78,2.88,78,2.95,78,2.57,78,3.19,78,2.51,78,2.89,77,2.69,77
514,Mathys Tel,M,TOT,6,0.5,3.84,75,2.99,65,3.05,64,3.04,63,2.49,63,3.34,62,2.55,62,2.88,62,2.62,62,3.13,61,2.69,61,2.91,61
576,Elliot Stroud,M,HUL,5,0.1,3.81,68,2.25,38,1.87,36,1.88,34,1.88,32,1.70,31,1.72,30,1.82,29,1.38,28,1.61,27,1.53,27,1.65,27
200,Maxence Lacroix,D,CHE,6,9.5,3.79,83,2.56,75,4.55,75,2.72,74,3.26,73,3.18,73,3.92,72,3.04,72,3.40,72,3.45,72,3.17,72,3.46,72
10,Benjamin White,D,ARS,5.5,6.7,3.78,75,3.39,68,3.68,67,3.04,67,3.68,66,3.45,66,3.72,65,2.91,65,4.27,65,3.09,65,3.02,65,2.94,65
110,Carl Rushworth,G,COV,4.5,1.2,3.78,87,1.89,81,2.60,81,2.68,81,2.65,80,2.83,80,2.94,80,3.21,79,2.55,79,2.79,79,2.40,78,3.03,78
332,James Justin,D,LEE,4.5,1.2,3.76,83,2.88,79,3.73,79,3.91,79,2.51,79,3.32,79,3.72,79,3.00,79,4.34,79,2.89,79,4.59,79,2.44,79
184,Matt Grimes,M,COV,5,0.2,3.75,80,2.28,66,2.59,65,2.56,65,2.64,64,2.56,64,2.66,64,2.75,63,2.48,63,2.64,63,2.43,63,2.76,63
175,Milan van Ewijk,D,COV,4,13.1,3.74,79,1.17,58,1.80,57,1.82,56,1.86,55,1.95,54,2.07,54,2.22,54,1.69,53,1.92,53,1.58,53,2.15,53
391,Joško Gvardiol,D,MCI,5.5,13.7,3.74,78,4.28,71,2.75,70,3.85,68,2.70,66,3.76,65,3.03,65,3.09,64,3.07,64,3.42,63,2.31,63,3.32,63
533,Nordi Mukiele,D,SUN,5.5,2.5,3.74,79,1.93,55,1.99,53,1.11,35,1.55,37,1.38,37,1.76,38,1.81,38,1.61,38,1.60,39,2.07,39,1.39,39
13,Declan Rice,M,ARS,7.5,16.9,3.73,77,3.12,65,3.03,64,2.82,63,3.09,62,2.92,62,3.09,61,2.73,61,3.62,61,2.89,61,2.75,61,2.75,61
423,Luke Shaw,D,MUN,4.5,19.6,3.73,82,2.87,77,2.43,77,2.79,76,3.55,75,2.65,75,2.83,75,2.30,75,3.17,75,2.21,75,2.74,74,2.45,74
397,Antoine Semenyo,M,MCI,8.5,24.1,3.72,78,4.58,78,3.32,78,4.08,77,3.38,77,4.34,77,3.63,77,3.70,77,3.59,77,4.02,77,2.78,76,3.97,76
544,Granit Xhaka,M,SUN,5.5,4.6,3.70,84,3.09,80,2.98,79,2.88,79,3.26,79,3.08,78,3.40,78,3.44,78,3.27,78,3.16,78,3.52,78,2.99,78
11,Cristhian Mosquera,D,ARS,5.5,5.8,3.69,77,2.68,57,2.88,56,2.37,54,2.77,53,2.59,52,2.75,51,2.17,51,3.00,51,2.27,50,2.24,50,2.16,50
115,Maxim De Cuyper,D,BHA,4.6,8.1,3.69,66,4.09,47,3.90,44,2.59,42,3.19,41,3.39,40,2.49,39,2.13,39,3.02,38,3.80,38,3.15,38,2.55,38
41,Emiliano Buendía Stati,M,AVL,6,1.2,3.65,77,4.40,72,3.86,71,3.55,70,3.61,69,3.29,68,3.14,68,3.63,68,3.03,67,3.69,67,3.46,67,3.66,67
532,Daniel Ballard,D,SUN,5,5,3.65,75,2.59,72,2.77,72,2.21,71,3.00,70,2.59,70,3.34,70,3.35,70,2.98,69,2.90,69,3.67,69,2.46,69
338,Ethan Ampadu,M,LEE,5.5,1.4,3.64,86,3.22,82,3.61,82,3.66,82,3.00,82,3.40,82,3.48,82,3.31,82,3.77,82,3.32,82,3.95,82,3.10,82
176,Jay Dasilva,D,COV,4,0.8,3.63,82,1.19,78,2.11,78,2.17,77,2.28,77,2.45,77,2.63,77,2.96,77,2.11,77,2.43,77,1.96,77,2.84,77
350,Alisson Becker,G,LIV,5.5,3.8,3.61,85,2.83,71,2.91,70,2.27,69,2.25,68,2.14,68,2.51,67,2.38,66,2.35,66,2.29,65,2.42,65,2.89,65
525,Mateus Fernandes,M,TOT,6,1.6,3.60,82,1.98,50,1.94,48,1.87,46,1.54,43,1.81,42,1.47,41,1.60,41,1.48,40,1.64,39,1.47,39,1.54,39
357,Jeremie Frimpong,D,LIV,5.5,3.4,3.59,75,2.78,63,2.83,61,2.07,60,2.04,58,1.92,58,2.30,57,2.02,56,2.15,56,2.14,55,2.24,55,2.76,55
337,Brenden Aaronson,M,LEE,5.5,0.9,3.58,72,2.52,57,2.95,56,2.96,57,2.11,56,2.66,55,2.64,54,2.49,54,2.90,54,2.43,53,3.13,53,2.20,53
142,Reece James,D,CHE,5.5,10,3.56,73,1.31,39,2.48,38,1.36,36,1.59,35,1.53,34,1.90,33,1.42,33,1.58,33,1.61,32,1.46,32,1.58,32
362,Jeremy Jacquet,D,LIV,5,2.4,3.56,67,3.18,64,3.30,63,2.43,63,2.42,62,2.30,61,2.77,61,2.54,61,2.59,61,2.60,60,2.72,60,3.38,60
529,Robin Roefs,G,SUN,5,4,3.56,86,2.54,82,2.86,82,2.25,82,2.99,82,2.60,82,3.28,82,3.30,82,2.93,81,2.89,81,3.65,81,2.49,81
8,Riccardo Calafiori,D,ARS,5.6,41.7,3.54,61,2.94,51,3.06,50,2.54,49,3.10,49,2.82,48,3.13,48,2.43,47,3.71,47,2.59,47,2.50,47,2.44,47
504,Luka Vušković,D,BHA,5,2.5,3.54,85,5.19,84,5.18,83,3.92,82,4.77,82,4.96,82,3.81,82,3.32,81,4.54,81,5.70,81,4.83,81,4.00,81
566,António Silva,D,BOU,5,0.4,3.54,81,2.60,79,2.89,78,2.80,77,2.38,76,3.58,76,2.22,75,3.17,75,3.00,75,3.33,74,2.78,74,2.78,74
182,Aurèle Amenda,D,COV,4,0.9,3.50,82,0.95,52,1.38,50,1.38,49,1.34,46,1.40,45,1.44,45,1.53,44,1.19,43,1.29,43,1.09,42,1.43,42
239,James Garner,M,EVE,6,0.1,3.48,76,3.29,69,3.34,68,3.55,66,3.66,66,3.23,65,2.68,65,3.12,65,3.59,65,2.99,65,3.15,65,3.11,65
591,Julio Enciso,M,IPS,5.5,0.5,3.48,68,2.01,34,1.74,31,1.66,29,1.72,27,1.25,25,1.59,24,1.79,24,1.46,23,1.35,22,1.46,22,1.44,22
70,Justin Kluivert,M,BOU,6,1.2,3.47,70,2.50,53,2.58,51,2.43,49,2.09,47,2.43,46,1.90,45,2.26,44,2.20,43,2.26,43,1.98,42,2.09,42
260,Harry Wilson,M,LEE,6.5,5.7,3.47,65,2.20,46,2.54,44,2.47,44,1.77,42,2.19,41,2.11,40,2.00,39,2.33,39,1.94,38,2.44,38,1.75,38
15,Martin Ødegaard,M,ARS,6.6,11.6,3.46,65,2.90,54,2.79,53,2.56,53,2.97,52,2.67,51,2.91,51,2.52,51,3.66,51,2.64,51,2.52,50,2.56,50
419,Lisandro Martínez,D,MUN,5,1.3,3.46,78,1.84,49,1.52,46,1.62,43,1.87,40,1.42,39,1.45,38,1.22,37,1.54,37,1.14,36,1.32,35,1.22,35
575,Caleb Yirenkyi,M,COV,5,0.2,3.46,65,2.59,62,2.86,62,2.82,61,2.95,61,2.88,61,2.95,61,2.98,61,2.80,61,2.92,61,2.76,61,3.06,61
57,Đorđe Petrović,G,BOU,4.5,3.3,3.44,86,2.46,79,2.67,78,2.58,77,2.30,77,3.26,76,2.17,76,2.90,76,2.74,75,3.05,75,2.62,75,2.61,75
236,Kiernan Dewsbury-Hall,M,EVE,6.5,4.7,3.44,83,3.50,80,3.56,79,3.99,79,4.25,79,3.67,79,2.78,79,3.43,79,4.24,79,3.25,79,3.61,79,3.49,79
253,Joachim Andersen,D,FUL,5,0.1,3.44,69,3.53,67,2.77,67,3.12,67,3.42,66,4.30,66,3.59,66,3.16,66,3.37,66,2.48,66,3.28,66,3.47,66
459,Lewis Miley,M,NEW,5.5,0.1,3.44,77,3.03,62,2.72,59,3.47,58,2.80,56,2.77,55,2.51,54,2.65,53,2.42,53,2.17,53,2.28,52,2.40,52
358,Milos Kerkez,D,LIV,5.5,3.5,3.43,80,2.48,61,2.48,59,1.78,58,1.74,56,1.64,55,1.98,54,1.77,54,1.82,53,1.82,53,1.92,53,2.40,52
43,Youri Tielemans,M,MUN,6,2.4,3.42,65,2.86,61,2.72,61,2.76,59,3.06,59,2.70,58,2.87,58,2.58,58,2.92,57,2.54,57,2.78,57,2.66,57
327,Jaka Bijol,D,LEE,5,0.9,3.41,76,2.38,61,2.82,61,2.97,62,2.21,61,2.58,60,2.88,60,2.36,60,3.18,59,2.28,59,3.22,59,2.03,59
445,Malick Thiaw,D,NEW,5,1.8,3.41,86,3.92,84,3.55,83,5.60,83,4.25,83,4.27,82,3.47,82,4.29,82,3.63,82,3.20,82,3.08,82,3.53,82
144,Malo Gusto,D,CHE,5,1.2,3.39,75,2.01,67,4.28,67,2.25,66,2.88,66,2.71,66,3.54,65,2.59,65,2.94,65,3.11,65,2.76,65,3.09,65
254,Antonee Robinson,D,FUL,4.5,1.7,3.39,77,3.55,71,2.53,71,3.00,71,3.34,70,4.71,70,3.58,70,3.04,70,3.35,70,2.14,69,3.20,69,3.37,69
491,Igor Jesus,F,NFO,6,3.7,3.39,72,3.54,68,3.19,67,4.14,68,3.12,67,2.62,67,3.37,67,3.06,67,3.04,67,3.08,67,3.44,67,4.04,67
393,Abdukodir Khusanov,D,MCI,5.5,1.7,3.38,82,4.08,81,2.68,81,3.94,80,2.68,79,3.84,79,3.13,79,3.21,79,3.29,79,3.69,79,2.54,79,3.54,79
499,Pedro Porro Sauceda,D,TOT,5.5,13.5,3.37,81,2.65,63,2.84,62,2.75,61,1.77,60,3.12,59,1.88,59,2.59,59,2.15,58,2.88,58,2.54,58,2.69,58
112,Jan Paul van Hecke,D,TOT,5,9.6,3.35,73,3.10,66,3.36,66,3.25,65,2.27,65,3.70,64,2.38,64,3.12,64,2.67,64,3.46,64,3.07,64,3.24,64
534,Trai Hume,D,SUN,4.5,6.4,3.34,76,2.16,73,2.36,72,1.75,72,2.64,71,2.19,71,2.99,71,3.06,71,2.63,71,2.53,70,3.41,70,2.06,70
535,Omar Alderete,D,SUN,5,0.4,3.34,71,1.86,50,1.94,48,1.57,47,1.94,45,1.71,44,2.03,44,2.03,43,1.84,43,1.78,42,2.14,42,1.56,42
124,Pascal Groß,M,BHA,5.5,12.9,3.33,87,3.95,84,3.98,84,3.14,83,3.62,83,3.82,83,3.26,83,3.04,83,3.69,83,4.21,83,3.85,83,3.40,83
173,Bobby Thomas,D,COV,4,7.9,3.32,70,1.40,62,2.04,62,2.06,61,2.14,61,2.22,61,2.32,60,2.53,60,2.00,60,2.21,60,1.87,60,2.48,60
584,Gustavo Hamer,M,COV,5.5,0.1,3.32,67,1.38,38,1.54,36,1.44,35,1.47,32,1.38,31,1.43,31,1.43,30,1.25,29,1.34,28,1.20,28,1.38,28
97,Mathias Jensen,M,BRE,5.5,0.2,3.31,72,3.26,62,2.82,62,3.08,61,2.86,60,2.98,60,3.47,60,3.11,59,2.64,59,3.10,59,2.57,59,2.48,59
229,James Tarkowski,D,EVE,6,8.7,3.31,86,3.36,83,3.78,82,4.22,82,4.32,82,3.44,82,2.68,82,3.09,82,4.44,82,2.90,82,3.38,82,3.37,82
309,Marcelino Núñez,M,IPS,5,0.1,3.31,73,3.47,63,3.31,62,3.37,62,3.77,61,2.85,61,3.71,61,4.36,60,3.66,60,3.46,60,3.80,60,3.74,60
334,Tarik Muharemović,D,LEE,5,3.4,3.30,84,2.58,80,3.19,80,3.38,80,2.36,80,2.90,79,3.29,79,2.60,79,3.80,79,2.54,79,3.90,79,2.17,79
371,Ryan Gravenberch,M,LIV,6,2,3.28,76,2.99,72,2.99,71,2.71,71,2.65,70,2.64,70,2.78,70,2.54,70,2.69,70,2.74,70,2.73,69,2.97,69
390,Rúben Dias,D,MCI,5.5,1.8,3.24,79,2.98,59,1.93,57,2.69,54,1.81,52,2.50,51,2.04,51,2.07,50,2.07,49,2.27,49,1.62,48,2.18,48
149,Levi Samuels Colwill,D,CHE,5,1.5,3.23,82,1.95,71,3.82,70,2.10,69,2.61,68,2.52,67,3.17,67,2.34,66,2.69,66,2.72,66,2.47,65,2.73,65
384,Gianluigi Donnarumma,G,MCI,5.5,8.3,3.23,81,3.53,78,2.55,78,3.57,77,2.57,77,3.42,77,2.93,77,2.98,77,3.07,77,3.30,77,2.57,77,3.20,76
286,Mohamed Belloumi,M,HUL,5,0.6,3.21,71,2.03,43,1.69,41,1.73,40,1.82,39,1.63,38,1.69,37,1.83,37,1.30,36,1.58,36,1.51,36,1.68,35
502,Andrew Robertson,D,TOT,4.5,3.8,3.21,80,1.49,36,1.53,33,1.37,31,0.87,28,1.40,27,0.86,26,1.12,26,0.94,25,1.16,24,1.00,24,1.06,24
516,Rodrigo Bentancur,M,TOT,5.5,0.2,3.21,71,2.45,57,2.46,56,2.09,49,1.93,50,2.31,50,2.00,51,2.19,51,2.10,51,2.34,52,2.18,52,2.27,52
570,César Palacios,M,FUL,5.5,0.2,3.19,70,2.60,47,2.18,46,2.29,44,2.32,42,2.94,41,2.36,41,2.08,40,2.28,40,1.80,39,2.18,39,2.07,39
86,Keane Lewis-Potter,M,BRE,5.5,1.1,3.17,81,3.17,68,2.72,67,2.91,66,2.72,65,2.79,64,3.24,64,2.92,63,2.52,63,2.89,63,2.46,62,2.33,62
455,Sandro Tonali,M,TOT,5.5,3.8,3.17,81,2.74,73,2.77,72,2.76,71,2.33,70,2.93,70,2.38,70,2.67,69,2.43,69,2.82,69,2.50,69,2.67,69
261,Alex Iwobi,M,FUL,5.5,1,3.16,79,3.38,77,2.93,77,3.13,77,3.28,77,4.22,77,3.40,77,3.14,76,3.42,76,2.69,76,3.35,76,3.18,76
330,Jayden Bogle,D,LEE,4.5,0.6,3.16,79,2.07,64,2.67,62,2.81,63,1.76,62,2.32,61,2.60,60,2.04,60,3.02,60,1.97,59,3.17,59,1.62,59
82,Caoimhín Kelleher,G,BRE,5,6.5,3.15,81,3.62,76,2.56,76,2.83,76,2.83,76,2.78,76,3.36,75,3.34,75,2.55,75,3.24,75,2.36,75,2.74,75
95,Dango Ouattara,M,BRE,6.5,1.1,3.15,68,3.68,65,3.14,65,3.49,65,3.23,64,3.43,64,4.09,64,3.58,64,2.92,64,3.59,64,2.95,64,2.69,64
536,Reinildo Mandava,D,SUN,4.5,0.4,3.15,80,2.05,76,2.34,76,1.69,75,2.51,75,2.06,74,2.82,74,2.85,74,2.46,74,2.41,74,3.22,74,1.93,74
480,Morgan Gibbs-White,M,NFO,8,8.5,3.14,60,4.64,74,4.01,73,4.63,64,3.42,65,2.92,66,3.94,67,3.51,67,3.49,68,3.53,67,4.00,67,4.88,67
385,James Trafford,G,LEE,5,4.3,3.12,83,2.69,82,3.09,82,3.26,82,2.53,82,2.84,82,3.30,82,2.64,82,3.60,82,2.60,82,3.59,82,2.33,82
329,Joe Rodon,D,LEE,4.5,3.6,3.11,82,2.38,77,2.95,76,3.16,77,2.19,77,2.68,76,3.08,76,2.41,76,3.49,76,2.35,76,3.58,76,2.01,76
447,Sven Botman,D,NEW,5,0.5,3.11,83,3.40,81,3.16,80,4.59,80,3.67,79,3.65,79,3.10,79,3.71,78,3.21,78,2.96,78,2.76,78,3.10,78
46,Ross Barkley,M,AVL,5,0.2,3.10,71,2.92,55,2.59,53,2.35,51,2.32,50,2.16,49,2.06,48,2.29,47,1.92,47,2.26,46,2.15,46,2.22,46
289,Matt Crooks,M,HUL,4.5,0.7,3.09,82,2.96,77,2.49,76,2.56,76,2.87,75,2.57,75,2.70,75,3.00,75,2.13,75,2.62,75,2.53,74,2.82,74
257,Calvin Bassey,D,FUL,4.5,0.8,3.08,83,2.86,71,2.05,70,2.38,69,2.63,68,3.48,68,2.80,67,2.39,67,2.56,67,1.71,67,2.49,66,2.68,66
258,Timothy Castagne,D,FUL,4.5,0.4,3.07,80,2.67,63,1.85,62,2.18,61,2.43,60,3.36,60,2.62,59,2.15,59,2.38,59,1.50,58,2.26,58,2.43,58
454,Anthony Elanga,M,NEW,6,2.1,3.07,68,2.01,38,1.72,35,2.32,35,1.82,33,1.76,32,1.56,31,1.65,31,1.51,30,1.35,30,1.42,30,1.52,30
87,Kristoffer Ajer,D,BRE,4.5,4.1,3.06,79,1.69,34,1.21,33,1.29,31,1.21,30,1.18,29,1.38,28,1.30,28,1.02,28,1.26,27,0.95,27,1.06,27
242,Tyrique George,M,EVE,5.5,0.3,3.06,76,1.71,34,1.63,32,1.73,30,1.74,28,1.51,28,1.24,27,1.41,27,1.65,27,1.37,26,1.43,26,1.40,26
250,Bernd Leno,G,FUL,4.5,3,3.05,81,2.68,69,2.05,69,2.30,68,2.50,67,3.08,66,2.61,66,2.28,65,2.37,65,1.74,64,2.25,63,2.46,63
551,Nilson Angulo,M,SUN,5,0.1,3.05,62,2.37,56,2.11,55,2.11,54,2.42,53,2.26,53,2.49,52,2.57,52,2.45,52,2.33,52,2.60,52,2.22,51
230,Jarrad Branthwaite,D,EVE,5.5,1.8,3.02,81,3.07,78,3.44,78,3.74,77,3.77,76,3.07,76,2.46,75,2.76,75,3.87,75,2.59,75,2.97,75,2.96,75
210,Adam Wharton,M,CRY,5.5,0.9,3.01,79,2.82,67,3.23,66,2.75,66,3.04,65,2.52,65,2.94,64,2.79,64,2.73,63,2.87,63,3.46,63,2.48,63
140,Robert Lynch Sánchez,G,CHE,5,2.3,3.00,80,2.01,65,2.96,64,2.00,64,2.27,63,2.31,62,2.70,62,2.09,62,2.46,61,2.41,61,2.27,61,2.40,61
98,Vitaly Janelt,M,BRE,5,0.5,2.99,74,3.22,71,2.80,70,2.99,70,2.83,70,2.90,69,3.32,69,3.11,69,2.69,69,3.05,69,2.63,69,2.62,69
45,John McGinn,M,AVL,5.5,2.8,2.98,74,3.71,71,3.30,70,3.07,69,3.09,69,2.85,68,2.75,68,3.21,68,2.62,68,3.23,68,3.05,68,3.16,68
127,Diego Gómez,M,BHA,5,3.8,2.96,67,3.67,66,3.64,65,2.75,64,3.23,64,3.51,64,2.98,64,2.73,63,3.32,63,3.95,63,3.54,63,3.12,63
145,Wesley Fofana,D,CHE,5,0,2.94,72,1.77,56,2.99,55,1.77,54,2.10,53,2.08,52,2.54,52,1.93,51,2.23,51,2.22,51,2.08,51,2.20,51
226,Jordan Pickford,G,EVE,5.5,8.8,2.94,87,2.76,80,3.14,80,3.40,80,3.38,80,2.80,80,2.37,80,2.56,80,3.54,80,2.42,80,2.75,80,2.77,80
129,Yasin Ayari,M,BHA,5.5,0.6,2.93,75,2.79,60,2.73,58,2.20,56,2.36,54,2.45,53,2.15,53,2.02,52,2.32,52,2.60,51,2.38,51,2.12,51
545,Noah Sadiki,M,SUN,5,0.3,2.92,82,2.43,79,2.37,79,2.25,78,2.58,78,2.46,78,2.71,78,2.72,78,2.61,78,2.52,77,2.83,77,2.36,77
290,Regan Slater,M,HUL,4.5,3.9,2.91,79,2.11,55,1.87,53,1.90,52,1.95,50,1.80,49,1.83,48,1.96,48,1.58,47,1.74,47,1.72,47,1.85,47
162,Andrey Santos,M,MUN,5,1,2.91,64,2.47,60,2.38,60,2.43,59,2.62,58,2.37,58,2.43,58,2.27,57,2.51,57,2.23,57,2.41,57,2.33,57
88,Michael Kayode,D,BRE,4.6,7.6,2.89,80,3.49,71,2.26,71,2.65,70,2.55,69,2.57,69,3.41,69,3.14,69,2.15,68,3.10,68,1.99,68,2.29,68
7,Myles Lewis-Skelly,M,ARS,5.5,0.7,2.88,75,2.22,58,2.15,56,1.97,55,2.15,54,2.00,53,2.13,52,1.87,52,2.46,52,1.94,51,1.89,51,1.86,51
64,Adam Smith,D,BOU,4.5,0.1,2.87,80,1.73,65,1.92,63,1.84,61,1.51,59,2.35,58,1.38,57,2.02,57,1.91,56,2.13,56,1.78,56,1.76,56
558,Xaver Schlager,M,NFO,5,0.1,2.85,80,2.27,54,2.07,52,2.37,51,1.92,48,1.73,47,1.97,46,1.76,45,1.74,45,1.74,44,1.83,43,2.04,43
244,Harrison Armstrong,M,EVE,5,0.2,2.84,80,2.38,64,2.39,62,2.51,60,2.51,59,2.21,58,1.88,57,2.10,57,2.42,56,2.01,56,2.11,56,2.09,56
268,Josh King,M,FUL,5.5,0.6,2.84,75,1.51,34,1.28,33,1.34,32,1.33,31,1.64,30,1.34,30,1.24,30,1.35,30,1.08,29,1.31,29,1.23,29
190,Loum Tchaouna,M,COV,5.5,0.2,2.83,74,1.21,41,1.27,39,1.20,38,1.16,35,1.10,34,1.13,34,1.13,33,1.01,32,1.03,31,0.96,31,1.07,31
586,Nobel Mendy,D,HUL,4,3.9,2.82,63,1.18,26,0.81,24,0.80,22,0.90,20,0.76,19,0.72,18,0.82,17,0.57,17,0.65,16,0.61,16,0.73,16
486,James McAtee,M,NFO,5.5,0.1,2.81,66,1.26,23,1.09,22,1.30,22,1.02,21,0.90,20,1.05,20,0.93,19,0.92,19,0.93,19,0.99,19,1.12,19
202,Chris Richards,D,CRY,5,0.7,2.80,81,3.00,70,3.62,69,2.86,69,3.43,68,2.47,67,3.04,66,3.07,66,2.76,66,3.18,65,3.91,65,2.38,65
214,Daichi Kamada,M,CRY,5,0.3,2.78,75,2.77,69,3.15,68,2.70,68,2.96,67,2.53,67,2.85,66,2.73,66,2.73,66,2.88,65,3.36,65,2.51,65
449,Lewis Hall,D,NEW,5,4.1,2.78,81,3.02,79,2.77,78,4.30,77,3.34,77,3.32,76,2.72,76,3.42,76,2.86,76,2.57,76,2.36,76,2.70,76
277,John Egan,D,HUL,4,2,2.76,78,2.08,59,1.35,58,1.44,57,1.91,55,1.57,54,1.53,53,1.93,53,1.13,52,1.51,52,1.41,51,1.82,51
75,Ryan Christie,M,BOU,5,0,2.73,61,2.21,53,2.27,51,2.18,50,1.94,48,2.21,47,1.78,46,2.10,46,2.00,45,2.06,45,1.86,45,1.90,44
233,Vitalii Mykolenko,D,EVE,4.5,1.6,2.73,85,2.84,83,3.27,82,3.64,82,3.72,81,2.89,81,2.16,81,2.55,81,3.88,81,2.35,81,2.81,81,2.80,81
460,Joe Willock,M,NEW,5,0.2,2.73,67,1.95,44,1.72,42,2.20,41,1.78,40,1.72,39,1.55,38,1.66,37,1.51,37,1.35,37,1.41,36,1.51,36
496,Antonín Kinský,G,TOT,4.5,22.7,2.71,80,2.74,76,2.95,76,2.85,76,2.12,75,3.16,75,2.18,75,2.78,75,2.47,75,3.02,75,2.77,75,2.86,75
483,Dan Ndoye,M,NFO,5.5,0.4,2.67,63,1.25,25,1.10,24,1.34,25,1.07,24,0.97,23,1.10,23,1.02,22,0.99,22,0.99,22,1.06,22,1.18,22
572,Konstantinos Tzolakis,G,HUL,4.5,2.9,2.67,81,1.66,54,1.06,49,1.04,45,1.24,41,1.00,39,0.94,37,1.12,36,0.71,35,0.86,34,0.82,34,1.03,34
241,Dwight McNeil,M,CRY,5.5,0.2,2.66,61,2.66,57,2.98,57,2.59,57,2.77,56,2.41,55,2.69,55,2.58,54,2.51,54,2.62,53,3.07,53,2.35,53
562,Daizen Maeda,M,IPS,5.5,0.4,2.64,74,2.05,46,1.91,43,1.88,42,2.01,40,1.57,38,1.92,37,2.07,36,1.82,36,1.69,35,1.83,35,1.79,35
109,Bart Verbruggen,G,BHA,4.5,21.5,2.63,87,3.66,86,3.65,86,3.24,86,3.63,86,3.62,86,2.85,86,2.58,86,3.27,86,3.87,86,3.43,86,2.96,86
593,Amar Dedic,D,NEW,4.5,0.4,2.63,82,2.93,80,2.62,78,4.57,78,3.32,77,3.30,77,2.54,76,3.33,76,2.69,76,2.29,75,2.17,75,2.57,75
47,Boubacar Kamara,M,AVL,5,0.3,2.61,76,2.96,74,2.82,73,2.68,72,2.63,72,2.52,71,2.44,71,2.69,71,2.38,70,2.72,70,2.59,70,2.67,70
148,Jorrel Hato,D,CHE,4.5,0.5,2.61,70,1.19,41,1.98,40,1.16,38,1.36,36,1.33,36,1.61,35,1.23,35,1.40,35,1.40,34,1.29,34,1.38,34
211,Yéremy Pino Santos,M,CRY,5.5,0.2,2.59,63,1.55,35,1.78,34,1.45,34,1.56,33,1.30,32,1.54,32,1.39,31,1.40,31,1.48,30,1.83,30,1.24,30
567,Lukás Hornícek,G,NEW,5,0.7,2.58,81,1.28,40,1.19,37,1.54,36,1.21,34,1.19,33,0.98,32,1.12,30,0.99,30,0.88,29,0.80,28,0.85,28
198,Dean Henderson,G,CRY,5,1.8,2.57,87,2.91,80,3.40,80,2.81,80,3.38,79,2.52,79,2.97,79,3.17,79,2.78,79,3.20,79,3.74,79,2.50,79
246,Merlin Röhl,M,EVE,5,0.1,2.56,78,2.39,71,2.44,70,2.61,69,2.64,68,2.35,67,2.02,67,2.24,67,2.60,67,2.19,67,2.30,66,2.27,66
264,Oscar Bobb,M,FUL,5.5,0.3,2.56,59,2.58,52,2.23,52,2.40,52,2.50,52,3.17,52,2.55,51,2.35,51,2.55,51,2.05,51,2.45,51,2.36,51
597,Zion Suzuki,G,AVL,5,0.8,2.55,81,0.43,11,0.37,10,0.32,9,0.25,7,0.21,7,0.19,6,0.21,6,0.15,5,0.17,4,0.14,4,0.15,4
161,Roméo Lavia,M,CHE,5,0.1,2.54,61,0.95,26,1.29,25,0.92,23,0.95,22,0.89,22,0.97,21,0.88,21,0.87,21,0.88,20,0.84,20,0.88,20
304,Dara O'Shea,D,IPS,4,3.4,2.54,86,2.86,80,2.96,80,3.12,80,3.60,80,2.28,80,3.65,80,3.90,80,3.16,80,3.43,80,3.53,80,3.55,80
36,Ian Maatsen,D,AVL,4.5,0.7,2.53,77,2.94,56,2.62,53,2.34,52,2.07,50,1.82,48,1.74,48,2.26,47,1.54,46,2.40,46,2.09,46,2.24,45
265,Sander Berge,M,FUL,5,0.4,2.53,70,2.40,64,2.18,63,2.27,63,2.35,62,2.77,62,2.40,62,2.23,62,2.39,62,2.02,62,2.31,62,2.31,62
316,Emersonn,F,IPS,5.5,1.8,2.53,63,2.89,59,2.78,58,2.77,58,3.10,57,2.38,57,3.06,57,3.58,57,3.11,56,2.80,56,3.13,56,3.08,56
456,Jacob Ramsey,M,NEW,5,0.3,2.53,80,2.20,62,1.97,60,2.55,59,2.12,57,2.06,56,1.86,55,2.00,54,1.84,54,1.69,54,1.70,54,1.83,53
503,Micky van de Ven,D,TOT,5,4.3,2.51,79,2.05,62,2.23,60,1.87,52,1.26,53,2.25,54,1.36,54,1.90,54,1.61,55,2.19,55,1.91,56,2.06,56
203,Jaydee Canvot,D,CRY,5,0.3,2.46,81,2.92,75,3.55,75,2.79,75,3.41,74,2.44,74,2.98,73,3.13,73,2.73,73,3.17,73,3.92,72,2.37,72
114,Olivier Boscagli,D,BHA,4.5,0.3,2.44,81,3.16,66,3.08,64,2.37,61,2.78,60,2.76,59,2.02,58,1.74,58,2.44,57,3.03,57,2.58,57,2.10,57
282,Ryan Giles,D,HUL,4,0.9,2.43,76,1.72,54,0.98,52,1.06,51,1.56,49,1.21,48,1.18,47,1.63,46,0.74,46,1.16,45,1.06,45,1.49,45
588,Anan Khalaili,D,CRY,5,0.1,2.43,78,1.39,35,1.55,32,0.73,20,0.82,20,0.67,20,0.79,20,0.78,20,0.74,20,0.82,20,0.98,20,0.67,20
51,George Hemmings,M,AVL,4.5,0.7,2.41,77,1.81,50,1.62,47,1.50,45,1.40,42,1.31,41,1.24,40,1.33,39,1.17,38,1.33,38,1.27,37,1.27,37
471,Nikola Milenković,D,NFO,5.5,1.8,2.37,83,3.41,78,2.90,77,3.78,78,2.82,77,2.76,77,3.13,77,2.50,77,2.59,77,2.56,76,2.91,76,3.59,76
315,Abdul Fatawu,M,IPS,5.5,0.2,2.35,65,2.38,61,2.35,60,2.37,60,2.51,59,2.13,59,2.49,59,2.62,59,2.38,58,2.36,58,2.45,58,2.43,58
204,Tyrick Mitchell,D,CRY,4.5,5.6,2.33,81,2.86,75,3.58,75,2.72,75,3.43,74,2.32,74,2.97,74,3.05,73,2.70,73,3.13,73,4.02,72,2.27,72
306,Jacob Greaves,D,IPS,4,1.4,2.29,80,1.97,56,2.00,55,2.06,54,2.31,52,1.45,51,2.30,51,2.43,50,1.97,50,2.09,49,2.17,49,2.14,49
34,Pau Torres,D,AVL,4.5,0.4,2.26,76,2.95,66,2.71,65,2.47,63,2.14,62,1.90,62,1.83,61,2.50,60,1.65,60,2.68,60,2.25,60,2.48,60
574,Jens Hjertø-Dahl,M,HUL,5,0.1,2.26,59,1.36,35,1.11,33,1.11,31,1.07,29,0.96,28,0.98,27,1.05,26,0.76,26,0.89,25,0.84,24,0.93,24
467,Matz Sels,G,NFO,5,1.5,2.25,81,3.10,76,2.71,76,3.35,76,2.63,75,2.60,75,2.86,75,2.32,74,2.41,74,2.35,74,2.65,74,3.16,74
280,Lewie Coyle,D,HUL,4,0.6,2.23,77,1.98,71,1.07,71,1.20,70,1.95,70,1.50,70,1.44,69,2.09,69,0.90,69,1.47,69,1.34,69,1.97,69
267,Saša Lukić,M,IPS,5,0.1,2.15,79,1.18,39,1.07,36,1.03,34,1.02,30,0.78,29,0.94,28,0.99,27,0.85,26,0.82,25,0.84,25,0.82,25
564,Kjell Scherpen,G,IPS,4.5,0.6,2.13,81,0.89,32,0.90,30,0.91,29,0.95,27,0.62,26,0.91,26,0.92,25,0.75,25,0.81,24,0.80,24,0.80,23
113,Ferdi Kadıoğlu,D,BHA,4.5,2.3,2.12,80,3.26,73,3.18,71,2.16,62,2.67,63,2.79,63,1.99,64,1.71,64,2.51,64,3.26,65,2.71,65,2.18,65
125,Georginio Rutter,F,BHA,5.5,1,2.05,51,2.05,42,1.98,40,1.48,39,1.69,38,1.80,37,1.63,37,1.47,37,1.72,36,1.92,36,1.76,36,1.58,36
473,Ola Aina,D,NFO,4.5,3.5,2.05,70,3.20,66,2.65,65,3.59,65,2.59,65,2.49,65,2.92,65,2.23,65,2.31,64,2.31,64,2.69,64,3.40,64
32,Matty Cash,D,AVL,4.5,7.6,2.00,83,3.22,79,2.94,78,2.70,78,2.31,77,2.01,77,1.90,77,2.82,76,1.67,76,3.11,76,2.50,76,2.81,76
581,Ousmane Diomande,D,NFO,5.5,0.7,1.99,60,1.74,33,1.41,31,1.08,19,0.88,19,0.88,20,0.97,20,0.81,20,0.84,20,0.85,21,0.96,21,1.16,21
472,Murillo,D,NFO,5.5,1.6,1.98,74,2.19,52,1.85,51,2.38,51,1.75,50,1.69,49,1.87,48,1.52,48,1.56,47,1.52,47,1.72,46,2.07,46
37,Victor Lindelöf,D,AVL,4.5,0.3,1.89,73,2.49,62,2.30,61,2.12,59,1.81,58,1.61,58,1.55,57,2.11,56,1.37,56,2.27,56,1.91,56,2.10,56
116,Lewis Dunk,D,BHA,4.5,1.2,1.89,71,2.63,63,2.58,62,2.06,60,2.39,59,2.40,59,1.78,58,1.57,58,2.11,58,2.60,57,2.23,57,1.84,57
305,Leif Davis,D,IPS,4,4.9,1.88,82,2.02,65,2.07,64,2.20,63,2.60,61,1.37,61,2.64,60,2.91,59,2.19,59,2.35,59,2.49,59,2.46,58
577,Takehiro Tomiyasu,D,CRY,4.5,0.4,1.81,78,0.93,25,0.99,22,0.78,21,0.73,16,0.59,15,0.62,14,0.61,14,0.55,13,0.56,12,0.60,12,0.49,12
469,Neco Williams,D,NFO,5,9,1.76,62,3.67,76,2.99,75,4.19,76,2.88,75,2.73,75,3.34,75,2.46,75,2.59,75,2.60,75,3.04,75,3.98,75
377,Victor Munoz,M,LIV,6.5,0.6,1.68,29,1.15,21,1.07,20,0.95,20,0.93,19,0.92,19,0.96,19,0.82,19,0.93,19,0.99,19,0.93,19,1.03,19
336,Noah Okafor,M,LEE,6,0.4,1.63,28,2.05,41,2.53,41,2.54,43,1.87,43,2.43,43,2.39,43,2.32,43,2.75,44,2.34,44,3.07,44,2.12,44
259,Issa Diop,D,IPS,4,17.1,1.61,81,1.88,73,1.98,72,2.12,71,2.47,70,1.31,69,2.49,68,2.67,68,2.04,67,2.26,67,2.32,66,2.33,66
457,Jacob Murphy,M,NEW,6,0.2,1.38,23,1.98,35,1.78,34,2.39,34,1.96,34,1.97,34,1.74,34,1.92,33,1.76,33,1.57,34,1.69,34,1.81,34
160,Alejandro Garnacho Ferreyra,M,AVL,6,0.5,1.37,28,1.56,26,1.40,26,1.35,26,1.44,28,1.38,28,1.35,29,1.61,30,1.33,30,1.73,32,1.65,32,1.74,33
439,Benjamin Sesko,F,MUN,7,1.8,1.36,18,1.45,24,1.43,23,1.39,23,1.64,23,1.41,23,1.67,23,1.42,23,1.64,23,1.38,23,1.62,23,1.50,23
271,Rodrigo Muniz,F,FUL,5.5,0.6,1.35,20,2.29,37,2.05,38,2.25,38,2.33,39,3.15,39,2.50,40,2.29,40,2.59,40,2.00,41,2.55,41,2.36,41
339,Sean Longstaff,M,LEE,5,0.1,1.35,19,1.27,21,1.40,20,1.48,21,1.16,21,1.34,21,1.34,21,1.31,21,1.46,21,1.27,21,1.56,21,1.18,21
543,Habib Diarra,M,SUN,5.5,0.1,1.34,21,1.18,23,1.09,23,1.09,22,1.22,22,1.17,22,1.30,23,1.31,23,1.27,23,1.22,23,1.35,23,1.17,23
96,Mikkel Damsgaard,M,BRE,5.5,0.5,1.33,23,2.59,46,2.31,46,2.48,46,2.41,47,2.51,47,2.94,47,2.66,47,2.30,48,2.67,48,2.29,48,2.18,48
105,Jaidon Anthony,M,BRE,6,0.2,1.30,27,1.94,38,1.73,39,1.87,39,1.82,40,1.90,40,2.25,40,2.01,40,1.74,41,2.05,41,1.74,42,1.65,42
263,Kevin,M,FUL,5.5,0.1,1.28,27,1.72,35,1.57,35,1.62,35,1.72,36,2.09,36,1.77,36,1.68,36,1.81,36,1.53,37,1.78,37,1.77,37
490,Chris Wood,F,NFO,6,1.6,1.27,23,2.35,41,2.13,41,2.87,43,2.21,43,1.91,44,2.42,44,2.21,44,2.24,44,2.26,44,2.53,44,3.00,44
73,Tyler Adams,M,BOU,5,0.2,1.25,29,1.35,34,1.36,33,1.33,33,1.27,33,1.39,33,1.24,33,1.34,33,1.32,33,1.38,33,1.31,33,1.32,33
580,Shea Charles,M,FUL,5,0.1,1.25,28,1.66,37,1.53,37,1.61,37,1.68,38,1.97,38,1.76,38,1.68,39,1.78,39,1.57,39,1.78,40,1.74,40
71,Lewis Cook,M,BOU,5,0.2,1.24,20,1.85,38,1.91,39,1.91,39,1.88,41,2.12,42,1.88,42,2.12,42,2.08,43,2.18,44,2.07,44,2.08,44
549,Chemsdine Talbi,M,SUN,5.5,0.2,1.24,27,1.24,31,1.15,30,1.11,30,1.24,30,1.19,30,1.32,30,1.31,30,1.25,30,1.22,30,1.35,30,1.18,30
600,Ibrahim Osman,M,BHA,5,0,1.24,26,1.22,24,1.16,23,0.97,22,1.04,22,1.07,22,0.99,22,0.94,21,1.05,22,1.18,22,1.09,22,1.02,22
108,Callum Wilson,F,BRE,5.5,0.4,1.23,19,1.56,24,1.45,24,1.52,24,1.47,25,1.50,25,1.74,25,1.56,25,1.42,25,1.57,25,1.42,25,1.31,25
238,Jack Grealish,M,MCI,6.5,0.2,1.21,24,1.28,22,1.02,22,0.98,19,0.89,19,1.03,19,0.92,19,0.93,19,0.91,19,0.98,19,0.79,19,0.97,19
194,Brandon Thomas-Asante,F,COV,5,0.8,1.20,16,1.39,29,1.60,29,1.57,30,1.82,30,1.65,30,1.75,30,1.77,31,1.58,31,1.79,31,1.61,31,1.96,31
313,Jack Clarke,M,IPS,5.5,0.3,1.19,22,1.73,30,1.64,30,1.70,30,1.92,31,1.45,30,1.90,30,2.19,30,1.85,30,1.78,31,1.94,31,1.94,31
369,Rio Ngumoha,M,LIV,6,1.1,1.19,20,1.75,33,1.76,33,1.58,33,1.59,34,1.60,34,1.69,34,1.49,34,1.65,34,1.69,35,1.70,35,1.86,35
553,Wilson Isidor,F,SUN,5.5,0.9,1.18,18,1.00,17,0.90,17,0.90,16,0.98,16,0.95,16,1.01,16,1.02,16,1.00,16,0.96,16,1.03,16,0.93,16
33,Tyrone Mings,D,AVL,4.5,0.4,1.16,26,1.13,20,1.02,19,0.97,18,0.94,18,0.86,18,0.85,18,0.98,18,0.80,18,1.04,18,0.94,18,1.00,18
186,Ephron Mason-Clark,M,COV,5.5,0.1,1.16,19,1.52,37,1.80,37,1.78,38,2.06,39,1.87,39,2.04,39,2.07,39,1.85,40,2.07,40,1.84,40,2.26,40
209,Brennan Johnson,M,EVE,6,0.2,1.15,22,1.15,21,1.11,20,1.18,20,1.21,20,1.10,19,0.93,19,1.05,19,1.18,19,1.02,19,1.08,19,1.05,19
347,Lukas Nmecha,F,LEE,5.5,0.5,1.15,21,1.30,27,1.59,27,1.59,28,1.13,28,1.51,28,1.44,28,1.43,28,1.65,28,1.40,28,1.87,28,1.26,28
381,Lewis Koumas,M,LIV,5,0,1.14,19,0.81,14,0.75,13,0.70,13,0.69,13,0.68,13,0.69,13,0.66,13,0.68,13,0.69,13,0.69,13,0.71,13
269,Ryan Sessegnon,D,FUL,4.5,0.4,1.12,21,1.78,34,1.44,34,1.63,34,1.81,35,2.42,36,1.93,36,1.71,36,1.87,36,1.37,37,1.86,37,1.90,37
188,Victor Torp,M,COV,5.5,0.2,1.11,17,1.08,25,1.24,25,1.19,25,1.35,25,1.24,25,1.34,25,1.35,25,1.22,25,1.32,26,1.22,26,1.46,26
373,Curtis Jones,M,LIV,5.5,0,1.11,24,1.58,37,1.64,39,1.56,41,1.65,43,1.65,44,1.79,45,1.64,46,1.78,46,1.87,47,1.84,48,2.06,48
608,Daniel Jebbison,F,BOU,5,0,1.11,18,0.98,16,0.96,15,0.94,15,0.89,15,0.93,15,0.87,15,0.91,15,0.90,15,0.91,15,0.88,15,0.89,15
102,Yehor Yarmoliuk,M,BRE,5,1.1,1.10,27,2.14,52,1.93,52,2.02,52,2.01,53,2.05,53,2.29,53,2.17,53,1.97,53,2.17,54,1.95,54,1.92,54
195,Ellis Simms,F,COV,5,1,1.09,15,1.45,31,1.69,31,1.66,32,1.90,32,1.76,33,1.86,33,1.92,33,1.71,33,1.91,34,1.73,34,2.11,34
406,Mateo Kovačić,M,MCI,5.5,0.1,1.07,24,1.36,28,1.07,28,1.10,25,1.00,25,1.16,25,1.03,25,1.07,25,1.01,25,1.10,25,0.89,25,1.10,25
605,Malick Yalcouyé,M,BHA,4.5,0.1,1.06,19,0.94,17,0.90,16,0.80,15,0.84,15,0.85,15,0.79,15,0.77,15,0.83,15,0.89,15,0.85,15,0.81,16
25,Viktor Gyökeres,F,ARS,7.4,6.8,1.05,18,1.50,25,1.33,24,1.24,24,1.48,24,1.33,24,1.47,24,1.29,23,1.98,23,1.38,24,1.29,24,1.33,24
35,Lamare Bogarde,M,AVL,5,0.1,1.03,26,0.84,19,0.78,18,0.77,18,0.77,18,0.74,18,0.72,18,0.76,18,0.71,18,0.77,18,0.76,18,0.78,18
579,Ronald Araujo,D,LIV,5.5,2.7,1.03,19,0.71,14,0.67,13,0.59,13,0.58,12,0.56,12,0.59,12,0.55,12,0.57,12,0.58,12,0.58,12,0.63,12
248,Beto,F,EVE,5.5,2.3,1.02,17,1.18,21,1.14,20,1.29,19,1.30,20,1.18,19,0.94,19,1.13,19,1.34,20,1.07,20,1.18,20,1.15,20
14,Eberechi Eze,M,ARS,6.5,1.7,0.99,18,1.30,25,1.25,25,1.17,25,1.34,25,1.26,25,1.36,25,1.20,25,1.65,25,1.29,25,1.25,25,1.27,25
52,Alysson,M,AVL,5,0,0.99,19,0.81,14,0.75,13,0.98,21,0.89,18,0.83,17,0.78,16,0.81,15,0.75,15,0.79,14,0.77,14,0.78,14
135,Zadok Yohanna,M,BHA,5,0.1,0.98,14,0.79,11,0.76,10,0.65,10,0.68,10,0.70,10,0.66,10,0.63,10,0.68,10,0.74,10,0.70,10,0.66,10
484,Omari Hutchinson,M,NFO,5.5,0.2,0.98,19,1.63,31,1.49,31,1.85,32,1.58,32,1.41,33,1.67,33,1.53,33,1.54,33,1.56,33,1.68,33,1.92,33
548,Chris Rigg,M,SUN,5,0.1,0.98,15,0.90,16,0.87,16,0.83,15,0.91,16,0.88,16,0.93,16,0.95,16,0.91,16,0.90,16,0.97,16,0.87,16
596,Matteo Ruggeri,D,AVL,4.5,0.1,0.95,18,0.86,12,0.78,12,0.77,12,0.76,12,0.71,12,0.70,12,0.77,11,0.67,11,0.80,12,0.76,12,0.78,12
90,Aaron Hickey,D,BRE,4.5,0.1,0.94,19,1.30,24,1.03,23,1.11,23,1.10,23,1.11,23,1.32,23,1.24,23,1.00,23,1.22,23,0.97,23,1.04,24
407,Claudio Echeverri,M,MCI,5,0,0.94,20,0.99,19,0.81,18,0.80,16,0.73,16,0.85,17,0.76,17,0.78,17,0.76,17,0.82,17,0.67,17,0.82,17
618,Leon Goretzka,M,AVL,6,0,0.94,21,0.86,16,0.77,15,0.00,0,0.00,0,0.00,0,0.00,0,0.00,0,0.00,0,0.00,0,0.00,0,0.00,0
243,Carlos Alcaraz Durán,M,EVE,5,0.1,0.93,10,0.93,10,0.91,10,0.91,10,0.91,10,0.86,10,0.81,10,0.84,9,0.89,9,0.83,10,0.85,10,0.84,10
616,Ayyoub Bouaddi,M,MCI,5.5,0,0.92,22,1.16,25,1.02,26,1.09,25,1.06,27,1.21,28,1.13,28,1.17,29,1.19,30,1.32,31,1.14,31,1.34,32
9,Piero Hincapié,D,ARS,5.4,1.5,0.91,18,1.19,24,1.22,23,1.08,23,1.22,23,1.16,23,1.23,22,1.04,22,1.37,22,1.08,23,1.09,23,1.06,23
287,Liam Millar,M,HUL,5,0.1,0.91,17,2.06,45,1.82,46,1.90,46,2.09,47,1.93,47,2.05,47,2.27,48,1.64,48,2.02,48,1.96,49,2.18,49
462,Sean Steur,M,NEW,5,0.1,0.91,22,2.00,53,1.90,53,2.44,53,2.13,54,2.10,54,1.94,55,2.10,55,1.96,55,1.81,55,1.88,56,1.98,56
463,Nick Woltemade,F,NEW,6,1.5,0.91,17,2.02,38,1.77,37,2.50,37,1.98,37,1.97,37,1.72,37,1.95,36,1.76,36,1.52,37,1.68,37,1.84,37
16,Noni Madueke,M,ARS,6.4,0.3,0.90,18,1.15,23,1.11,23,1.04,23,1.14,23,1.07,23,1.16,22,1.03,22,1.34,22,1.07,22,1.05,23,1.04,23
19,Martín Zubimendi Ibáñez,M,ARS,5.5,1,0.90,19,1.08,24,1.06,24,1.00,23,1.08,23,1.03,23,1.06,23,0.98,23,1.19,23,1.02,23,0.99,23,1.00,23
44,Leon Bailey,M,AVL,5.5,0.1,0.90,17,0.93,15,0.82,14,0.78,14,0.80,14,0.73,13,0.72,13,0.78,13,0.68,13,0.78,13,0.75,13,0.77,13
74,David Brooks,M,BOU,5,0.1,0.90,12,0.79,11,0.79,11,0.78,11,0.73,11,0.78,10,0.69,10,0.77,10,0.76,10,0.78,10,0.71,10,0.73,10
432,Kobbie Mainoo,M,MUN,5.5,0.9,0.90,19,1.47,37,1.42,37,1.42,36,1.59,37,1.47,38,1.58,38,1.47,38,1.63,39,1.48,39,1.59,39,1.54,39
613,Jules Ahoka,M,SUN,4.5,0,0.89,16,0.73,14,0.69,14,0.68,14,0.72,14,0.71,14,0.75,14,0.76,14,0.75,14,0.75,14,0.78,14,0.72,15
155,Enzo Fernández,M,CHE,7,4.4,0.88,15,2.35,60,4.69,59,2.83,58,3.34,57,2.94,57,3.54,57,3.06,57,3.00,57,3.36,57,2.99,57,3.32,57
343,Daniel James,M,LEE,5,0.1,0.88,14,1.16,21,1.39,21,1.43,23,1.08,23,1.36,23,1.36,23,1.29,23,1.55,23,1.33,23,1.70,23,1.20,23
222,Jørgen Strand Larsen,F,CRY,6,0.5,0.87,18,1.29,28,1.47,28,1.49,33,1.57,32,1.30,31,1.52,31,1.35,30,1.39,30,1.39,29,1.73,29,1.25,29
541,Thomas Meunier,D,SUN,4.5,0.3,0.87,18,1.51,48,1.69,50,1.83,74,2.71,73,2.26,72,3.01,72,3.08,71,2.67,71,2.54,70,3.37,70,2.06,70
76,Alex Tóth,M,BOU,5,0,0.85,14,0.77,13,0.74,13,0.74,12,0.70,12,0.74,12,0.68,12,0.74,12,0.71,12,0.73,12,0.70,12,0.71,12
126,Matt O'Riley,M,BHA,5.5,0.1,0.85,16,0.95,15,0.94,15,1.01,22,1.10,20,1.12,19,0.95,18,0.82,17,0.99,17,1.15,16,1.00,16,0.87,16
130,Mats Wieffer,D,BHA,5,0.4,0.85,20,3.62,64,3.67,64,2.91,66,3.51,66,3.63,66,2.76,66,2.43,65,3.30,65,4.14,65,3.52,65,2.89,65
482,Callum Hudson-Odoi,M,NFO,6,0.2,0.85,20,0.96,19,0.88,19,1.15,21,0.93,21,0.84,21,0.99,21,0.93,21,0.90,21,0.93,21,1.01,21,1.13,21
324,Anis Mehmeti,M,IPS,5,0,0.84,21,1.22,27,1.16,27,1.20,28,1.37,28,1.10,28,1.35,28,1.49,28,1.35,28,1.29,29,1.40,29,1.39,29
156,Pedro Neto,M,CHE,6.5,1.2,0.83,14,0.95,23,1.49,23,1.04,22,1.14,22,1.09,22,1.20,23,1.12,23,1.11,23,1.19,23,1.09,23,1.20,23
323,Kasey McAteer,M,IPS,4.5,1.4,0.83,18,1.21,26,1.15,25,1.20,26,1.32,26,1.07,26,1.31,26,1.47,26,1.30,26,1.27,26,1.35,26,1.36,26
341,Wilfried Gnonto,M,LEE,5,0,0.82,16,0.82,17,0.91,17,0.69,13,0.63,14,0.75,15,0.75,15,0.76,15,0.83,15,0.76,15,0.88,15,0.72,15
166,Nicolas Jackson,F,CHE,6.5,0.3,0.80,11,0.50,9,0.89,10,0.57,9,0.66,9,0.61,10,0.72,10,0.66,10,0.62,10,0.72,10,0.67,11,0.74,11
395,Rico Lewis,D,MCI,4.5,0.3,0.80,20,1.44,31,1.00,30,1.22,28,0.95,28,1.25,28,1.05,28,1.09,28,1.07,28,1.20,28,0.87,28,1.16,28
523,Mikey Moore,M,TOT,5,0.2,0.80,14,2.88,56,3.09,57,3.21,58,2.68,60,3.78,61,2.86,61,3.36,62,3.01,62,3.74,63,3.16,63,3.46,63
405,Nico González Iglesias,M,NEW,5.5,0.2,0.78,17,0.68,14,0.64,14,0.00,0,0.00,0,0.00,0,0.00,0,0.00,0,0.00,0,0.00,0,0.00,0,0.00,0
415,Patrick Dorgu,M,MUN,6,1.1,0.78,13,1.48,30,1.47,30,1.46,30,1.73,31,1.58,32,1.67,32,1.55,32,1.78,32,1.56,33,1.73,33,1.67,33
592,Abdoul Ouattara,D,IPS,4,1,0.78,14,0.99,21,1.01,21,1.07,21,1.20,22,0.89,22,1.23,22,1.28,22,1.12,22,1.19,23,1.24,23,1.24,23
614,Jaouen Hadjam,D,BHA,4.5,0,0.78,21,0.74,15,0.74,15,0.61,14,0.73,15,0.75,15,0.61,16,0.57,16,0.74,16,0.93,17,0.83,18,0.73,18
224,Eddie Nketiah,F,CRY,5.5,0.5,0.77,13,2.12,40,2.82,41,2.23,44,2.71,46,2.16,46,2.83,46,2.49,47,2.64,47,2.79,48,4.00,48,2.37,48
556,Matt Targett,D,HUL,4,2.3,0.77,14,1.03,22,0.74,22,0.80,23,1.04,23,0.89,23,0.89,23,1.10,23,0.71,23,0.91,24,0.87,24,1.08,24
409,Divine Mukasa,M,MCI,4.5,0.2,0.76,14,0.88,14,0.71,14,0.71,13,0.65,13,0.78,13,0.68,13,0.69,13,0.68,13,0.74,13,0.58,13,0.73,14
493,Arnaud Kalimuendo,F,NFO,5.5,0.1,0.76,16,2.01,40,1.93,42,2.48,44,2.16,47,1.95,48,2.36,48,2.19,49,2.22,49,2.31,50,2.46,50,2.89,50
281,Cody Drameh,D,HUL,4,0.1,0.75,17,1.05,28,0.76,27,0.83,28,1.05,28,0.91,28,0.91,29,1.11,29,0.74,29,0.93,29,0.89,29,1.10,29
42,Evann Guessand,M,CRY,5.5,0,0.74,15,0.77,16,0.83,16,0.78,16,0.79,16,0.74,16,0.80,16,0.76,16,0.77,16,0.78,16,0.91,16,0.73,16
167,Liam Delap,F,NFO,5.5,0.5,0.74,16,0.69,14,0.65,14,0.00,0,0.00,0,0.00,0,0.00,0,0.00,0,0.00,0,0.00,0,0.65,15,0.00,0
255,Jorge Cuenca Barreno,D,FUL,4.5,0,0.74,14,1.57,33,1.29,34,1.47,35,1.64,37,2.05,37,1.78,38,1.60,38,1.70,38,1.32,39,1.69,39,1.81,39
23,Fábio Vieira,M,ARS,5.5,0,0.73,11,0.68,11,0.64,10,0.61,10,0.66,10,0.64,10,0.67,10,0.62,10,0.75,10,0.64,10,0.64,10,0.62,11
72,Ben Gannon-Doak,M,BOU,5,0.1,0.73,8,0.64,7,0.63,7,0.61,7,0.58,7,0.60,7,0.57,6,0.59,6,0.58,6,0.59,6,0.57,6,0.58,6
157,Estêvão,M,CHE,6.5,1.1,0.73,11,0.90,21,1.49,21,1.01,21,1.15,21,1.08,21,1.23,22,1.11,22,1.12,22,1.22,22,1.11,22,1.20,22
296,David Akintola,M,HUL,5,0,0.73,15,1.32,30,1.17,31,1.25,32,1.40,34,1.33,34,1.39,35,1.57,35,1.19,36,1.44,37,1.41,37,1.56,37
389,Matheus Nunes,D,MCI,6,1.5,0.73,20,2.59,54,1.75,56,2.56,54,1.78,55,2.58,55,2.11,56,2.18,56,2.20,56,2.48,56,1.74,56,2.39,56
478,Luca Netz,D,NFO,4.5,0,0.73,20,0.88,19,0.79,19,1.00,20,0.84,20,0.80,20,0.87,20,0.78,20,0.79,20,0.79,20,0.87,20,0.97,20
563,Hidemasa Morita,M,HUL,5,0,0.72,19,0.69,18,0.63,17,0.67,18,0.69,18,0.65,18,0.67,18,0.69,18,0.61,18,0.66,18,0.65,18,0.67,18
559,Aladji Bamba,M,NEW,5,0.1,0.72,15,0.70,15,0.65,14,0.77,14,0.69,14,0.67,14,0.64,14,0.67,14,0.63,14,0.60,14,0.61,14,0.65,14
392,Rayan Aït-Nouri,D,MCI,5.5,0.8,0.71,13,1.06,16,0.73,16,0.89,15,0.68,15,0.92,15,0.77,15,0.80,15,0.80,15,0.87,15,0.64,15,0.86,15
489,Ryan Yates,M,NFO,4.5,1.4,0.71,18,0.88,20,0.80,20,0.67,14,0.62,15,0.60,16,0.71,17,0.68,17,0.70,17,0.72,17,0.74,17,0.81,17
585,Lucas Herrington,D,HUL,4,0.6,0.71,20,0.96,29,0.69,28,0.75,29,0.97,29,0.85,29,0.84,29,1.02,30,0.68,30,0.87,30,0.83,30,1.02,30
611,Aaron Wan-Bissaka,D,AVL,4.5,0,0.71,20,0.49,11,0.46,11,0.45,11,0.44,11,0.42,11,0.42,11,0.49,11,0.41,11,0.54,12,0.49,12,0.52,12
410,Jeremy Monga,M,MCI,5,0,0.70,16,0.71,15,0.63,15,0.59,13,0.56,13,0.61,14,0.58,14,0.58,14,0.58,14,0.60,14,0.55,14,0.61,14
66,Julio Soler Barreto,D,BOU,4,0.2,0.69,16,0.47,13,0.52,14,0.53,14,0.54,16,0.75,17,0.56,17,0.72,18,0.71,18,0.81,19,0.74,20,0.74,20
487,Nicolás Domínguez,M,NFO,5,0.1,0.68,16,1.54,34,1.44,35,1.77,36,1.50,37,1.38,37,1.61,37,1.47,37,1.50,37,1.50,37,1.61,38,1.87,38
506,Destiny Udogie,D,TOT,4.5,0.5,0.68,14,1.53,39,1.67,39,1.63,39,1.18,40,1.90,40,1.24,40,1.65,41,1.44,41,1.86,41,1.70,41,1.76,42
320,Chuba Akpom,F,IPS,5,0.5,0.67,13,0.73,13,0.67,13,0.73,13,0.76,13,0.65,13,0.77,13,0.85,13,0.76,13,0.70,13,0.77,13,0.78,13
321,Sindre Walle Egeli,F,IPS,4.5,2.5,0.67,13,0.87,18,0.84,18,0.85,18,0.93,18,0.79,18,0.91,18,1.01,18,0.90,18,0.85,18,0.92,18,0.93,18
539,Luke O'Nien,D,SUN,4,3.4,0.66,20,1.19,41,1.36,41,1.05,41,1.52,42,1.31,43,1.73,43,1.74,43,1.55,44,1.54,44,2.01,44,1.30,44
599,Sidiki Cherif,F,COV,5,0.1,0.66,12,0.56,12,0.58,12,0.58,13,0.60,13,0.58,13,0.59,12,0.60,12,0.57,12,0.61,13,0.57,13,0.62,13
231,Michael Keane,D,EVE,5,1.4,0.65,15,1.80,44,1.99,44,2.16,43,2.25,45,1.87,45,1.53,45,1.74,46,2.40,46,1.66,47,1.92,47,1.90,47
470,Morato,D,NFO,5,0,0.65,18,1.99,43,1.73,44,2.37,46,1.84,47,1.79,48,2.10,48,1.68,49,1.76,49,1.76,50,2.03,50,2.51,50
262,Emile Smith Rowe,M,FUL,5.5,0.4,0.64,15,2.11,44,1.86,45,2.08,46,2.22,47,3.00,48,2.41,48,2.21,49,2.45,49,1.94,49,2.40,50,2.33,50
401,Omar Marmoush,F,TOT,7,1.2,0.64,12,0.45,10,0.47,10,0.00,0,0.00,0,0.00,0,0.00,0,0.00,0,0.00,0,0.00,0,0.00,0,0.00,0
583,Pep Chavarría,D,CHE,5,0.2,0.64,16,0.74,23,1.16,24,0.75,22,0.88,23,0.88,23,1.07,23,0.86,24,0.98,24,0.99,24,0.94,24,1.01,24
285,Paddy McNair,D,HUL,4,0.1,0.63,19,0.73,23,0.51,23,0.56,23,0.72,23,0.62,23,0.62,23,0.76,23,0.48,23,0.62,23,0.59,23,0.74,23
247,Hayden Hackney,M,EVE,5.5,0.3,0.62,14,2.01,46,2.26,51,2.95,61,3.16,62,2.81,63,2.39,64,2.75,64,3.24,64,2.66,65,2.86,65,2.82,65
466,Sean Neave,F,NEW,4.5,0.8,0.62,6,0.58,7,0.48,6,0.72,6,0.56,6,0.56,6,0.47,6,0.54,6,0.47,6,0.39,6,0.44,6,0.51,6
216,Romain Esse,M,CRY,5,0,0.61,12,1.07,22,1.26,22,1.11,23,1.28,24,1.09,24,1.31,25,1.24,25,1.27,26,1.38,26,1.74,27,1.23,27
272,Jonah Kusi-Asare,F,FUL,4.5,6.9,0.61,9,0.60,9,0.57,9,0.58,9,0.59,9,0.67,9,0.59,9,0.57,9,0.59,9,0.54,9,0.59,9,0.57,9
547,Romaine Mundle,M,SUN,5,0,0.61,13,0.52,13,0.49,12,0.48,12,0.55,12,0.53,12,0.58,13,0.56,13,0.56,13,0.55,13,0.61,13,0.54,13
164,Geovany Quenda,M,CHE,5.5,0,0.60,8,0.53,8,0.63,8,0.50,7,0.52,7,0.51,7,0.53,7,0.51,7,0.51,7,0.52,7,0.51,7,0.52,7
187,Josh Eccles,M,COV,5,0,0.60,10,0.53,12,0.58,12,0.58,12,0.61,12,0.59,12,0.63,12,0.63,12,0.58,12,0.62,12,0.58,13,0.66,13
292,Abdülkadir Ömür,M,HUL,5,0,0.60,14,1.59,43,1.51,45,1.61,47,1.85,51,1.79,52,1.89,53,2.03,54,1.71,55,1.95,56,1.92,56,2.07,56
364,Kostas Tsimikas,D,LIV,5,0.1,0.60,13,0.45,11,0.46,10,0.37,10,0.38,11,0.38,11,0.43,11,0.41,11,0.43,11,0.44,12,0.45,12,0.56,12
474,Jair Cunha,D,NFO,4.5,0.2,0.60,19,2.46,62,2.06,62,3.05,69,2.21,68,2.15,68,2.47,68,1.89,67,1.97,67,1.94,67,2.27,67,2.84,67
501,Kevin Danso,D,TOT,5,0.2,0.60,13,0.94,21,0.98,20,0.95,20,0.77,20,1.08,20,0.80,20,0.96,20,0.87,21,1.04,21,0.95,21,1.01,21
56,Tammy Abraham,F,AVL,5.5,0.1,0.59,10,0.63,9,0.57,9,0.57,9,0.59,9,0.56,9,0.54,9,0.58,9,0.53,9,0.60,9,0.58,9,0.60,9
119,Costinha,D,BHA,4.5,0,0.59,22,0.57,17,0.54,16,0.46,15,0.49,15,0.50,15,0.44,15,0.41,15,0.47,15,0.53,15,0.49,15,0.45,15
345,Tanaka Ao,M,LEE,5,0.2,0.59,13,1.59,37,1.85,38,1.95,40,1.62,41,1.89,42,1.95,42,1.85,42,2.13,42,1.89,43,2.29,43,1.77,43
512,Mohammed Kudus,M,TOT,6.5,0.1,0.59,10,0.87,19,0.94,19,0.85,18,0.73,18,0.98,19,0.79,19,0.90,19,0.84,19,0.96,19,0.84,19,0.92,19
598,Nico Elvedi,D,LEE,4.5,0,0.59,12,0.96,22,1.12,23,1.26,24,1.02,25,1.18,26,1.35,26,1.14,26,1.49,27,1.18,27,1.59,28,1.06,28
22,Ethan Nwaneri,M,ARS,5.5,0,0.58,16,0.57,15,0.55,15,0.51,15,0.57,15,0.53,15,0.57,15,0.50,15,0.72,15,0.54,15,0.51,15,0.52,15
31,Ezri Konsa Ngoyo,D,ARS,4.5,10.8,0.58,12,0.70,15,0.78,15,0.72,16,0.93,18,0.91,19,0.99,19,0.84,19,1.17,20,0.97,21,0.95,21,0.94,22
219,Jesurun Rak-Sakyi,M,CRY,5,0,0.58,14,0.92,24,1.07,25,0.97,26,1.14,28,1.01,29,1.19,30,1.15,30,1.20,31,1.29,32,1.59,33,1.20,33
594,Promise David,F,BHA,6,0.3,0.58,12,0.63,11,0.61,10,0.42,10,0.50,10,0.57,10,0.48,10,0.44,10,0.55,10,0.66,10,0.57,10,0.53,10
191,Raphael Borges Rodrigues,M,COV,4.5,0.2,0.57,13,0.47,12,0.50,13,0.51,13,0.54,14,0.55,14,0.57,14,0.59,15,0.59,15,0.62,16,0.63,17,0.67,17
218,Cheick Doucouré,M,CRY,5,0.1,0.57,13,0.58,14,0.63,14,0.61,15,0.68,15,0.64,16,0.71,16,0.70,17,0.73,17,0.79,18,0.90,19,0.74,19
528,Dane Scarlett,F,TOT,4.5,1.7,0.57,11,0.43,9,0.44,9,0.45,9,0.42,9,0.49,9,0.42,9,0.45,9,0.43,9,0.48,9,0.44,9,0.47,10
619,Exequiel Palacios,M,IPS,5,0,0.57,12,0.56,12,0.53,12,0.00,0,0.00,0,0.00,0,0.00,0,0.00,0,0.00,0,0.00,0,0.00,0,0.00,0
213,Jefferson Lerma Solís,M,CRY,5,0.1,0.56,13,0.94,24,1.01,23,0.95,24,1.00,24,0.88,24,0.97,24,0.95,24,0.92,23,0.97,23,1.11,23,0.87,23
217,Matheus França,M,CRY,5,0,0.56,12,0.94,20,1.11,21,0.97,22,1.13,23,0.95,24,1.19,24,1.10,24,1.15,25,1.26,26,1.62,26,1.12,27
235,Adam Aznou,D,EVE,4,0.2,0.56,9,0.57,9,0.57,9,0.57,9,0.57,9,0.53,9,0.49,9,0.51,8,0.56,8,0.50,8,0.52,9,0.52,9
331,Gabriel Gudmundsson,D,LEE,4.5,0,0.56,13,1.68,55,2.27,59,1.67,40,1.23,44,1.70,48,2.05,51,1.68,54,2.53,54,1.64,55,2.68,55,1.37,55
422,Noussair Mazraoui,D,MUN,4.5,0.7,0.56,13,1.40,34,1.25,34,1.37,33,1.71,34,1.38,35,1.46,35,1.23,35,1.64,35,1.24,36,1.48,36,1.34,36
424,Harry Amass,D,MUN,4,0.2,0.56,12,0.53,12,0.51,13,0.56,13,0.72,15,0.64,15,0.69,16,0.64,17,0.79,17,0.66,18,0.79,18,0.73,19
430,Mason Mount,M,MUN,5.5,0,0.55,9,1.01,21,0.99,21,1.00,21,1.13,21,1.00,21,1.08,21,1.00,21,1.12,21,0.99,21,1.09,21,1.02,21
437,Bendito Mantato,M,MUN,4.5,0.2,0.55,10,0.43,8,0.41,8,0.41,8,0.44,8,0.41,8,0.43,8,0.41,8,0.44,8,0.41,8,0.43,8,0.42,9
440,Joshua Zirkzee,F,MUN,5.5,0.5,0.55,8,0.53,9,0.51,9,0.49,8,0.57,8,0.50,8,0.52,8,0.47,8,0.55,8,0.47,8,0.55,8,0.51,8
93,Jannik Schuster,D,BRE,4.5,0.2,0.54,12,1.30,25,0.97,25,1.08,25,1.11,26,1.12,27,1.38,27,1.34,27,1.06,28,1.37,28,1.04,29,1.15,29
435,Shea Lacey,M,MUN,5,0,0.54,9,0.51,10,0.49,10,0.46,9,0.51,9,0.47,9,0.48,9,0.46,9,0.49,9,0.45,9,0.47,9,0.46,9
498,Marcos Senesi Barón,D,TOT,6,7.6,0.54,11,2.18,46,2.48,49,3.55,71,2.57,70,3.91,70,2.65,69,3.33,69,2.94,69,3.66,68,3.26,68,3.47,68
527,Richarlison,F,TOT,6,2.8,0.54,10,1.38,27,1.42,27,1.51,27,1.25,28,1.77,28,1.34,29,1.54,29,1.36,29,1.75,29,1.42,29,1.59,30
595,Zavier Gozo,M,CRY,5,0,0.54,12,0.55,13,0.63,13,0.58,14,0.64,14,0.58,14,0.66,15,0.65,15,0.66,16,0.71,16,0.88,17,0.68,17
436,Toby Collyer,M,MUN,5,0,0.53,11,0.44,10,0.43,10,0.42,9,0.45,9,0.42,9,0.44,9,0.42,9,0.45,9,0.42,10,0.44,10,0.43,10
201,Daniel Muñoz Mejía,D,CRY,5.5,8.3,0.52,16,2.75,66,3.46,66,2.79,70,3.41,70,2.45,69,3.09,69,3.13,69,2.82,69,3.26,69,4.16,69,2.43,69
452,Bruno Guimarães,M,ARS,6.9,2.8,0.52,10,1.76,36,1.78,37,1.72,39,2.05,39,1.92,40,2.10,41,1.88,41,2.61,41,1.98,41,1.91,41,1.93,41
617,Mohamed-Ali Cho,M,HUL,5,0,0.52,11,0.52,11,0.47,11,0.00,0,0.00,0,0.00,0,0.00,0,0.00,0,0.00,0,0.00,0,0.00,0,0.00,0
420,Leny Yoro,D,MUN,5,0.6,0.51,10,0.58,13,0.52,13,0.54,12,0.63,13,0.54,13,0.57,13,0.51,13,0.61,13,0.51,13,0.57,13,0.54,13
446,Fabian Schär,D,NEW,5,0.3,0.51,13,0.58,13,0.53,13,0.72,13,0.62,13,0.60,13,0.53,13,0.62,13,0.56,13,0.54,14,0.52,14,0.57,14
520,Lucas Bergvall,M,TOT,5.5,0.2,0.51,11,0.84,23,0.84,23,1.08,30,0.92,29,1.06,28,0.89,28,0.95,27,0.89,27,0.98,27,0.90,26,0.93,26
169,Shumaira Mheuka,F,CHE,4.5,0.3,0.50,8,0.37,7,0.53,7,0.37,7,0.41,7,0.38,7,0.42,7,0.40,7,0.39,7,0.41,7,0.39,7,0.42,7
361,Wellity Lucky,D,LIV,4,0.1,0.50,10,0.30,6,0.29,6,0.26,6,0.27,6,0.26,6,0.27,6,0.26,6,0.27,6,0.28,6,0.29,6,0.31,6
27,Gabriel Jesus,F,ARS,6,0.3,0.49,8,0.59,10,0.55,10,0.50,10,0.57,9,0.53,9,0.55,9,0.51,9,0.70,9,0.53,9,0.52,9,0.53,9
571,Florentino,M,IPS,5,0.1,0.49,12,0.93,24,0.95,24,0.99,25,1.04,25,0.94,25,1.05,25,1.09,25,1.03,25,1.03,26,1.05,26,1.06,26
256,Kenny Tete,D,FUL,4.5,0.3,0.48,10,1.11,23,0.88,23,1.01,23,1.14,24,1.51,24,1.23,24,1.09,25,1.19,25,0.87,25,1.16,25,1.21,25
524,Callum Olusesi,M,TOT,4.5,0.8,0.48,9,0.35,7,0.34,7,0.35,7,0.33,7,0.37,7,0.33,7,0.35,7,0.33,7,0.36,7,0.34,7,0.35,7
606,Triston Rowe,D,AVL,4,0.1,0.48,15,0.42,10,0.39,9,0.36,9,0.33,9,0.30,9,0.29,9,0.36,9,0.27,9,0.38,9,0.34,9,0.37,9
3,Illan Meslier,G,ARS,5,0,0.47,17,0.47,16,0.48,16,0.46,16,0.48,16,0.47,16,0.49,16,0.45,16,0.50,16,0.46,16,0.46,16,0.46,16
479,Tyler Bindon,D,NFO,4,0.2,0.47,11,0.43,9,0.41,9,0.49,10,0.45,10,0.45,10,0.47,10,0.44,11,0.45,11,0.46,11,0.49,11,0.53,11
522,Archie Gray,M,TOT,5,0.2,0.47,10,1.40,39,1.47,39,1.48,39,1.30,40,1.67,41,1.36,41,1.52,41,1.43,42,1.65,42,1.49,42,1.57,43
578,Mykhailo Mudryk,M,CHE,5.5,0,0.47,9,0.37,8,0.50,8,0.37,8,0.40,8,0.38,8,0.41,8,0.39,8,0.39,8,0.41,8,0.39,8,0.42,8
17,Mikel Merino Zazón,M,ARS,6,0.6,0.46,8,0.44,8,0.42,8,0.39,8,0.43,8,0.40,8,0.43,7,0.39,7,0.51,7,0.40,7,0.40,7,0.40,7
89,Rico Henry,D,BRE,4.5,0.2,0.46,11,1.24,26,0.90,26,1.02,26,1.05,27,1.05,28,1.32,28,1.28,28,0.97,29,1.30,29,0.93,29,1.08,29
288,Kieran Dowell,M,HUL,4.5,0.4,0.46,10,0.52,11,0.45,11,0.47,11,0.50,11,0.47,11,0.49,11,0.53,11,0.40,11,0.48,11,0.47,11,0.51,11
38,Andrés García,D,AVL,4,1.7,0.45,11,0.31,6,0.29,6,0.30,7,0.30,7,0.29,7,0.29,7,0.31,7,0.28,7,0.33,7,0.32,7,0.33,7
151,Josh Acheampong,D,CHE,4.5,0.4,0.45,9,0.76,22,1.14,22,0.75,21,0.87,21,0.87,21,1.05,22,0.84,22,0.96,22,0.96,22,0.91,22,0.97,22
189,George Shepherd,M,COV,4.5,0.3,0.45,9,0.35,8,0.36,8,0.37,8,0.38,8,0.37,8,0.38,8,0.39,8,0.37,8,0.39,8,0.38,8,0.41,8
375,Trey Nyoni,M,LIV,5,0,0.45,8,0.36,7,0.34,7,0.31,7,0.30,7,0.31,7,0.31,7,0.29,6,0.30,6,0.31,7,0.30,7,0.32,7
461,Bazoumana Touré,M,NEW,6,0.2,0.45,10,1.11,23,1.00,22,1.42,22,1.15,23,1.13,23,1.00,23,1.15,23,1.04,23,0.89,24,0.98,24,1.09,24
20,Max Dowman,M,ARS,5.4,0.1,0.44,9,0.50,10,0.48,10,0.45,10,0.52,10,0.47,10,0.50,10,0.45,10,0.58,10,0.48,10,0.45,10,0.46,10
181,Miguel Brau,D,COV,4,0,0.44,5,0.39,6,0.41,6,0.41,6,0.42,6,0.42,6,0.43,6,0.43,6,0.41,6,0.42,6,0.41,6,0.43,6
185,Tatsuhiro Sakamoto,M,COV,5,0.1,0.44,9,1.06,33,1.26,34,1.27,35,1.42,37,1.39,37,1.49,37,1.50,38,1.38,38,1.53,39,1.39,39,1.62,39
537,Jenson Seelt,D,SUN,4.5,0,0.44,10,0.34,8,0.34,8,0.32,8,0.35,9,0.34,9,0.37,9,0.38,9,0.37,9,0.37,9,0.40,9,0.36,9
81,Álvaro Rodríguez,F,BOU,6,0.1,0.43,8,0.39,8,0.38,8,0.38,8,0.35,8,0.39,8,0.35,8,0.38,8,0.38,8,0.39,8,0.36,8,0.37,8
117,Diego Coppola,D,BHA,4.5,0,0.43,10,0.32,7,0.31,7,0.28,6,0.30,6,0.31,7,0.28,7,0.28,7,0.31,7,0.35,7,0.33,7,0.31,7
328,Pascal Struijk,D,BHA,5,0.2,0.43,16,0.48,14,0.45,13,0.37,12,0.40,12,0.41,12,0.35,12,0.33,12,0.38,12,0.43,12,0.40,12,0.36,12
104,Frank Onyeka,M,COV,5,0.2,0.43,10,1.71,56,1.97,58,1.99,58,2.16,60,2.10,60,2.19,61,2.26,61,2.07,61,2.22,62,2.08,62,2.36,62
234,Nathan Patterson,D,EVE,4.5,0,0.43,10,0.44,10,0.45,10,0.45,9,0.45,9,0.41,9,0.38,9,0.39,9,0.44,9,0.39,9,0.40,9,0.40,9
270,Harrison Reed,M,FUL,4.5,1.4,0.43,11,0.85,22,0.77,22,0.84,22,0.87,23,1.04,23,0.91,23,0.84,23,0.91,23,0.78,23,0.92,23,0.91,24
421,Ayden Heaven,D,MUN,4.5,0.4,0.43,9,1.32,33,1.17,34,1.29,33,1.62,34,1.32,34,1.38,35,1.20,35,1.55,35,1.19,36,1.40,36,1.30,36
515,James Maddison,M,TOT,6.5,1,0.43,7,0.41,8,0.42,8,0.44,8,0.40,8,0.46,8,0.41,8,0.43,8,0.41,8,0.45,8,0.42,8,0.43,8
178,Jake Bidwell,D,COV,4,0.1,0.42,10,0.43,18,0.57,18,0.59,18,0.62,19,0.66,19,0.69,19,0.73,19,0.60,19,0.68,19,0.58,19,0.75,20
232,Jake O'Brien,D,EVE,5,0.4,0.42,12,0.89,24,0.98,24,1.04,23,1.08,24,0.88,24,0.71,24,0.81,24,1.16,24,0.78,24,0.90,25,0.90,25
245,Tyler Dibling,M,EVE,5.5,0,0.42,10,0.64,16,0.65,15,0.65,15,0.67,15,0.61,15,0.54,15,0.58,15,0.67,15,0.59,15,0.62,15,0.61,15
92,Kim Ji-Soo,D,BRE,4.5,0,0.41,10,0.42,9,0.36,9,0.38,9,0.38,9,0.38,9,0.42,9,0.42,9,0.36,9,0.42,10,0.36,10,0.38,10
103,Josh Dasilva,M,BRE,5,0,0.41,5,0.40,5,0.38,5,0.38,5,0.37,5,0.37,5,0.39,5,0.37,5,0.35,5,0.37,5,0.35,5,0.34,5
441,Chido Obi,F,MUN,4.5,1.1,0.41,7,0.34,7,0.34,7,0.33,6,0.36,6,0.33,6,0.35,6,0.33,6,0.36,6,0.33,6,0.35,6,0.34,7
279,Semi Ajayi,D,HUL,4,1.9,0.40,9,2.03,49,1.42,50,1.55,51,2.15,53,1.79,53,1.81,53,2.32,53,1.33,54,1.83,54,1.74,54,2.24,55
153,Axel Disasi,D,CRY,4.5,0.1,0.39,11,0.56,14,0.66,15,0.00,0,0.00,0,0.00,0,0.00,0,0.00,0,0.00,0,0.00,0,0.00,0,0.67,16
158,Jamie Bynoe-Gittens,M,CHE,6,0,0.39,6,0.35,6,0.45,6,0.34,6,0.36,6,0.35,6,0.37,6,0.35,6,0.35,6,0.36,6,0.35,6,0.36,6
174,Liam Kitching,D,COV,4,0.7,0.39,8,0.82,33,1.20,34,1.24,34,1.34,35,1.39,36,1.50,36,1.63,36,1.28,37,1.46,37,1.26,38,1.65,38
307,Ben Johnson,D,IPS,4,0.1,0.39,11,0.55,15,0.56,15,0.60,15,0.68,16,0.47,16,0.68,16,0.73,16,0.61,16,0.65,16,0.67,16,0.68,16
476,Omar Richards,D,NFO,4,0.2,0.39,10,0.40,9,0.38,9,0.46,10,0.41,10,0.41,10,0.43,10,0.40,10,0.41,10,0.41,10,0.43,10,0.47,10
568,Valentín Barco,M,CHE,5.5,0.1,0.39,7,0.63,17,1.11,17,0.77,16,0.89,17,0.85,17,1.00,18,0.87,18,0.90,18,0.96,19,0.93,19,1.00,19
607,Luka Lynch,M,AVL,4.5,0.1,0.39,11,0.31,7,0.28,7,0.26,6,0.26,6,0.24,6,0.23,6,0.25,6,0.23,6,0.26,6,0.25,6,0.26,6
303,Cédric Kipré,D,IPS,4,0.6,0.37,10,0.76,24,0.77,24,0.84,24,0.96,25,0.62,24,0.98,24,1.05,24,0.86,25,0.93,25,0.97,25,0.98,25
136,Danny Welbeck,F,CHE,6,1,0.36,6,0.71,18,1.37,18,0.89,18,1.07,18,0.96,19,1.17,19,1.05,19,1.00,19,1.16,20,1.03,20,1.14,20
519,Conor Gallagher,M,TOT,5.5,0.3,0.36,9,1.10,30,1.14,30,1.18,31,1.05,32,1.35,32,1.10,32,1.23,32,1.16,33,1.35,33,1.19,33,1.27,33
602,Cameron Humphreys,M,IPS,4.5,0,0.36,10,0.92,24,0.91,24,0.93,25,1.05,26,0.89,26,1.09,27,1.14,27,1.08,27,1.10,28,1.12,28,1.14,28
192,Kai Andrews,M,COV,4.5,0.6,0.35,7,0.31,7,0.32,7,0.32,7,0.33,8,0.33,8,0.33,8,0.34,8,0.33,8,0.33,8,0.33,8,0.34,8
560,Mike Penders,G,CHE,4.5,0.1,0.34,9,0.73,24,1.15,25,0.78,25,0.95,26,0.98,27,1.21,27,0.95,28,1.13,28,1.14,28,1.06,29,1.13,29
50,Bradley Burrowes,M,AVL,4.5,0.7,0.33,9,0.27,6,0.25,5,0.22,5,0.23,5,0.21,5,0.21,5,0.21,5,0.18,5,0.22,5,0.21,5,0.22,5
374,Endo Wataru,M,LIV,5,0.1,0.33,8,0.29,7,0.26,7,0.24,6,0.24,6,0.24,6,0.24,6,0.23,6,0.24,6,0.24,6,0.24,6,0.26,6
378,James McConnell,M,LIV,4.5,0.3,0.33,8,0.26,7,0.25,7,0.24,7,0.23,7,0.23,7,0.24,7,0.23,7,0.24,7,0.25,7,0.25,7,0.27,7
438,Tyler Fletcher,M,MUN,4.5,0.3,0.33,6,0.32,7,0.31,7,0.30,7,0.32,7,0.30,7,0.31,7,0.29,7,0.31,7,0.29,7,0.31,7,0.30,7
508,Ben Davies,D,TOT,4,1,0.33,8,1.04,23,1.14,24,1.12,24,0.85,25,1.43,26,0.91,26,1.20,26,1.03,27,1.41,27,1.21,27,1.32,28
83,Hákon Rafn Valdimarsson,G,BRE,4.5,0.1,0.32,9,0.59,14,0.43,14,0.48,14,0.49,14,0.48,14,0.59,15,0.59,15,0.45,15,0.59,15,0.44,15,0.50,15
147,Tosin Adarabioyo,D,CHE,4.5,0.2,0.32,7,0.39,10,0.51,10,0.38,9,0.42,10,0.42,10,0.47,10,0.41,10,0.45,10,0.46,10,0.44,10,0.46,10
152,Marco Palestra,D,CHE,5.5,2.2,0.32,8,1.11,40,2.18,43,1.29,44,1.64,45,1.66,46,2.11,46,1.61,47,1.86,47,1.89,47,1.74,47,1.88,47
610,Luc De Fougerolles,D,FUL,4,0.1,0.32,7,0.94,20,0.75,21,0.98,24,1.09,24,1.38,24,1.15,24,1.01,24,1.07,24,0.78,25,1.04,25,1.12,25
434,Jack Fletcher,M,MUN,5,0,0.31,8,0.28,8,0.27,8,0.26,8,0.29,8,0.26,7,0.27,7,0.26,7,0.28,7,0.25,7,0.27,7,0.26,7
159,Moisés Caicedo,M,CHE,5.5,2.9,0.30,8,1.63,51,2.43,55,1.94,57,2.22,59,2.21,60,2.47,61,2.26,63,2.37,63,2.45,63,2.32,63,2.40,63
179,Joel Latibeaudiere,D,COV,4,0,0.30,7,0.51,27,0.80,28,0.84,28,0.88,30,0.95,30,1.01,30,1.11,30,0.87,31,0.99,31,0.83,31,1.12,31
212,Will Hughes,M,CRY,4.5,10.8,0.30,7,0.46,13,0.51,13,0.48,13,0.51,13,0.46,13,0.49,13,0.49,13,0.47,13,0.50,13,0.56,13,0.45,13
589,Lucas Gourna-Douath,M,HUL,5,0,0.30,9,0.62,20,0.57,20,0.59,20,0.64,21,0.62,21,0.63,21,0.68,21,0.59,22,0.65,22,0.64,22,0.69,22
601,Luca Williams-Barnett,M,TOT,4.5,0.1,0.29,5,0.25,5,0.25,4,0.25,4,0.23,4,0.26,4,0.23,4,0.24,4,0.23,4,0.25,4,0.23,4,0.24,4
28,Emiliano Martínez,G,AVL,5,4.1,0.28,9,2.89,68,2.86,69,2.71,69,2.41,70,2.26,70,2.20,70,2.84,70,2.04,71,3.17,71,2.69,71,2.89,71
163,Dário Essugo,M,CHE,4.5,0.2,0.28,6,0.25,6,0.32,6,0.24,5,0.26,5,0.25,5,0.26,5,0.25,5,0.25,5,0.26,5,0.25,5,0.26,5
509,Jun'ai Byfield,D,TOT,4,0.1,0.28,6,0.21,5,0.21,5,0.21,5,0.20,5,0.23,5,0.20,5,0.22,5,0.21,5,0.23,5,0.22,5,0.23,5
510,James Rowswell,D,TOT,4,0.1,0.28,6,0.21,5,0.21,5,0.21,5,0.20,5,0.23,5,0.20,5,0.22,5,0.21,5,0.23,5,0.22,5,0.23,5
62,Bafodé Diakité,D,BOU,5,0.2,0.27,6,0.26,6,0.26,6,0.25,6,0.24,6,0.30,6,0.23,6,0.26,6,0.26,6,0.28,6,0.26,6,0.25,6
221,Joél Drakes-Thomas,M,CRY,4.5,0.1,0.27,6,0.37,9,0.38,8,0.36,9,0.38,9,0.34,9,0.38,8,0.37,8,0.36,8,0.36,8,0.41,8,0.33,8
273,Dillon Phillips,G,HUL,4,1.5,0.27,9,0.35,12,0.23,11,0.23,10,0.30,10,0.25,10,0.24,10,0.28,10,0.20,10,0.25,10,0.24,10,0.29,10
573,Juanlu Sánchez,D,BOU,4.5,0.2,0.27,6,0.21,5,0.22,5,0.22,5,0.20,5,0.25,5,0.20,5,0.23,5,0.23,5,0.25,5,0.22,5,0.22,5
215,Justin Devenny,M,CRY,5,0,0.26,7,0.42,11,0.46,10,0.43,11,0.46,11,0.40,11,0.45,11,0.42,11,0.43,11,0.45,11,0.53,11,0.40,11
120,Michael Svoboda,D,BHA,5,0.1,0.25,6,0.34,7,0.31,6,0.25,6,0.29,6,0.28,6,0.23,6,0.22,6,0.26,6,0.31,6,0.27,6,0.24,6
326,Lucas Perri,G,LEE,4.5,0.6,0.25,7,0.23,8,0.28,8,0.30,8,0.24,8,0.27,8,0.31,8,0.26,8,0.34,8,0.26,9,0.36,9,0.23,9
477,Zach Abbott,D,NFO,4,0.3,0.25,8,0.31,7,0.27,7,0.35,8,0.28,8,0.27,8,0.30,8,0.26,8,0.27,8,0.26,8,0.29,8,0.33,8
308,Darnell Furlong,D,IPS,4,0.6,0.24,9,1.43,54,1.53,55,1.68,56,2.10,58,1.09,58,2.14,58,2.32,58,1.79,58,1.98,59,2.09,59,2.09,59
609,Leo Shahar,D,NEW,4,0.1,0.24,6,0.31,7,0.27,7,0.36,7,0.29,6,0.29,6,0.25,6,0.29,6,0.26,6,0.25,6,0.24,6,0.26,6
150,Mamadou Sarr,D,CHE,4.5,0.1,0.22,4,0.21,5,0.26,5,0.20,5,0.22,5,0.21,5,0.23,5,0.21,5,0.22,5,0.22,5,0.22,5,0.22,5
207,Oscar Mingueza,D,CRY,4.5,0.1,0.22,6,0.37,9,0.44,9,0.37,9,0.45,9,0.34,9,0.42,9,0.42,9,0.38,9,0.43,9,0.53,9,0.34,9
587,Gerónimo Rulli,G,MCI,5,0,0.22,6,0.36,8,0.26,8,0.38,8,0.27,8,0.36,8,0.31,8,0.33,8,0.33,8,0.37,9,0.29,9,0.37,9
107,Kaye Furo,F,BRE,4.5,0.9,0.21,4,0.21,4,0.20,4,0.20,4,0.20,4,0.20,4,0.21,4,0.20,4,0.19,4,0.20,4,0.19,4,0.19,4
91,Ethan Pinnock,D,COV,4.5,0.1,0.20,5,0.16,5,0.18,5,0.00,0,0.00,0,0.00,0,0.00,0,0.00,0,0.00,0,0.00,0,0.00,0,0.00,0
396,Vitor Reis,D,MCI,4.5,0,0.20,5,0.33,7,0.25,6,0.29,6,0.22,6,0.27,6,0.24,6,0.25,6,0.25,6,0.26,6,0.22,6,0.27,6
168,Marc Guiu Paz,F,CHE,5,0.4,0.19,4,0.16,5,0.24,4,0.16,4,0.18,4,0.16,4,0.18,4,0.17,4,0.16,4,0.17,4,0.16,4,0.17,4
252,Alfie McNally,G,FUL,4,0.2,0.19,5,0.29,8,0.24,8,0.28,9,0.36,10,0.46,10,0.41,11,0.39,11,0.42,12,0.36,13,0.48,14,0.52,14
314,Chiedozie Ogbene,M,IPS,5,0,0.19,5,0.20,5,0.19,5,0.20,5,0.21,5,0.19,5,0.21,5,0.22,5,0.21,5,0.21,5,0.21,5,0.21,5
550,Djiamgone Jocelin Ta Bi,M,SUN,5,0,0.19,4,0.18,5,0.17,5,0.16,5,0.18,5,0.17,5,0.19,5,0.19,5,0.18,5,0.18,5,0.19,5,0.17,5
24,Reiss Nelson,M,ARS,5.5,0,0.18,4,0.17,4,0.16,4,0.16,4,0.17,4,0.16,4,0.17,4,0.16,4,0.19,4,0.17,4,0.16,4,0.16,4
100,Fábio Carvalho,M,BRE,5,0,0.17,4,0.18,4,0.16,4,0.17,4,0.16,4,0.17,4,0.18,4,0.17,4,0.16,4,0.17,4,0.16,4,0.15,4
170,Emmanuel Emegha,F,CHE,5,0.1,0.17,3,0.13,3,0.21,3,0.14,3,0.16,3,0.14,3,0.16,3,0.15,3,0.15,3,0.16,3,0.15,3,0.16,3
615,Michele Di Gregorio,G,BOU,4.5,0,0.17,4,0.31,10,0.36,11,0.37,11,0.37,12,0.53,13,0.37,13,0.50,13,0.48,14,0.55,14,0.49,14,0.49,14
251,Benjamin Lecomte,G,FUL,4,1.2,0.16,5,0.49,14,0.39,14,0.44,14,0.49,14,0.60,14,0.52,14,0.46,14,0.49,14,0.36,14,0.46,14,0.49,13
495,Brandon Austin,G,TOT,4,0.9,0.16,5,0.25,7,0.27,7,0.27,7,0.20,7,0.30,8,0.21,8,0.28,8,0.24,8,0.29,8,0.27,8,0.29,8
604,Alfie Cresswell,M,LEE,4.5,0.1,0.16,4,0.15,4,0.16,4,0.17,4,0.15,4,0.16,4,0.16,4,0.16,4,0.17,4,0.16,4,0.19,4,0.15,4
29,Marco Bizot,G,AVL,4.5,0.1,0.15,5,0.45,12,0.48,12,0.46,13,0.42,14,0.39,14,0.40,14,0.55,15,0.38,15,0.62,16,0.53,16,0.56,16
284,Cathal McCarthy,D,HUL,4,0.1,0.15,4,0.16,4,0.14,4,0.14,4,0.16,4,0.15,4,0.15,4,0.16,4,0.13,4,0.15,4,0.14,4,0.16,4
511,Souza,D,TOT,4,0.3,0.15,4,0.15,4,0.16,4,0.15,4,0.13,4,0.17,4,0.13,4,0.15,4,0.14,4,0.16,4,0.15,4,0.16,4
590,Steven Benda,G,NFO,4.5,0.1,0.15,5,0.24,6,0.23,7,0.29,7,0.25,8,0.25,8,0.29,8,0.25,8,0.26,8,0.27,9,0.30,9,0.36,9
205,Borna Sosa,D,CRY,4.5,0,0.14,4,0.23,6,0.27,6,0.22,6,0.27,6,0.21,6,0.23,6,0.25,6,0.22,6,0.25,6,0.30,6,0.20,6
300,Christian Walton,G,IPS,4.5,0.5,0.14,5,1.58,54,1.72,56,1.87,57,2.20,59,1.43,59,2.30,60,2.38,60,1.99,61,2.23,61,2.23,62,2.28,62
497,Martin Dubravka,G,TOT,4,18.5,0.14,4,0.22,6,0.24,6,0.24,6,0.18,6,0.27,6,0.19,6,0.24,7,0.21,7,0.28,7,0.25,7,0.26,7
531,Melker Ellborg,G,SUN,4.5,0.1,0.14,4,0.25,8,0.28,8,0.22,8,0.29,9,0.26,9,0.33,9,0.32,9,0.29,9,0.29,9,0.37,9,0.26,9
603,Jayden Lienou,D,LEE,4,0.1,0.14,3,0.13,3,0.14,3,0.16,4,0.13,4,0.14,4,0.16,4,0.14,4,0.17,4,0.14,4,0.18,4,0.13,4
352,Freddie Woodman,G,LIV,4,1.1,0.13,3,0.17,5,0.17,5,0.14,4,0.14,4,0.13,4,0.14,4,0.14,4,0.13,4,0.13,4,0.14,4,0.15,4
386,Marcus Bettinelli,G,MCI,4.5,0,0.13,3,0.19,4,0.15,5,0.21,5,0.16,5,0.21,5,0.19,5,0.19,5,0.20,5,0.22,5,0.16,5,0.21,5
325,Karl Darlow,G,MUN,4.5,0,0.13,3,0.18,5,0.14,4,0.15,4,0.18,4,0.15,4,0.15,4,0.13,4,0.16,4,0.13,4,0.15,4,0.14,4
2,Kepa Arrizabalaga Revuelta,G,ARS,5,0.1,0.12,3,0.28,7,0.32,8,0.26,8,0.31,8,0.30,8,0.33,8,0.27,8,0.34,8,0.28,8,0.28,8,0.28,8
171,Oliver Dovin,G,COV,4,1.5,0.12,3,0.15,6,0.20,7,0.22,7,0.24,7,0.25,8,0.27,8,0.32,8,0.25,8,0.30,9,0.28,10,0.35,10
443,Mark Gillespie,G,NEW,4.5,0,0.12,4,0.13,4,0.14,4,0.19,4,0.19,5,0.19,5,0.18,6,0.22,6,0.20,6,0.22,7,0.22,7,0.23,7
468,John Victor,G,NFO,4.5,0.1,0.11,4,0.27,7,0.24,7,0.30,7,0.24,7,0.24,7,0.26,7,0.22,7,0.22,7,0.22,7,0.24,7,0.29,7
111,Jason Steele,G,BHA,4,4,0.10,3,0.15,4,0.15,4,0.14,4,0.15,4,0.15,4,0.13,4,0.12,4,0.14,4,0.17,4,0.15,4,0.13,4
355,Harvey Davies,G,LIV,4,0.1,0.10,2,0.14,4,0.16,4,0.13,4,0.17,5,0.16,5,0.20,6,0.20,6,0.22,6,0.23,7,0.24,7,0.29,7
442,Nick Pope,G,NEW,5,1.3,0.10,3,0.94,28,0.96,29,1.34,30,1.17,31,1.22,32,1.05,32,1.27,33,1.13,33,1.09,33,0.99,33,1.08,33
444,Ewen Jaouen,G,NEW,4.5,0,0.10,3,0.58,19,0.59,20,0.84,20,0.72,21,0.74,21,0.66,21,0.79,22,0.70,22,0.68,22,0.61,22,0.68,22
118,Igor Julio,D,BHA,4.5,0.1,0.08,2,0.09,2,0.08,2,0.07,2,0.07,2,0.07,2,0.06,2,0.06,2,0.07,2,0.07,2,0.07,2,0.06,2
134,Nehemiah Oriola,M,BHA,4.5,0.3,0.07,2,0.08,2,0.07,2,0.06,2,0.06,1,0.06,1,0.06,1,0.06,1,0.06,1,0.07,1,0.06,1,0.06,1
561,Aaron Anselmino,D,CHE,4.5,0,0.07,1,0.06,2,0.08,2,0.06,1,0.06,1,0.06,1,0.07,1,0.06,1,0.06,1,0.06,1,0.06,1,0.06,1
301,Alex Palmer,G,IPS,4,4.5,0.07,2,0.08,3,0.08,3,0.09,3,0.10,3,0.08,3,0.11,3,0.11,3,0.10,3,0.10,3,0.11,3,0.11,3
351,Giorgi Mamardashvili,G,LIV,5,0.2,0.07,2,0.37,10,0.39,10,0.31,10,0.31,10,0.29,10,0.33,10,0.31,10,0.31,9,0.31,9,0.33,9,0.39,9
227,Mark Travers,G,EVE,5,0,0.06,2,0.23,7,0.26,7,0.27,7,0.28,7,0.23,7,0.21,7,0.22,7,0.29,7,0.21,7,0.23,7,0.24,7
199,Walter Benítez,G,CRY,4.5,0.1,0.05,2,0.21,6,0.26,6,0.21,6,0.26,6,0.19,6,0.22,6,0.24,6,0.21,6,0.24,6,0.28,6,0.20,6
58,Fraser Forster,G,BOU,4,3.2,0.04,1,0.08,3,0.08,2,0.08,2,0.07,2,0.08,2,0.06,2,0.07,2,0.07,2,0.08,2,0.07,2,0.07,2
555,Remi Matthews,G,CRY,4,1.8,0.04,1,0.14,4,0.16,4,0.14,4,0.16,4,0.13,4,0.15,4,0.16,4,0.14,4,0.16,4,0.19,4,0.13,4
302,David Button,G,IPS,4,0.4,0.04,2,0.05,2,0.05,2,0.05,2,0.06,2,0.05,2,0.06,2,0.07,2,0.06,2,0.06,2,0.06,2,0.06,2
172,Ben Wilson,G,COV,4.5,0.5,0.03,1,0.07,3,0.09,3,0.09,3,0.08,3,0.09,3,0.09,3,0.09,3,0.08,3,0.08,3,0.07,2,0.08,2
228,Tom King,G,EVE,4.5,0,0.03,1,0.09,3,0.10,3,0.11,3,0.12,3,0.10,3,0.09,3,0.09,3,0.12,3,0.09,3,0.10,3,0.10,3
382,Jayden Danns,F,LIV,4.5,0,0.02,1,0.27,5,0.33,6,0.34,6,0.36,7,0.38,7,0.41,8,0.38,8,0.41,8,0.43,8,0.42,8,0.45,8
518,Pape Matar Sarr,M,TOT,4.9,0.2,0.01,0,0.30,7,0.40,9,0.47,10,0.46,11,0.56,11,0.52,12,0.57,12,0.56,12,0.59,12,0.55,12,0.58,12
5,Jurriën Timber,D,ARS,6.5,0.1,0.00,0,0.63,15,0.84,19,0.86,22,1.11,24,1.11,25,1.25,26,1.07,27,1.59,27,1.14,27,1.12,27,1.10,27
6,William Saliba,D,ARS,6,0.3,0.00,0,1.12,23,1.68,32,1.72,39,2.30,44,2.42,49,2.75,51,2.34,55,3.34,56,2.53,56,2.46,56,2.40,56
18,Gabriel Martinelli,M,ARS,6.4,0.2,0.00,0,1.12,19,1.05,19,0.98,19,1.09,18,0.99,18,1.08,18,0.96,18,1.35,18,0.98,18,0.93,18,0.95,18
21,Christian Nørgaard,M,EVE,5,0.1,0.00,0,0.26,6,0.34,8,0.39,9,0.43,9,0.44,10,0.41,10,0.45,10,0.49,10,0.45,10,0.47,10,0.45,10
48,Amadou Onana,M,AVL,5,0,0.00,0,0.81,18,1.00,23,1.09,26,1.18,28,1.19,30,1.22,31,1.38,32,1.23,32,1.41,32,1.33,32,1.38,32
53,Johan Manzambi,M,AVL,6,0.2,0.00,0,0.77,15,0.88,19,0.97,22,1.05,23,1.07,25,1.08,26,1.24,26,1.07,26,1.29,27,1.22,27,1.25,27
54,João Gomes,M,AVL,5.5,0.1,0.00,0,0.89,21,1.13,27,1.28,31,1.41,35,1.44,37,1.49,39,1.69,41,1.57,41,1.74,42,1.67,42,1.73,42
55,Ollie Watkins,F,AVL,7.9,7.7,0.00,0,6.36,75,5.37,75,4.80,74,5.16,74,4.64,74,4.35,73,5.07,73,4.14,73,5.17,73,4.89,73,5.11,73
63,Veljko Milosavljevic,D,BOU,5,0,0.00,0,0.07,1,0.09,2,0.10,2,0.10,2,0.13,2,0.11,2,0.13,2,0.13,3,0.13,3,0.12,3,0.12,3
65,Julián Araujo Zúñiga,D,BOU,4.5,0,0.00,0,0.21,6,0.29,7,0.31,8,0.31,9,0.42,9,0.32,9,0.41,10,0.41,10,0.44,10,0.39,10,0.40,10
77,Amine Adli,M,BOU,5,0,0.00,0,0.41,7,0.56,9,0.61,10,0.63,11,0.73,11,0.66,12,0.75,12,0.75,12,0.79,12,0.71,12,0.74,12
78,Junior Kroupi,M,BOU,7.5,0.3,0.00,0,1.54,26,2.20,34,2.54,39,2.46,43,3.16,46,2.63,49,3.38,51,3.28,51,3.48,52,3.06,52,3.20,52
85,Sepp van den Berg,D,BRE,5,0.1,0.00,0,1.05,19,1.08,26,1.39,30,1.46,33,1.57,36,2.03,37,1.99,39,1.55,39,2.01,39,1.48,39,1.62,39
99,Antoni Milambo,M,BRE,5,0,0.00,0,0.31,7,0.37,9,0.44,10,0.46,11,0.50,11,0.55,12,0.55,12,0.51,12,0.54,12,0.50,12,0.50,12
101,Jordan Henderson,M,CHE,5,0,0.00,0,0.39,10,0.52,10,0.40,10,0.44,10,0.43,10,0.45,10,0.43,10,0.43,10,0.45,10,0.43,10,0.45,10
121,Mitoma Kaoru,M,BHA,6,0,0.00,0,1.19,24,1.56,30,1.26,33,1.69,35,1.96,37,1.67,39,1.57,40,2.03,40,2.45,40,2.13,40,1.84,40
122,Yankuba Minteh,M,BHA,6,0.1,0.00,0,1.24,27,1.58,33,1.37,37,1.72,39,2.00,42,1.76,43,1.70,45,2.11,45,2.48,45,2.22,45,1.92,45
123,Jack Hinshelwood,M,BHA,6,2.4,0.00,0,2.36,35,2.80,40,2.81,54,3.39,55,3.82,56,3.27,56,2.95,57,3.82,57,4.64,57,4.03,57,3.45,57
131,Carlos Baleba,M,MUN,5,0.2,0.00,0,0.29,7,0.37,9,0.42,10,0.48,11,0.47,12,0.50,12,0.50,12,0.53,13,0.51,12,0.52,12,0.52,12
137,Stefanos Tzimas,F,BHA,5.5,0,0.00,0,0.40,8,0.51,10,0.47,11,0.54,11,0.60,12,0.58,12,0.56,13,0.67,13,0.73,13,0.67,13,0.61,13
139,Evan Ferguson,F,BHA,5,0,0.00,0,0.41,8,0.53,10,0.47,10,0.58,11,0.65,12,0.59,12,0.58,12,0.68,12,0.77,12,0.70,12,0.63,12
177,Kaine Kesler-Hayden,D,COV,4,0.1,0.00,0,0.15,4,0.22,5,0.26,5,0.29,6,0.31,6,0.34,6,0.36,7,0.33,7,0.34,7,0.32,7,0.36,7
180,Luke Woolfenden,D,COV,4,0.2,0.00,0,0.15,5,0.24,7,0.28,8,0.32,8,0.35,9,0.38,9,0.42,10,0.36,10,0.39,10,0.35,10,0.43,10
193,Haji Wright,F,COV,5.5,0.1,0.00,0,0.65,14,1.03,19,1.18,22,1.47,25,1.43,27,1.62,28,1.71,29,1.57,29,1.72,29,1.56,29,1.88,29
206,Chadi Riad Dnanou,D,CRY,4.5,0,0.00,0,0.47,11,0.74,15,0.73,18,0.95,19,0.75,20,0.96,21,1.02,22,0.92,22,1.04,22,1.26,22,0.80,21
208,Ismaïla Sarr,M,CRY,6.4,2.5,0.00,0,1.30,24,2.27,32,2.14,39,2.71,42,2.35,45,3.13,47,2.87,49,3.07,50,3.29,50,4.41,50,2.66,49
240,Tim Iroegbunam,M,EVE,5,0,0.00,0,0.81,21,1.08,27,1.29,31,1.45,34,1.43,36,1.33,38,1.48,40,1.71,40,1.47,40,1.55,40,1.54,40
266,Tom Cairney,M,FUL,5,0,0.00,0,0.40,9,0.48,11,0.58,13,0.65,14,0.83,15,0.73,16,0.72,16,0.78,16,0.67,16,0.77,16,0.75,16
274,Jack Butland,G,HUL,4.5,0.1,0.00,0,0.70,24,0.63,30,0.77,35,1.15,39,1.04,41,1.06,43,1.42,45,0.91,46,1.17,46,1.13,46,1.42,47
278,Charlie Hughes,D,HUL,4,0.1,0.00,0,0.56,14,0.58,19,0.71,23,0.97,26,0.92,28,0.94,29,1.21,31,0.81,31,1.01,31,0.96,31,1.18,31
283,Matty Jacob,D,HUL,4,0,0.00,0,0.12,3,0.13,4,0.15,4,0.19,5,0.18,5,0.19,5,0.21,5,0.18,5,0.19,5,0.19,5,0.21,5
291,Eliot Matazo,M,HUL,4.5,0,0.00,0,0.13,3,0.16,3,0.19,4,0.21,4,0.22,5,0.23,5,0.25,5,0.21,5,0.23,5,0.22,5,0.24,5
294,Óscar Zambrano,M,HUL,4.5,0.1,0.00,0,0.35,9,0.42,12,0.50,13,0.56,15,0.57,15,0.60,16,0.67,16,0.57,17,0.62,17,0.61,17,0.64,17
297,Darko Gyabi,M,HUL,4.5,0,0.00,0,0.12,3,0.15,4,0.18,4,0.20,5,0.20,5,0.21,5,0.23,5,0.20,5,0.22,5,0.21,5,0.23,5
310,Azor Matusiwa,M,IPS,5,0,0.00,0,0.72,21,1.02,29,1.25,36,1.49,40,1.46,45,1.76,48,1.96,51,1.85,52,1.86,52,1.90,52,1.91,52
312,Jack Taylor,M,IPS,4.5,0,0.00,0,0.53,15,0.69,19,0.84,23,1.00,25,0.89,27,1.14,28,1.24,29,1.13,30,1.12,30,1.17,30,1.17,30
318,Jaden Philogene,M,IPS,5.5,0.1,0.00,0,0.76,14,0.96,18,1.12,20,1.34,23,1.16,24,1.48,25,1.77,26,1.56,27,1.54,27,1.67,27,1.64,27
340,Joe Gelhardt,M,HUL,5,0,0.00,0,0.83,16,0.96,21,1.16,24,1.42,27,1.36,29,1.55,30,1.81,31,1.22,31,1.57,31,1.49,31,1.65,31
344,Ilia Gruev,M,LEE,5,0,0.00,0,0.41,11,0.58,14,0.69,17,0.63,18,0.73,18,0.76,19,0.77,19,0.84,20,0.77,20,0.87,20,0.72,20
349,Mateo Joseph Fernández-Regatillo,F,LEE,4.5,0.1,0.00,0,0.37,8,0.51,11,0.62,13,0.57,14,0.67,14,0.69,15,0.70,15,0.74,15,0.69,15,0.78,15,0.65,15
354,Vitezslav Jaros,G,LIV,4,0,0.00,0,0.07,2,0.11,3,0.11,4,0.14,5,0.15,5,0.20,5,0.21,6,0.21,6,0.22,7,0.24,7,0.29,7
359,Joe Gomez,D,LIV,5,0,0.00,0,0.44,9,0.56,11,0.54,13,0.58,14,0.59,14,0.68,15,0.66,15,0.68,15,0.69,16,0.72,16,0.82,16
360,Conor Bradley,D,LIV,5,0,0.00,0,0.29,6,0.37,8,0.35,9,0.37,10,0.39,10,0.44,10,0.41,11,0.43,11,0.44,11,0.45,11,0.53,11
363,Giovanni Leoni,D,LIV,4,0,0.00,0,0.17,4,0.21,5,0.22,5,0.23,5,0.24,6,0.26,6,0.26,6,0.26,6,0.27,6,0.27,6,0.29,6
370,Federico Chiesa,M,LIV,5.5,0.1,0.00,0,0.24,4,0.30,5,0.32,6,0.33,6,0.35,6,0.37,7,0.35,7,0.38,7,0.39,7,0.38,7,0.41,7
376,Stefan Bajčetić Maquieira,M,LIV,5,0,0.00,0,0.28,6,0.34,7,0.36,8,0.38,8,0.39,9,0.42,9,0.40,9,0.42,9,0.43,9,0.43,9,0.45,9
380,Hugo Ekitiké,F,LIV,7.5,0.1,0.00,0,1.12,17,1.48,22,1.53,25,1.65,28,1.80,30,2.11,31,1.64,33,2.07,33,2.22,33,2.10,33,2.33,33
383,Harvey Elliott,M,LIV,5.5,0.1,0.00,0,2.14,43,2.05,42,1.80,42,1.71,41,1.75,41,1.85,41,1.58,41,1.76,40,1.80,41,1.78,41,1.99,41
400,Jérémy Doku,M,MCI,7.5,1.3,0.00,0,1.80,28,1.74,36,2.23,38,2.10,41,2.74,44,2.48,45,2.57,47,2.53,47,2.79,47,2.04,47,2.76,47
414,Tom Heaton,G,MUN,4,0.1,0.00,0,0.19,5,0.20,6,0.25,7,0.33,8,0.28,8,0.29,8,0.26,8,0.34,8,0.27,8,0.29,8,0.27,8
416,Matthijs de Ligt,D,MUN,5,0,0.00,0,0.26,6,0.32,7,0.38,8,0.46,8,0.41,9,0.45,9,0.43,9,0.49,9,0.42,9,0.46,9,0.44,9
431,Amad Diallo,M,MUN,5.9,1,0.00,0,0.94,21,1.23,28,2.32,50,2.77,52,2.42,53,2.70,53,2.42,54,2.85,54,2.35,54,2.70,54,2.51,54
433,Manuel Ugarte Ribeiro,M,MUN,5,0,0.00,0,0.14,3,0.17,4,0.19,4,0.22,4,0.22,5,0.24,5,0.23,5,0.25,5,0.23,5,0.24,5,0.24,5
448,Dan Burn,D,NEW,5,1.7,0.00,0,1.04,24,1.24,31,1.98,36,1.77,39,1.90,41,1.67,43,2.05,44,1.82,45,1.68,45,1.59,45,1.75,45
450,Tino Livramento,D,NEW,5,0,0.00,0,0.73,19,0.86,23,1.34,27,1.19,29,1.25,30,1.11,31,1.35,32,1.19,32,1.11,32,1.05,32,1.15,32
458,Joelinton,M,NEW,5.5,0,0.00,0,1.13,28,1.36,35,2.14,41,1.93,44,2.06,47,1.93,49,2.20,51,2.00,51,1.83,51,1.90,51,2.05,51
465,William Osula,F,NEW,6,1,0.00,0,1.46,24,1.72,30,3.01,35,2.49,38,2.74,41,2.47,43,2.88,44,2.62,45,2.13,45,2.48,45,2.83,45
475,Nicolò Savona,D,NFO,4.5,0,0.00,0,0.25,6,0.29,7,0.43,9,0.37,10,0.38,10,0.44,11,0.39,11,0.41,11,0.40,11,0.44,11,0.51,11
488,Ibrahim Sangaré,M,NFO,5,0.9,0.00,0,0.59,14,0.76,18,1.70,36,1.48,36,1.39,36,1.53,36,1.41,35,1.42,35,1.43,35,1.51,35,1.64,35
513,Xavi Simons,M,TOT,6,0,0.00,0,0.64,11,0.89,15,1.06,17,0.95,19,1.36,20,1.11,21,1.32,22,1.20,22,1.43,22,1.21,22,1.30,22
517,Wilson Odobert,M,TOT,5.5,0,0.00,0,0.34,8,0.46,10,0.54,11,0.51,12,0.67,13,0.58,13,0.66,14,0.61,14,0.71,14,0.63,14,0.66,14
521,Dejan Kulusevski,M,TOT,6.5,0,0.00,0,0.24,5,0.31,7,0.36,8,0.35,8,0.47,9,0.39,9,0.46,9,0.43,9,0.46,9,0.43,9,0.46,9
546,Simon Adingra,M,SUN,5,0.1,0.00,0,0.48,11,0.57,14,0.65,15,0.78,16,0.81,17,0.89,18,0.97,19,0.93,19,0.88,19,0.98,19,0.85,19
582,Brian Madjo,F,AVL,5.5,0.4,0.00,0,1.33,23,1.58,30,1.77,35,2.04,38,2.06,41,2.01,43,2.44,45,2.10,45,2.48,45,2.44,45,2.47,45
612,Dayann Méthalie,D,SUN,4.5,0,0.00,0,0.39,11,0.53,15,0.55,17,0.73,19,0.69,20,0.86,21,0.88,21,0.83,22,0.84,22,1.03,23,0.74,23
